--- uvicorn server log ---
/Users/lazytrot/work/uvicorn-rs/.venv/lib/python3.12/site-packages/uvicorn/protocols/websockets/websockets_impl.py:41: UvicornDeprecationWarning: The `websockets` implementation is deprecated, and `--ws websockets` will point at the `websockets-sansio` implementation in a future release. Use `--ws websockets-sansio` or `--ws auto` to switch now.
  warnings.warn(
ERROR:    Exception in ASGI application
Traceback (most recent call last):
  File "/Users/lazytrot/work/uvicorn-rs/.venv/lib/python3.12/site-packages/uvicorn/protocols/http/httptools_impl.py", line 422, in run_asgi
    result = await app(  # type: ignore[func-returns-value]
             ^^^^^^^^^^^^^^^^^^^^^^^^^^^^^^^^^^^^^^^^^^^^^^
  File "/Users/lazytrot/work/uvicorn-rs/.venv/lib/python3.12/site-packages/uvicorn/middleware/proxy_headers.py", line 63, in __call__
    return await self.app(scope, receive, send)
           ^^^^^^^^^^^^^^^^^^^^^^^^^^^^^^^^^^^^
  File "/Users/lazytrot/work/uvicorn-rs/tests/parity/app.py", line 874, in _app_impl
    raise RuntimeError("parity exception sentinel")
RuntimeError: parity exception sentinel
ERROR:    Exception in ASGI application
Traceback (most recent call last):
  File "/Users/lazytrot/work/uvicorn-rs/.venv/lib/python3.12/site-packages/uvicorn/protocols/http/httptools_impl.py", line 422, in run_asgi
    result = await app(  # type: ignore[func-returns-value]
             ^^^^^^^^^^^^^^^^^^^^^^^^^^^^^^^^^^^^^^^^^^^^^^
  File "/Users/lazytrot/work/uvicorn-rs/.venv/lib/python3.12/site-packages/uvicorn/middleware/proxy_headers.py", line 63, in __call__
    return await self.app(scope, receive, send)
                 ^^^^^^^^^^^^^^^^^^^^^^^^^^^^^^
  File "/Users/lazytrot/work/uvicorn-rs/tests/parity/app.py", line 1097, in app
    raise RuntimeError("parity synchronous HTTP callable sentinel")
RuntimeError: parity synchronous HTTP callable sentinel
ERROR:    Exception in ASGI application
Traceback (most recent call last):
  File "/Users/lazytrot/work/uvicorn-rs/.venv/lib/python3.12/site-packages/uvicorn/protocols/http/httptools_impl.py", line 422, in run_asgi
    result = await app(  # type: ignore[func-returns-value]
             ^^^^^^^^^^^^^^^^^^^^^^^^^^^^^^^^^^^^^^^^^^^^^^
  File "/Users/lazytrot/work/uvicorn-rs/.venv/lib/python3.12/site-packages/uvicorn/middleware/proxy_headers.py", line 63, in __call__
    return await self.app(scope, receive, send)
           ^^^^^^^^^^^^^^^^^^^^^^^^^^^^^^^^^^^^
  File "/Users/lazytrot/work/uvicorn-rs/tests/parity/app.py", line 877, in _app_impl
    await receive(None)
          ^^^^^^^^^^^^^
TypeError: RequestResponseCycle.receive() takes 1 positional argument but 2 were given
ERROR:    Exception in ASGI application
Traceback (most recent call last):
  File "/Users/lazytrot/work/uvicorn-rs/.venv/lib/python3.12/site-packages/uvicorn/protocols/http/httptools_impl.py", line 422, in run_asgi
    result = await app(  # type: ignore[func-returns-value]
             ^^^^^^^^^^^^^^^^^^^^^^^^^^^^^^^^^^^^^^^^^^^^^^
  File "/Users/lazytrot/work/uvicorn-rs/.venv/lib/python3.12/site-packages/uvicorn/middleware/proxy_headers.py", line 63, in __call__
    return await self.app(scope, receive, send)
           ^^^^^^^^^^^^^^^^^^^^^^^^^^^^^^^^^^^^
  File "/Users/lazytrot/work/uvicorn-rs/tests/parity/app.py", line 521, in _app_impl
    await send({"status": 200})
  File "/Users/lazytrot/work/uvicorn-rs/.venv/lib/python3.12/site-packages/uvicorn/protocols/http/httptools_impl.py", line 472, in send
    if message["type"] != "http.response.start":
       ~~~~~~~^^^^^^^^
KeyError: 'type'
ERROR:    Exception in ASGI application
Traceback (most recent call last):
  File "/Users/lazytrot/work/uvicorn-rs/.venv/lib/python3.12/site-packages/uvicorn/protocols/http/httptools_impl.py", line 422, in run_asgi
    result = await app(  # type: ignore[func-returns-value]
             ^^^^^^^^^^^^^^^^^^^^^^^^^^^^^^^^^^^^^^^^^^^^^^
  File "/Users/lazytrot/work/uvicorn-rs/.venv/lib/python3.12/site-packages/uvicorn/middleware/proxy_headers.py", line 63, in __call__
    return await self.app(scope, receive, send)
           ^^^^^^^^^^^^^^^^^^^^^^^^^^^^^^^^^^^^
  File "/Users/lazytrot/work/uvicorn-rs/tests/parity/app.py", line 525, in _app_impl
    await send({"type": "http.response.trailers"})
  File "/Users/lazytrot/work/uvicorn-rs/.venv/lib/python3.12/site-packages/uvicorn/protocols/http/httptools_impl.py", line 473, in send
    raise RuntimeError(f"Expected ASGI message 'http.response.start', but got '{message['type']}'.")
RuntimeError: Expected ASGI message 'http.response.start', but got 'http.response.trailers'.
ERROR:    Exception in ASGI application
Traceback (most recent call last):
  File "/Users/lazytrot/work/uvicorn-rs/.venv/lib/python3.12/site-packages/uvicorn/protocols/http/httptools_impl.py", line 422, in run_asgi
    result = await app(  # type: ignore[func-returns-value]
             ^^^^^^^^^^^^^^^^^^^^^^^^^^^^^^^^^^^^^^^^^^^^^^
  File "/Users/lazytrot/work/uvicorn-rs/.venv/lib/python3.12/site-packages/uvicorn/middleware/proxy_headers.py", line 63, in __call__
    return await self.app(scope, receive, send)
           ^^^^^^^^^^^^^^^^^^^^^^^^^^^^^^^^^^^^
  File "/Users/lazytrot/work/uvicorn-rs/tests/parity/app.py", line 617, in _app_impl
    await send({"type": "http.response.body", "body": b"before-start"})
  File "/Users/lazytrot/work/uvicorn-rs/.venv/lib/python3.12/site-packages/uvicorn/protocols/http/httptools_impl.py", line 473, in send
    raise RuntimeError(f"Expected ASGI message 'http.response.start', but got '{message['type']}'.")
RuntimeError: Expected ASGI message 'http.response.start', but got 'http.response.body'.
ERROR:    Exception in ASGI application
Traceback (most recent call last):
  File "/Users/lazytrot/work/uvicorn-rs/.venv/lib/python3.12/site-packages/uvicorn/protocols/http/httptools_impl.py", line 422, in run_asgi
    result = await app(  # type: ignore[func-returns-value]
             ^^^^^^^^^^^^^^^^^^^^^^^^^^^^^^^^^^^^^^^^^^^^^^
  File "/Users/lazytrot/work/uvicorn-rs/.venv/lib/python3.12/site-packages/uvicorn/middleware/proxy_headers.py", line 63, in __call__
    return await self.app(scope, receive, send)
           ^^^^^^^^^^^^^^^^^^^^^^^^^^^^^^^^^^^^
  File "/Users/lazytrot/work/uvicorn-rs/tests/parity/app.py", line 631, in _app_impl
    await send(
  File "/Users/lazytrot/work/uvicorn-rs/.venv/lib/python3.12/site-packages/uvicorn/protocols/http/httptools_impl.py", line 497, in send
    raise RuntimeError("Invalid HTTP header name.")  # pragma: full coverage
    ^^^^^^^^^^^^^^^^^^^^^^^^^^^^^^^^^^^^^^^^^^^^^^^
RuntimeError: Invalid HTTP header name.
ERROR:    Exception in ASGI application
Traceback (most recent call last):
  File "/Users/lazytrot/work/uvicorn-rs/.venv/lib/python3.12/site-packages/uvicorn/protocols/http/httptools_impl.py", line 422, in run_asgi
    result = await app(  # type: ignore[func-returns-value]
             ^^^^^^^^^^^^^^^^^^^^^^^^^^^^^^^^^^^^^^^^^^^^^^
  File "/Users/lazytrot/work/uvicorn-rs/.venv/lib/python3.12/site-packages/uvicorn/middleware/proxy_headers.py", line 63, in __call__
    return await self.app(scope, receive, send)
           ^^^^^^^^^^^^^^^^^^^^^^^^^^^^^^^^^^^^
  File "/Users/lazytrot/work/uvicorn-rs/tests/parity/app.py", line 642, in _app_impl
    await send(
  File "/Users/lazytrot/work/uvicorn-rs/.venv/lib/python3.12/site-packages/uvicorn/protocols/http/httptools_impl.py", line 499, in send
    raise RuntimeError("Invalid HTTP header value.")
RuntimeError: Invalid HTTP header value.
ERROR:    Exception in ASGI application
Traceback (most recent call last):
  File "/Users/lazytrot/work/uvicorn-rs/.venv/lib/python3.12/site-packages/uvicorn/protocols/http/httptools_impl.py", line 422, in run_asgi
    result = await app(  # type: ignore[func-returns-value]
             ^^^^^^^^^^^^^^^^^^^^^^^^^^^^^^^^^^^^^^^^^^^^^^
  File "/Users/lazytrot/work/uvicorn-rs/.venv/lib/python3.12/site-packages/uvicorn/middleware/proxy_headers.py", line 63, in __call__
    return await self.app(scope, receive, send)
           ^^^^^^^^^^^^^^^^^^^^^^^^^^^^^^^^^^^^
  File "/Users/lazytrot/work/uvicorn-rs/tests/parity/app.py", line 559, in _app_impl
    await send({"type": 42})
  File "/Users/lazytrot/work/uvicorn-rs/.venv/lib/python3.12/site-packages/uvicorn/protocols/http/httptools_impl.py", line 473, in send
    raise RuntimeError(f"Expected ASGI message 'http.response.start', but got '{message['type']}'.")
RuntimeError: Expected ASGI message 'http.response.start', but got '42'.
ERROR:    Exception in ASGI application
Traceback (most recent call last):
  File "/Users/lazytrot/work/uvicorn-rs/.venv/lib/python3.12/site-packages/uvicorn/protocols/http/httptools_impl.py", line 422, in run_asgi
    result = await app(  # type: ignore[func-returns-value]
             ^^^^^^^^^^^^^^^^^^^^^^^^^^^^^^^^^^^^^^^^^^^^^^
  File "/Users/lazytrot/work/uvicorn-rs/.venv/lib/python3.12/site-packages/uvicorn/middleware/proxy_headers.py", line 63, in __call__
    return await self.app(scope, receive, send)
           ^^^^^^^^^^^^^^^^^^^^^^^^^^^^^^^^^^^^
  File "/Users/lazytrot/work/uvicorn-rs/tests/parity/app.py", line 613, in _app_impl
    await send({"type": "http.response.start", "headers": []})
  File "/Users/lazytrot/work/uvicorn-rs/.venv/lib/python3.12/site-packages/uvicorn/protocols/http/httptools_impl.py", line 478, in send
    status_code = message["status"]
                  ~~~~~~~^^^^^^^^^^
KeyError: 'status'
ERROR:    Exception in ASGI application
Traceback (most recent call last):
  File "/Users/lazytrot/work/uvicorn-rs/.venv/lib/python3.12/site-packages/uvicorn/protocols/http/httptools_impl.py", line 422, in run_asgi
    result = await app(  # type: ignore[func-returns-value]
             ^^^^^^^^^^^^^^^^^^^^^^^^^^^^^^^^^^^^^^^^^^^^^^
  File "/Users/lazytrot/work/uvicorn-rs/.venv/lib/python3.12/site-packages/uvicorn/middleware/proxy_headers.py", line 63, in __call__
    return await self.app(scope, receive, send)
           ^^^^^^^^^^^^^^^^^^^^^^^^^^^^^^^^^^^^
  File "/Users/lazytrot/work/uvicorn-rs/tests/parity/app.py", line 577, in _app_impl
    await send({"type": "http.response.start", "status": 99, "headers": []})
  File "/Users/lazytrot/work/uvicorn-rs/.venv/lib/python3.12/site-packages/uvicorn/protocols/http/httptools_impl.py", line 492, in send
    content = [STATUS_LINE[status_code]]
               ~~~~~~~~~~~^^^^^^^^^^^^^
KeyError: 99
ERROR:    Exception in ASGI application
Traceback (most recent call last):
  File "/Users/lazytrot/work/uvicorn-rs/.venv/lib/python3.12/site-packages/uvicorn/protocols/http/httptools_impl.py", line 422, in run_asgi
    result = await app(  # type: ignore[func-returns-value]
             ^^^^^^^^^^^^^^^^^^^^^^^^^^^^^^^^^^^^^^^^^^^^^^
  File "/Users/lazytrot/work/uvicorn-rs/.venv/lib/python3.12/site-packages/uvicorn/middleware/proxy_headers.py", line 63, in __call__
    return await self.app(scope, receive, send)
           ^^^^^^^^^^^^^^^^^^^^^^^^^^^^^^^^^^^^
  File "/Users/lazytrot/work/uvicorn-rs/tests/parity/app.py", line 581, in _app_impl
    await send({"type": "http.response.start", "status": "200", "headers": []})
  File "/Users/lazytrot/work/uvicorn-rs/.venv/lib/python3.12/site-packages/uvicorn/protocols/http/httptools_impl.py", line 492, in send
    content = [STATUS_LINE[status_code]]
               ~~~~~~~~~~~^^^^^^^^^^^^^
KeyError: '200'
ERROR:    Exception in ASGI application
Traceback (most recent call last):
  File "/Users/lazytrot/work/uvicorn-rs/.venv/lib/python3.12/site-packages/uvicorn/protocols/http/httptools_impl.py", line 422, in run_asgi
    result = await app(  # type: ignore[func-returns-value]
             ^^^^^^^^^^^^^^^^^^^^^^^^^^^^^^^^^^^^^^^^^^^^^^
  File "/Users/lazytrot/work/uvicorn-rs/.venv/lib/python3.12/site-packages/uvicorn/middleware/proxy_headers.py", line 63, in __call__
    return await self.app(scope, receive, send)
           ^^^^^^^^^^^^^^^^^^^^^^^^^^^^^^^^^^^^
  File "/Users/lazytrot/work/uvicorn-rs/tests/parity/app.py", line 585, in _app_impl
    await send({"type": "http.response.start", "status": 200, "headers": 42})
  File "/Users/lazytrot/work/uvicorn-rs/.venv/lib/python3.12/site-packages/uvicorn/protocols/http/httptools_impl.py", line 479, in send
    headers = self.default_headers + list(message.get("headers", []))
                                     ^^^^^^^^^^^^^^^^^^^^^^^^^^^^^^^^
TypeError: 'int' object is not iterable
ERROR:    Exception in ASGI application
Traceback (most recent call last):
  File "/Users/lazytrot/work/uvicorn-rs/.venv/lib/python3.12/site-packages/uvicorn/protocols/http/httptools_impl.py", line 422, in run_asgi
    result = await app(  # type: ignore[func-returns-value]
             ^^^^^^^^^^^^^^^^^^^^^^^^^^^^^^^^^^^^^^^^^^^^^^
  File "/Users/lazytrot/work/uvicorn-rs/.venv/lib/python3.12/site-packages/uvicorn/middleware/proxy_headers.py", line 63, in __call__
    return await self.app(scope, receive, send)
           ^^^^^^^^^^^^^^^^^^^^^^^^^^^^^^^^^^^^
  File "/Users/lazytrot/work/uvicorn-rs/tests/parity/app.py", line 604, in _app_impl
    await send({"type": "http.response.body", "body": "not-bytes", "more_body": False})
  File "/Users/lazytrot/work/uvicorn-rs/.venv/lib/python3.12/site-packages/uvicorn/protocols/http/httptools_impl.py", line 544, in send
    self.transport.write(b"".join(content))
                         ^^^^^^^^^^^^^^^^^
TypeError: sequence item 1: expected a bytes-like object, str found
ERROR:    Exception in ASGI application
Traceback (most recent call last):
  File "/Users/lazytrot/work/uvicorn-rs/.venv/lib/python3.12/site-packages/uvicorn/protocols/http/httptools_impl.py", line 422, in run_asgi
    result = await app(  # type: ignore[func-returns-value]
             ^^^^^^^^^^^^^^^^^^^^^^^^^^^^^^^^^^^^^^^^^^^^^^
  File "/Users/lazytrot/work/uvicorn-rs/.venv/lib/python3.12/site-packages/uvicorn/middleware/proxy_headers.py", line 63, in __call__
    return await self.app(scope, receive, send)
           ^^^^^^^^^^^^^^^^^^^^^^^^^^^^^^^^^^^^
  File "/Users/lazytrot/work/uvicorn-rs/tests/parity/app.py", line 590, in _app_impl
    await send({"type": "http.response.start", "status": 201, "headers": []})
  File "/Users/lazytrot/work/uvicorn-rs/.venv/lib/python3.12/site-packages/uvicorn/protocols/http/httptools_impl.py", line 529, in send
    raise RuntimeError(f"Expected ASGI message 'http.response.body', but got '{message['type']}'.")
RuntimeError: Expected ASGI message 'http.response.body', but got 'http.response.start'.
ERROR:    Exception in ASGI application
Traceback (most recent call last):
  File "/Users/lazytrot/work/uvicorn-rs/.venv/lib/python3.12/site-packages/uvicorn/protocols/http/httptools_impl.py", line 422, in run_asgi
    result = await app(  # type: ignore[func-returns-value]
             ^^^^^^^^^^^^^^^^^^^^^^^^^^^^^^^^^^^^^^^^^^^^^^
  File "/Users/lazytrot/work/uvicorn-rs/.venv/lib/python3.12/site-packages/uvicorn/middleware/proxy_headers.py", line 63, in __call__
    return await self.app(scope, receive, send)
           ^^^^^^^^^^^^^^^^^^^^^^^^^^^^^^^^^^^^
  File "/Users/lazytrot/work/uvicorn-rs/tests/parity/app.py", line 595, in _app_impl
    raise RuntimeError("parity response-start exception sentinel")
RuntimeError: parity response-start exception sentinel
ERROR:    ASGI callable returned without completing response.
ERROR:    Exception in ASGI application
Traceback (most recent call last):
  File "/Users/lazytrot/work/uvicorn-rs/.venv/lib/python3.12/site-packages/uvicorn/protocols/http/httptools_impl.py", line 422, in run_asgi
    result = await app(  # type: ignore[func-returns-value]
             ^^^^^^^^^^^^^^^^^^^^^^^^^^^^^^^^^^^^^^^^^^^^^^
  File "/Users/lazytrot/work/uvicorn-rs/.venv/lib/python3.12/site-packages/uvicorn/middleware/proxy_headers.py", line 63, in __call__
    return await self.app(scope, receive, send)
           ^^^^^^^^^^^^^^^^^^^^^^^^^^^^^^^^^^^^
  File "/Users/lazytrot/work/uvicorn-rs/tests/parity/app.py", line 610, in _app_impl
    raise RuntimeError("parity final-body exception sentinel")
RuntimeError: parity final-body exception sentinel
ERROR:    Exception in ASGI application
Traceback (most recent call last):
  File "/Users/lazytrot/work/uvicorn-rs/.venv/lib/python3.12/site-packages/uvicorn/protocols/http/httptools_impl.py", line 422, in run_asgi
    result = await app(  # type: ignore[func-returns-value]
             ^^^^^^^^^^^^^^^^^^^^^^^^^^^^^^^^^^^^^^^^^^^^^^
  File "/Users/lazytrot/work/uvicorn-rs/.venv/lib/python3.12/site-packages/uvicorn/middleware/proxy_headers.py", line 63, in __call__
    return await self.app(scope, receive, send)
           ^^^^^^^^^^^^^^^^^^^^^^^^^^^^^^^^^^^^
  File "/Users/lazytrot/work/uvicorn-rs/tests/parity/app.py", line 573, in _app_impl
    await send({"type": wrong_context_events[event_name]})
  File "/Users/lazytrot/work/uvicorn-rs/.venv/lib/python3.12/site-packages/uvicorn/protocols/http/httptools_impl.py", line 473, in send
    raise RuntimeError(f"Expected ASGI message 'http.response.start', but got '{message['type']}'.")
RuntimeError: Expected ASGI message 'http.response.start', but got 'websocket.accept'.
ERROR:    Exception in ASGI application
Traceback (most recent call last):
  File "/Users/lazytrot/work/uvicorn-rs/.venv/lib/python3.12/site-packages/uvicorn/protocols/http/httptools_impl.py", line 422, in run_asgi
    result = await app(  # type: ignore[func-returns-value]
             ^^^^^^^^^^^^^^^^^^^^^^^^^^^^^^^^^^^^^^^^^^^^^^
  File "/Users/lazytrot/work/uvicorn-rs/.venv/lib/python3.12/site-packages/uvicorn/middleware/proxy_headers.py", line 63, in __call__
    return await self.app(scope, receive, send)
           ^^^^^^^^^^^^^^^^^^^^^^^^^^^^^^^^^^^^
  File "/Users/lazytrot/work/uvicorn-rs/tests/parity/app.py", line 573, in _app_impl
    await send({"type": wrong_context_events[event_name]})
  File "/Users/lazytrot/work/uvicorn-rs/.venv/lib/python3.12/site-packages/uvicorn/protocols/http/httptools_impl.py", line 473, in send
    raise RuntimeError(f"Expected ASGI message 'http.response.start', but got '{message['type']}'.")
RuntimeError: Expected ASGI message 'http.response.start', but got 'websocket.close'.
ERROR:    Exception in ASGI application
Traceback (most recent call last):
  File "/Users/lazytrot/work/uvicorn-rs/.venv/lib/python3.12/site-packages/uvicorn/protocols/http/httptools_impl.py", line 422, in run_asgi
    result = await app(  # type: ignore[func-returns-value]
             ^^^^^^^^^^^^^^^^^^^^^^^^^^^^^^^^^^^^^^^^^^^^^^
  File "/Users/lazytrot/work/uvicorn-rs/.venv/lib/python3.12/site-packages/uvicorn/middleware/proxy_headers.py", line 63, in __call__
    return await self.app(scope, receive, send)
           ^^^^^^^^^^^^^^^^^^^^^^^^^^^^^^^^^^^^
  File "/Users/lazytrot/work/uvicorn-rs/tests/parity/app.py", line 573, in _app_impl
    await send({"type": wrong_context_events[event_name]})
  File "/Users/lazytrot/work/uvicorn-rs/.venv/lib/python3.12/site-packages/uvicorn/protocols/http/httptools_impl.py", line 473, in send
    raise RuntimeError(f"Expected ASGI message 'http.response.start', but got '{message['type']}'.")
RuntimeError: Expected ASGI message 'http.response.start', but got 'websocket.send'.
ERROR:    Exception in ASGI application
Traceback (most recent call last):
  File "/Users/lazytrot/work/uvicorn-rs/.venv/lib/python3.12/site-packages/uvicorn/protocols/http/httptools_impl.py", line 422, in run_asgi
    result = await app(  # type: ignore[func-returns-value]
             ^^^^^^^^^^^^^^^^^^^^^^^^^^^^^^^^^^^^^^^^^^^^^^
  File "/Users/lazytrot/work/uvicorn-rs/.venv/lib/python3.12/site-packages/uvicorn/middleware/proxy_headers.py", line 63, in __call__
    return await self.app(scope, receive, send)
           ^^^^^^^^^^^^^^^^^^^^^^^^^^^^^^^^^^^^
  File "/Users/lazytrot/work/uvicorn-rs/tests/parity/app.py", line 573, in _app_impl
    await send({"type": wrong_context_events[event_name]})
  File "/Users/lazytrot/work/uvicorn-rs/.venv/lib/python3.12/site-packages/uvicorn/protocols/http/httptools_impl.py", line 473, in send
    raise RuntimeError(f"Expected ASGI message 'http.response.start', but got '{message['type']}'.")
RuntimeError: Expected ASGI message 'http.response.start', but got 'lifespan.startup.complete'.
ERROR:    Exception in ASGI application
Traceback (most recent call last):
  File "/Users/lazytrot/work/uvicorn-rs/.venv/lib/python3.12/site-packages/uvicorn/protocols/http/httptools_impl.py", line 422, in run_asgi
    result = await app(  # type: ignore[func-returns-value]
             ^^^^^^^^^^^^^^^^^^^^^^^^^^^^^^^^^^^^^^^^^^^^^^
  File "/Users/lazytrot/work/uvicorn-rs/.venv/lib/python3.12/site-packages/uvicorn/middleware/proxy_headers.py", line 63, in __call__
    return await self.app(scope, receive, send)
           ^^^^^^^^^^^^^^^^^^^^^^^^^^^^^^^^^^^^
  File "/Users/lazytrot/work/uvicorn-rs/tests/parity/app.py", line 573, in _app_impl
    await send({"type": wrong_context_events[event_name]})
  File "/Users/lazytrot/work/uvicorn-rs/.venv/lib/python3.12/site-packages/uvicorn/protocols/http/httptools_impl.py", line 473, in send
    raise RuntimeError(f"Expected ASGI message 'http.response.start', but got '{message['type']}'.")
RuntimeError: Expected ASGI message 'http.response.start', but got 'lifespan.startup.failed'.
ERROR:    Exception in ASGI application
Traceback (most recent call last):
  File "/Users/lazytrot/work/uvicorn-rs/.venv/lib/python3.12/site-packages/uvicorn/protocols/http/httptools_impl.py", line 422, in run_asgi
    result = await app(  # type: ignore[func-returns-value]
             ^^^^^^^^^^^^^^^^^^^^^^^^^^^^^^^^^^^^^^^^^^^^^^
  File "/Users/lazytrot/work/uvicorn-rs/.venv/lib/python3.12/site-packages/uvicorn/middleware/proxy_headers.py", line 63, in __call__
    return await self.app(scope, receive, send)
           ^^^^^^^^^^^^^^^^^^^^^^^^^^^^^^^^^^^^
  File "/Users/lazytrot/work/uvicorn-rs/tests/parity/app.py", line 573, in _app_impl
    await send({"type": wrong_context_events[event_name]})
  File "/Users/lazytrot/work/uvicorn-rs/.venv/lib/python3.12/site-packages/uvicorn/protocols/http/httptools_impl.py", line 473, in send
    raise RuntimeError(f"Expected ASGI message 'http.response.start', but got '{message['type']}'.")
RuntimeError: Expected ASGI message 'http.response.start', but got 'lifespan.shutdown.complete'.
ERROR:    Exception in ASGI application
Traceback (most recent call last):
  File "/Users/lazytrot/work/uvicorn-rs/.venv/lib/python3.12/site-packages/uvicorn/protocols/http/httptools_impl.py", line 422, in run_asgi
    result = await app(  # type: ignore[func-returns-value]
             ^^^^^^^^^^^^^^^^^^^^^^^^^^^^^^^^^^^^^^^^^^^^^^
  File "/Users/lazytrot/work/uvicorn-rs/.venv/lib/python3.12/site-packages/uvicorn/middleware/proxy_headers.py", line 63, in __call__
    return await self.app(scope, receive, send)
           ^^^^^^^^^^^^^^^^^^^^^^^^^^^^^^^^^^^^
  File "/Users/lazytrot/work/uvicorn-rs/tests/parity/app.py", line 573, in _app_impl
    await send({"type": wrong_context_events[event_name]})
  File "/Users/lazytrot/work/uvicorn-rs/.venv/lib/python3.12/site-packages/uvicorn/protocols/http/httptools_impl.py", line 473, in send
    raise RuntimeError(f"Expected ASGI message 'http.response.start', but got '{message['type']}'.")
RuntimeError: Expected ASGI message 'http.response.start', but got 'lifespan.shutdown.failed'.
ERROR:    ASGI callable returned without starting response.
ERROR:    Exception in ASGI application
Traceback (most recent call last):
  File "/Users/lazytrot/work/uvicorn-rs/.venv/lib/python3.12/site-packages/uvicorn/protocols/http/httptools_impl.py", line 422, in run_asgi
    result = await app(  # type: ignore[func-returns-value]
             ^^^^^^^^^^^^^^^^^^^^^^^^^^^^^^^^^^^^^^^^^^^^^^
  File "/Users/lazytrot/work/uvicorn-rs/.venv/lib/python3.12/site-packages/uvicorn/middleware/proxy_headers.py", line 63, in __call__
    return await self.app(scope, receive, send)
           ^^^^^^^^^^^^^^^^^^^^^^^^^^^^^^^^^^^^
  File "/Users/lazytrot/work/uvicorn-rs/tests/parity/app.py", line 1027, in _app_impl
    await asyncio.Event().wait()
  File "/Users/lazytrot/.local/share/uv/python/cpython-3.12.13-macos-aarch64-none/lib/python3.12/asyncio/locks.py", line 212, in wait
    await fut
asyncio.exceptions.CancelledError
ERROR:    Cancel 1 running task(s), timeout graceful shutdown exceeded
ERROR:    Exception in ASGI application
Traceback (most recent call last):
  File "/Users/lazytrot/work/uvicorn-rs/.venv/lib/python3.12/site-packages/uvicorn/protocols/http/httptools_impl.py", line 422, in run_asgi
    result = await app(  # type: ignore[func-returns-value]
             ^^^^^^^^^^^^^^^^^^^^^^^^^^^^^^^^^^^^^^^^^^^^^^
  File "/Users/lazytrot/work/uvicorn-rs/.venv/lib/python3.12/site-packages/uvicorn/middleware/proxy_headers.py", line 63, in __call__
    return await self.app(scope, receive, send)
           ^^^^^^^^^^^^^^^^^^^^^^^^^^^^^^^^^^^^
  File "/Users/lazytrot/work/uvicorn-rs/tests/parity/app.py", line 868, in _app_impl
    await asyncio.Event().wait()
  File "/Users/lazytrot/.local/share/uv/python/cpython-3.12.13-macos-aarch64-none/lib/python3.12/asyncio/locks.py", line 212, in wait
    await fut
asyncio.exceptions.CancelledError: Task cancelled, timeout graceful shutdown exceeded

--- uvicorn-rs server log ---
uvicorn-rs: connection task failed: connection error
uvicorn-rs: connection task failed: connection error
uvicorn-rs: coverage observed concurrent HTTP receive lock contention
Traceback (most recent call last):
  File "/Users/lazytrot/work/uvicorn-rs/python/uvicorn_rs/_bridge.py", line 16, in invoke
    await app(scope, receive, send)
  File "/Users/lazytrot/work/uvicorn-rs/tests/parity/app.py", line 874, in _app_impl
    raise RuntimeError("parity exception sentinel")
RuntimeError: parity exception sentinel
Traceback (most recent call last):
  File "/Users/lazytrot/work/uvicorn-rs/python/uvicorn_rs/_bridge.py", line 16, in invoke
    await app(scope, receive, send)
          ^^^^^^^^^^^^^^^^^^^^^^^^^
  File "/Users/lazytrot/work/uvicorn-rs/tests/parity/app.py", line 1097, in app
    raise RuntimeError("parity synchronous HTTP callable sentinel")
RuntimeError: parity synchronous HTTP callable sentinel
Traceback (most recent call last):
  File "/Users/lazytrot/work/uvicorn-rs/python/uvicorn_rs/_bridge.py", line 16, in invoke
    await app(scope, receive, send)
  File "/Users/lazytrot/work/uvicorn-rs/tests/parity/app.py", line 877, in _app_impl
    await receive(None)
          ^^^^^^^^^^^^^
TypeError: invoke.<locals>.receive() takes 0 positional arguments but 1 was given
uvicorn-rs: ASGI app completed without response.start
uvicorn-rs: connection task failed: error from user's Service
uvicorn-rs: connection task failed: error from user's Body stream
Traceback (most recent call last):
  File "/Users/lazytrot/work/uvicorn-rs/python/uvicorn_rs/_bridge.py", line 16, in invoke
    await app(scope, receive, send)
  File "/Users/lazytrot/work/uvicorn-rs/tests/parity/app.py", line 521, in _app_impl
    await send({"status": 200})
  File "/Users/lazytrot/work/uvicorn-rs/python/uvicorn_rs/_bridge.py", line 12, in send
    pending = io.send(message)
              ^^^^^^^^^^^^^^^^
ValueError: ASGI message is missing 'type'
Traceback (most recent call last):
  File "/Users/lazytrot/work/uvicorn-rs/python/uvicorn_rs/_bridge.py", line 16, in invoke
    await app(scope, receive, send)
  File "/Users/lazytrot/work/uvicorn-rs/tests/parity/app.py", line 525, in _app_impl
    await send({"type": "http.response.trailers"})
  File "/Users/lazytrot/work/uvicorn-rs/python/uvicorn_rs/_bridge.py", line 12, in send
    pending = io.send(message)
              ^^^^^^^^^^^^^^^^
ValueError: unsupported ASGI HTTP event: http.response.trailers
Traceback (most recent call last):
  File "/Users/lazytrot/work/uvicorn-rs/python/uvicorn_rs/_bridge.py", line 16, in invoke
    await app(scope, receive, send)
  File "/Users/lazytrot/work/uvicorn-rs/tests/parity/app.py", line 617, in _app_impl
    await send({"type": "http.response.body", "body": b"before-start"})
  File "/Users/lazytrot/work/uvicorn-rs/python/uvicorn_rs/_bridge.py", line 12, in send
    pending = io.send(message)
              ^^^^^^^^^^^^^^^^
ValueError: ASGI app sent response.body before response.start
Traceback (most recent call last):
  File "/Users/lazytrot/work/uvicorn-rs/python/uvicorn_rs/_bridge.py", line 16, in invoke
    await app(scope, receive, send)
  File "/Users/lazytrot/work/uvicorn-rs/tests/parity/app.py", line 631, in _app_impl
    await send(
  File "/Users/lazytrot/work/uvicorn-rs/python/uvicorn_rs/_bridge.py", line 12, in send
    pending = io.send(message)
              ^^^^^^^^^^^^^^^^
RuntimeError: Invalid HTTP header name.
uvicorn-rs: connection task failed: error from user's Service
Traceback (most recent call last):
  File "/Users/lazytrot/work/uvicorn-rs/python/uvicorn_rs/_bridge.py", line 16, in invoke
    await app(scope, receive, send)
  File "/Users/lazytrot/work/uvicorn-rs/tests/parity/app.py", line 642, in _app_impl
    await send(
  File "/Users/lazytrot/work/uvicorn-rs/python/uvicorn_rs/_bridge.py", line 12, in send
    pending = io.send(message)
              ^^^^^^^^^^^^^^^^
RuntimeError: Invalid HTTP header value.
uvicorn-rs: connection task failed: error from user's Service
Traceback (most recent call last):
  File "/Users/lazytrot/work/uvicorn-rs/python/uvicorn_rs/_bridge.py", line 16, in invoke
    await app(scope, receive, send)
  File "/Users/lazytrot/work/uvicorn-rs/tests/parity/app.py", line 559, in _app_impl
    await send({"type": 42})
  File "/Users/lazytrot/work/uvicorn-rs/python/uvicorn_rs/_bridge.py", line 12, in send
    pending = io.send(message)
              ^^^^^^^^^^^^^^^^
TypeError: 'int' object is not an instance of 'str'
Traceback (most recent call last):
  File "/Users/lazytrot/work/uvicorn-rs/python/uvicorn_rs/_bridge.py", line 16, in invoke
    await app(scope, receive, send)
  File "/Users/lazytrot/work/uvicorn-rs/tests/parity/app.py", line 613, in _app_impl
    await send({"type": "http.response.start", "headers": []})
  File "/Users/lazytrot/work/uvicorn-rs/python/uvicorn_rs/_bridge.py", line 12, in send
    pending = io.send(message)
              ^^^^^^^^^^^^^^^^
ValueError: response.start is missing 'status'
uvicorn-rs: connection task failed: error from user's Service
Traceback (most recent call last):
  File "/Users/lazytrot/work/uvicorn-rs/python/uvicorn_rs/_bridge.py", line 16, in invoke
    await app(scope, receive, send)
  File "/Users/lazytrot/work/uvicorn-rs/tests/parity/app.py", line 577, in _app_impl
    await send({"type": "http.response.start", "status": 99, "headers": []})
  File "/Users/lazytrot/work/uvicorn-rs/python/uvicorn_rs/_bridge.py", line 12, in send
    pending = io.send(message)
              ^^^^^^^^^^^^^^^^
RuntimeError: Invalid HTTP response status code.
uvicorn-rs: connection task failed: error from user's Service
Traceback (most recent call last):
  File "/Users/lazytrot/work/uvicorn-rs/python/uvicorn_rs/_bridge.py", line 16, in invoke
    await app(scope, receive, send)
  File "/Users/lazytrot/work/uvicorn-rs/tests/parity/app.py", line 581, in _app_impl
    await send({"type": "http.response.start", "status": "200", "headers": []})
  File "/Users/lazytrot/work/uvicorn-rs/python/uvicorn_rs/_bridge.py", line 12, in send
    pending = io.send(message)
              ^^^^^^^^^^^^^^^^
TypeError: 'str' object cannot be interpreted as an integer
uvicorn-rs: connection task failed: error from user's Service
Traceback (most recent call last):
  File "/Users/lazytrot/work/uvicorn-rs/python/uvicorn_rs/_bridge.py", line 16, in invoke
    await app(scope, receive, send)
  File "/Users/lazytrot/work/uvicorn-rs/tests/parity/app.py", line 585, in _app_impl
    await send({"type": "http.response.start", "status": 200, "headers": 42})
  File "/Users/lazytrot/work/uvicorn-rs/python/uvicorn_rs/_bridge.py", line 12, in send
    pending = io.send(message)
              ^^^^^^^^^^^^^^^^
TypeError: 'int' object is not an instance of 'Sequence'
uvicorn-rs: connection task failed: error from user's Service
Traceback (most recent call last):
  File "/Users/lazytrot/work/uvicorn-rs/python/uvicorn_rs/_bridge.py", line 16, in invoke
    await app(scope, receive, send)
  File "/Users/lazytrot/work/uvicorn-rs/tests/parity/app.py", line 604, in _app_impl
    await send({"type": "http.response.body", "body": "not-bytes", "more_body": False})
  File "/Users/lazytrot/work/uvicorn-rs/python/uvicorn_rs/_bridge.py", line 12, in send
    pending = io.send(message)
              ^^^^^^^^^^^^^^^^
TypeError: 'str' object is not an instance of 'bytes | bytearray'
uvicorn-rs: connection task failed: error from user's Body stream
Traceback (most recent call last):
  File "/Users/lazytrot/work/uvicorn-rs/python/uvicorn_rs/_bridge.py", line 16, in invoke
    await app(scope, receive, send)
  File "/Users/lazytrot/work/uvicorn-rs/tests/parity/app.py", line 590, in _app_impl
    await send({"type": "http.response.start", "status": 201, "headers": []})
  File "/Users/lazytrot/work/uvicorn-rs/python/uvicorn_rs/_bridge.py", line 12, in send
    pending = io.send(message)
              ^^^^^^^^^^^^^^^^
RuntimeError: ASGI app sent response.start more than once
uvicorn-rs: connection task failed: error from user's Body stream
Traceback (most recent call last):
  File "/Users/lazytrot/work/uvicorn-rs/python/uvicorn_rs/_bridge.py", line 16, in invoke
    await app(scope, receive, send)
  File "/Users/lazytrot/work/uvicorn-rs/tests/parity/app.py", line 595, in _app_impl
    raise RuntimeError("parity response-start exception sentinel")
RuntimeError: parity response-start exception sentinel
uvicorn-rs: connection task failed: error from user's Body stream
uvicorn-rs: connection task failed: error from user's Body stream
Traceback (most recent call last):
  File "/Users/lazytrot/work/uvicorn-rs/python/uvicorn_rs/_bridge.py", line 16, in invoke
    await app(scope, receive, send)
  File "/Users/lazytrot/work/uvicorn-rs/tests/parity/app.py", line 610, in _app_impl
    raise RuntimeError("parity final-body exception sentinel")
RuntimeError: parity final-body exception sentinel
uvicorn-rs: ASGI app completed without response.start
uvicorn-rs: ASGI app completed without response.start
uvicorn-rs: connection task failed: error writing a body to connection
Traceback (most recent call last):
  File "/Users/lazytrot/work/uvicorn-rs/python/uvicorn_rs/_bridge.py", line 16, in invoke
    await app(scope, receive, send)
  File "/Users/lazytrot/work/uvicorn-rs/tests/parity/app.py", line 573, in _app_impl
    await send({"type": wrong_context_events[event_name]})
  File "/Users/lazytrot/work/uvicorn-rs/python/uvicorn_rs/_bridge.py", line 12, in send
    pending = io.send(message)
              ^^^^^^^^^^^^^^^^
ValueError: unsupported ASGI HTTP event: websocket.accept
Traceback (most recent call last):
  File "/Users/lazytrot/work/uvicorn-rs/python/uvicorn_rs/_bridge.py", line 16, in invoke
    await app(scope, receive, send)
  File "/Users/lazytrot/work/uvicorn-rs/tests/parity/app.py", line 573, in _app_impl
    await send({"type": wrong_context_events[event_name]})
  File "/Users/lazytrot/work/uvicorn-rs/python/uvicorn_rs/_bridge.py", line 12, in send
    pending = io.send(message)
              ^^^^^^^^^^^^^^^^
ValueError: unsupported ASGI HTTP event: websocket.close
Traceback (most recent call last):
  File "/Users/lazytrot/work/uvicorn-rs/python/uvicorn_rs/_bridge.py", line 16, in invoke
    await app(scope, receive, send)
  File "/Users/lazytrot/work/uvicorn-rs/tests/parity/app.py", line 573, in _app_impl
    await send({"type": wrong_context_events[event_name]})
  File "/Users/lazytrot/work/uvicorn-rs/python/uvicorn_rs/_bridge.py", line 12, in send
    pending = io.send(message)
              ^^^^^^^^^^^^^^^^
ValueError: unsupported ASGI HTTP event: websocket.send
Traceback (most recent call last):
  File "/Users/lazytrot/work/uvicorn-rs/python/uvicorn_rs/_bridge.py", line 16, in invoke
    await app(scope, receive, send)
  File "/Users/lazytrot/work/uvicorn-rs/tests/parity/app.py", line 573, in _app_impl
    await send({"type": wrong_context_events[event_name]})
  File "/Users/lazytrot/work/uvicorn-rs/python/uvicorn_rs/_bridge.py", line 12, in send
    pending = io.send(message)
              ^^^^^^^^^^^^^^^^
ValueError: unsupported ASGI HTTP event: lifespan.startup.complete
Traceback (most recent call last):
  File "/Users/lazytrot/work/uvicorn-rs/python/uvicorn_rs/_bridge.py", line 16, in invoke
    await app(scope, receive, send)
  File "/Users/lazytrot/work/uvicorn-rs/tests/parity/app.py", line 573, in _app_impl
    await send({"type": wrong_context_events[event_name]})
  File "/Users/lazytrot/work/uvicorn-rs/python/uvicorn_rs/_bridge.py", line 12, in send
    pending = io.send(message)
              ^^^^^^^^^^^^^^^^
ValueError: unsupported ASGI HTTP event: lifespan.startup.failed
Traceback (most recent call last):
  File "/Users/lazytrot/work/uvicorn-rs/python/uvicorn_rs/_bridge.py", line 16, in invoke
    await app(scope, receive, send)
  File "/Users/lazytrot/work/uvicorn-rs/tests/parity/app.py", line 573, in _app_impl
    await send({"type": wrong_context_events[event_name]})
  File "/Users/lazytrot/work/uvicorn-rs/python/uvicorn_rs/_bridge.py", line 12, in send
    pending = io.send(message)
              ^^^^^^^^^^^^^^^^
ValueError: unsupported ASGI HTTP event: lifespan.shutdown.complete
Traceback (most recent call last):
  File "/Users/lazytrot/work/uvicorn-rs/python/uvicorn_rs/_bridge.py", line 16, in invoke
    await app(scope, receive, send)
  File "/Users/lazytrot/work/uvicorn-rs/tests/parity/app.py", line 573, in _app_impl
    await send({"type": wrong_context_events[event_name]})
  File "/Users/lazytrot/work/uvicorn-rs/python/uvicorn_rs/_bridge.py", line 12, in send
    pending = io.send(message)
              ^^^^^^^^^^^^^^^^
ValueError: unsupported ASGI HTTP event: lifespan.shutdown.failed
uvicorn-rs: ASGI app completed without response.start
uvicorn-rs: ASGI app completed without response.start
uvicorn-rs: ASGI app completed without response.start
uvicorn-rs: connection task failed: error writing a body to connection
uvicorn-rs: ASGI app completed without response.start
uvicorn-rs: ASGI app completed without response.start
MemoryError: coverage-only injected MemoryError at HttpScopeAsgiVersionSetItem
MemoryError: coverage-only injected MemoryError at HttpScopeAsgiSpecVersionSetItem
MemoryError: coverage-only injected MemoryError at HttpScopeTypeSetItem
MemoryError: coverage-only injected MemoryError at HttpScopeAsgiSetItem
MemoryError: coverage-only injected MemoryError at HttpScopeHttpVersionSetItem
MemoryError: coverage-only injected MemoryError at HttpScopeMethodSetItem
MemoryError: coverage-only injected MemoryError at HttpScopeSchemeSetItem
MemoryError: coverage-only injected MemoryError at HttpScopePathSetItem
MemoryError: coverage-only injected MemoryError at HttpScopeRawPathSetItem
MemoryError: coverage-only injected MemoryError at HttpScopeQueryStringSetItem
MemoryError: coverage-only injected MemoryError at HttpScopeRootPathSetItem
MemoryError: coverage-only injected MemoryError at HttpScopeHeadersAppend
MemoryError: coverage-only injected MemoryError at HttpScopeHeadersSetItem
MemoryError: coverage-only injected MemoryError at HttpScopeClientSetItem
MemoryError: coverage-only injected MemoryError at HttpScopeServerSetItem
MemoryError: coverage-only injected MemoryError at HttpScopeStateCopy
MemoryError: coverage-only injected MemoryError at HttpScopeStateSetItem
uvicorn-rs: WebSocket request failed: ASGI app returned before accepting or closing the WebSocket
uvicorn-rs: WebSocket request failed: ASGI app returned before accepting or closing the WebSocket
uvicorn-rs: WebSocket request failed: ASGI app returned before accepting or closing the WebSocket
uvicorn-rs: WebSocket request failed: ASGI app returned before accepting or closing the WebSocket
uvicorn-rs: WebSocket request failed: ASGI app returned before accepting or closing the WebSocket
uvicorn-rs: WebSocket request failed: ASGI app returned before accepting or closing the WebSocket
uvicorn-rs: WebSocket request failed: ASGI app returned before accepting or closing the WebSocket
uvicorn-rs: WebSocket request failed: ASGI app returned before accepting or closing the WebSocket
uvicorn-rs: WebSocket request failed: ASGI app returned before accepting or closing the WebSocket
uvicorn-rs: WebSocket request failed: ASGI app returned before accepting or closing the WebSocket
uvicorn-rs: WebSocket request failed: ASGI app returned before accepting or closing the WebSocket
uvicorn-rs: WebSocket request failed: ASGI app returned before accepting or closing the WebSocket
uvicorn-rs: WebSocket request failed: ASGI app returned before accepting or closing the WebSocket
uvicorn-rs: WebSocket request failed: ASGI app returned before accepting or closing the WebSocket
uvicorn-rs: WebSocket request failed: ASGI app returned before accepting or closing the WebSocket
uvicorn-rs: WebSocket request failed: ASGI app returned before accepting or closing the WebSocket
Traceback (most recent call last):
  File "/Users/lazytrot/work/uvicorn-rs/python/uvicorn_rs/_bridge.py", line 16, in invoke
    await app(scope, receive, send)
  File "/Users/lazytrot/work/uvicorn-rs/tests/parity/app.py", line 497, in _app_impl
    body = b"" if scope["method"] == "GET" else await _read_body(receive)
                                                ^^^^^^^^^^^^^^^^^^^^^^^^^
  File "/Users/lazytrot/work/uvicorn-rs/tests/parity/app.py", line 83, in _read_body
    message = await receive()
              ^^^^^^^^^^^^^^^
  File "/Users/lazytrot/work/uvicorn-rs/python/uvicorn_rs/_bridge.py", line 6, in receive
    result = io.receive()
             ^^^^^^^^^^^^
MemoryError: coverage-only injected MemoryError at HttpRequestTypeSetItem
Traceback (most recent call last):
  File "/Users/lazytrot/work/uvicorn-rs/python/uvicorn_rs/_bridge.py", line 16, in invoke
    await app(scope, receive, send)
  File "/Users/lazytrot/work/uvicorn-rs/tests/parity/app.py", line 497, in _app_impl
    body = b"" if scope["method"] == "GET" else await _read_body(receive)
                                                ^^^^^^^^^^^^^^^^^^^^^^^^^
  File "/Users/lazytrot/work/uvicorn-rs/tests/parity/app.py", line 83, in _read_body
    message = await receive()
              ^^^^^^^^^^^^^^^
  File "/Users/lazytrot/work/uvicorn-rs/python/uvicorn_rs/_bridge.py", line 6, in receive
    result = io.receive()
             ^^^^^^^^^^^^
MemoryError: coverage-only injected MemoryError at HttpRequestBodySetItem
Traceback (most recent call last):
  File "/Users/lazytrot/work/uvicorn-rs/python/uvicorn_rs/_bridge.py", line 16, in invoke
    await app(scope, receive, send)
  File "/Users/lazytrot/work/uvicorn-rs/tests/parity/app.py", line 497, in _app_impl
    body = b"" if scope["method"] == "GET" else await _read_body(receive)
                                                ^^^^^^^^^^^^^^^^^^^^^^^^^
  File "/Users/lazytrot/work/uvicorn-rs/tests/parity/app.py", line 83, in _read_body
    message = await receive()
              ^^^^^^^^^^^^^^^
  File "/Users/lazytrot/work/uvicorn-rs/python/uvicorn_rs/_bridge.py", line 6, in receive
    result = io.receive()
             ^^^^^^^^^^^^
MemoryError: coverage-only injected MemoryError at HttpRequestMoreBodySetItem
uvicorn-rs: connection task failed: coverage-injected connection service error
uvicorn-rs: connection task failed: task 449 was cancelled
uvicorn-rs: connection task failed: error writing a body to connection
uvicorn-rs: connection task failed: error writing a body to connection
uvicorn-rs: connection task failed: error writing a body to connection
uvicorn-rs: connection task failed: error writing a body to connection
uvicorn-rs: ASGI app completed without response.start
uvicorn-rs: connection task failed: error writing a body to connection
uvicorn-rs: ASGI app completed without response.start
uvicorn-rs: connection task failed: error writing a body to connection
Traceback (most recent call last):
  File "/Users/lazytrot/work/uvicorn-rs/python/uvicorn_rs/_bridge.py", line 16, in invoke
    await app(scope, receive, send)
  File "/Users/lazytrot/work/uvicorn-rs/tests/parity/app.py", line 595, in _app_impl
    raise RuntimeError("parity response-start exception sentinel")
RuntimeError: parity response-start exception sentinel
uvicorn-rs: connection task failed: error from user's Body stream
Traceback (most recent call last):
  File "/Users/lazytrot/work/uvicorn-rs/python/uvicorn_rs/_bridge.py", line 16, in invoke
    await app(scope, receive, send)
  File "/Users/lazytrot/work/uvicorn-rs/tests/parity/app.py", line 918, in _app_impl
    await _respond(send, token.encode(), content_type=b"text/plain; charset=utf-8")
  File "/Users/lazytrot/work/uvicorn-rs/tests/parity/app.py", line 70, in _respond
    await send(
  File "/Users/lazytrot/work/uvicorn-rs/python/uvicorn_rs/_bridge.py", line 12, in send
    pending = io.send(message)
              ^^^^^^^^^^^^^^^^
MemoryError: coverage-only injected MemoryError at AsgiEventTypeHttpResponseStartEq
Traceback (most recent call last):
  File "/Users/lazytrot/work/uvicorn-rs/python/uvicorn_rs/_bridge.py", line 16, in invoke
    await app(scope, receive, send)
  File "/Users/lazytrot/work/uvicorn-rs/tests/parity/app.py", line 819, in _app_impl
    await send({"type": "http.response.body", "body": chunk, "more_body": True})
  File "/Users/lazytrot/work/uvicorn-rs/python/uvicorn_rs/_bridge.py", line 12, in send
    pending = io.send(message)
              ^^^^^^^^^^^^^^^^
MemoryError: coverage-only injected MemoryError at AsgiEventTypeHttpResponseBodyEq
uvicorn-rs: connection task failed: error from user's Body stream
Traceback (most recent call last):
  File "/Users/lazytrot/work/uvicorn-rs/python/uvicorn_rs/_bridge.py", line 16, in invoke
    await app(scope, receive, send)
  File "/Users/lazytrot/work/uvicorn-rs/tests/parity/app.py", line 525, in _app_impl
    await send({"type": "http.response.trailers"})
  File "/Users/lazytrot/work/uvicorn-rs/python/uvicorn_rs/_bridge.py", line 12, in send
    pending = io.send(message)
              ^^^^^^^^^^^^^^^^
MemoryError: coverage-only injected MemoryError at AsgiEventTypeExtract
Traceback (most recent call last):
  File "/Users/lazytrot/work/uvicorn-rs/python/uvicorn_rs/_bridge.py", line 16, in invoke
    await app(scope, receive, send)
  File "/Users/lazytrot/work/uvicorn-rs/tests/parity/app.py", line 918, in _app_impl
    await _respond(send, token.encode(), content_type=b"text/plain; charset=utf-8")
  File "/Users/lazytrot/work/uvicorn-rs/tests/parity/app.py", line 70, in _respond
    await send(
  File "/Users/lazytrot/work/uvicorn-rs/python/uvicorn_rs/_bridge.py", line 12, in send
    pending = io.send(message)
              ^^^^^^^^^^^^^^^^
MemoryError: coverage-only injected MemoryError at HttpAsgiSendTypeGetItem
Traceback (most recent call last):
  File "/Users/lazytrot/work/uvicorn-rs/python/uvicorn_rs/_bridge.py", line 16, in invoke
    await app(scope, receive, send)
  File "/Users/lazytrot/work/uvicorn-rs/tests/parity/app.py", line 819, in _app_impl
    await send({"type": "http.response.body", "body": chunk, "more_body": True})
  File "/Users/lazytrot/work/uvicorn-rs/python/uvicorn_rs/_bridge.py", line 12, in send
    pending = io.send(message)
              ^^^^^^^^^^^^^^^^
MemoryError: coverage-only injected MemoryError at HttpResponseBodyBodyExtract
uvicorn-rs: connection task failed: error from user's Body stream
Traceback (most recent call last):
  File "/Users/lazytrot/work/uvicorn-rs/python/uvicorn_rs/_bridge.py", line 16, in invoke
    await app(scope, receive, send)
  File "/Users/lazytrot/work/uvicorn-rs/tests/parity/app.py", line 819, in _app_impl
    await send({"type": "http.response.body", "body": chunk, "more_body": True})
  File "/Users/lazytrot/work/uvicorn-rs/python/uvicorn_rs/_bridge.py", line 12, in send
    pending = io.send(message)
              ^^^^^^^^^^^^^^^^
MemoryError: coverage-only injected MemoryError at HttpResponseBodyBodyGetItem
uvicorn-rs: connection task failed: error from user's Body stream
Traceback (most recent call last):
  File "/Users/lazytrot/work/uvicorn-rs/python/uvicorn_rs/_bridge.py", line 16, in invoke
    await app(scope, receive, send)
  File "/Users/lazytrot/work/uvicorn-rs/tests/parity/app.py", line 819, in _app_impl
    await send({"type": "http.response.body", "body": chunk, "more_body": True})
  File "/Users/lazytrot/work/uvicorn-rs/python/uvicorn_rs/_bridge.py", line 12, in send
    pending = io.send(message)
              ^^^^^^^^^^^^^^^^
MemoryError: coverage-only injected MemoryError at HttpResponseBodyMoreBodyExtract
uvicorn-rs: connection task failed: error from user's Body stream
Traceback (most recent call last):
  File "/Users/lazytrot/work/uvicorn-rs/python/uvicorn_rs/_bridge.py", line 16, in invoke
    await app(scope, receive, send)
  File "/Users/lazytrot/work/uvicorn-rs/tests/parity/app.py", line 819, in _app_impl
    await send({"type": "http.response.body", "body": chunk, "more_body": True})
  File "/Users/lazytrot/work/uvicorn-rs/python/uvicorn_rs/_bridge.py", line 12, in send
    pending = io.send(message)
              ^^^^^^^^^^^^^^^^
MemoryError: coverage-only injected MemoryError at HttpResponseBodyMoreBodyGetItem
uvicorn-rs: connection task failed: error from user's Body stream
Traceback (most recent call last):
  File "/Users/lazytrot/work/uvicorn-rs/python/uvicorn_rs/_bridge.py", line 16, in invoke
    await app(scope, receive, send)
  File "/Users/lazytrot/work/uvicorn-rs/tests/parity/app.py", line 918, in _app_impl
    await _respond(send, token.encode(), content_type=b"text/plain; charset=utf-8")
  File "/Users/lazytrot/work/uvicorn-rs/tests/parity/app.py", line 70, in _respond
    await send(
  File "/Users/lazytrot/work/uvicorn-rs/python/uvicorn_rs/_bridge.py", line 12, in send
    pending = io.send(message)
              ^^^^^^^^^^^^^^^^
MemoryError: coverage-only injected MemoryError at HttpResponseStartHeadersExtract
uvicorn-rs: connection task failed: error from user's Service
Traceback (most recent call last):
  File "/Users/lazytrot/work/uvicorn-rs/python/uvicorn_rs/_bridge.py", line 16, in invoke
    await app(scope, receive, send)
  File "/Users/lazytrot/work/uvicorn-rs/tests/parity/app.py", line 918, in _app_impl
    await _respond(send, token.encode(), content_type=b"text/plain; charset=utf-8")
  File "/Users/lazytrot/work/uvicorn-rs/tests/parity/app.py", line 70, in _respond
    await send(
  File "/Users/lazytrot/work/uvicorn-rs/python/uvicorn_rs/_bridge.py", line 12, in send
    pending = io.send(message)
              ^^^^^^^^^^^^^^^^
MemoryError: coverage-only injected MemoryError at HttpResponseStartHeadersGetItem
uvicorn-rs: connection task failed: error from user's Service
Traceback (most recent call last):
  File "/Users/lazytrot/work/uvicorn-rs/python/uvicorn_rs/_bridge.py", line 16, in invoke
    await app(scope, receive, send)
  File "/Users/lazytrot/work/uvicorn-rs/tests/parity/app.py", line 918, in _app_impl
    await _respond(send, token.encode(), content_type=b"text/plain; charset=utf-8")
  File "/Users/lazytrot/work/uvicorn-rs/tests/parity/app.py", line 70, in _respond
    await send(
  File "/Users/lazytrot/work/uvicorn-rs/python/uvicorn_rs/_bridge.py", line 12, in send
    pending = io.send(message)
              ^^^^^^^^^^^^^^^^
MemoryError: coverage-only injected MemoryError at HttpResponseStartStatusExtract
uvicorn-rs: connection task failed: error from user's Service
Traceback (most recent call last):
  File "/Users/lazytrot/work/uvicorn-rs/python/uvicorn_rs/_bridge.py", line 16, in invoke
    await app(scope, receive, send)
  File "/Users/lazytrot/work/uvicorn-rs/tests/parity/app.py", line 918, in _app_impl
    await _respond(send, token.encode(), content_type=b"text/plain; charset=utf-8")
  File "/Users/lazytrot/work/uvicorn-rs/tests/parity/app.py", line 70, in _respond
    await send(
  File "/Users/lazytrot/work/uvicorn-rs/python/uvicorn_rs/_bridge.py", line 12, in send
    pending = io.send(message)
              ^^^^^^^^^^^^^^^^
MemoryError: coverage-only injected MemoryError at HttpResponseStartStatusGetItem
uvicorn-rs: connection task failed: error from user's Service
MemoryError: coverage-only injected MemoryError at PythonTaskStarterImportAsyncio
MemoryError: coverage-only injected MemoryError at PythonTaskStarterEnsureFuture
MemoryError: coverage-only injected MemoryError at PythonTaskStarterAddDoneCallback
Traceback (most recent call last):
  File "/Users/lazytrot/work/uvicorn-rs/python/uvicorn_rs/_bridge.py", line 4, in invoke
    async def invoke(app, scope, io):
asyncio.exceptions.CancelledError
uvicorn-rs: ASGI app completed without response.start
Traceback (most recent call last):
  File "/Users/lazytrot/work/uvicorn-rs/python/uvicorn_rs/_bridge.py", line 16, in invoke
    await app(scope, receive, send)
  File "/Users/lazytrot/work/uvicorn-rs/tests/parity/app.py", line 918, in _app_impl
    await _respond(send, token.encode(), content_type=b"text/plain; charset=utf-8")
  File "/Users/lazytrot/work/uvicorn-rs/tests/parity/app.py", line 70, in _respond
    await send(
  File "/Users/lazytrot/work/uvicorn-rs/python/uvicorn_rs/_bridge.py", line 12, in send
    pending = io.send(message)
              ^^^^^^^^^^^^^^^^
OSError: server response channel closed: channel closed
uvicorn-rs: connection task failed: error from user's Service
Traceback (most recent call last):
  File "/Users/lazytrot/work/uvicorn-rs/python/uvicorn_rs/_bridge.py", line 16, in invoke
    await app(scope, receive, send)
  File "/Users/lazytrot/work/uvicorn-rs/tests/parity/app.py", line 819, in _app_impl
    await send({"type": "http.response.body", "body": chunk, "more_body": True})
  File "/Users/lazytrot/work/uvicorn-rs/python/uvicorn_rs/_bridge.py", line 12, in send
    pending = io.send(message)
              ^^^^^^^^^^^^^^^^
OSError: server response body channel closed
uvicorn-rs: connection task failed: error from user's Body stream
uvicorn-rs: connection task failed: error from user's Body stream

thread 'tokio-rt-worker' (190310483) panicked at src/lib.rs:74:5:
coverage-injected ASGI app task panic after final response body
note: run with `RUST_BACKTRACE=1` environment variable to display a backtrace
uvicorn-rs: ASGI app task failed after the response body completed: task 606 panicked with message "coverage-injected ASGI app task panic after final response body"

thread 'tokio-rt-worker' (190310483) panicked at src/lib.rs:74:5:
coverage-injected ASGI app task panic after final response body
uvicorn-rs: connection task failed: error from user's Body stream

thread 'tokio-rt-worker' (190310483) panicked at src/lib.rs:74:5:
coverage-injected ASGI request task panic
uvicorn-rs: ASGI request failed: task 611 panicked with message "coverage-injected ASGI request task panic"
RuntimeError: Python event loop stopped before the ASGI task started
RuntimeError: Python event loop stopped before the ASGI task started
sys:1: RuntimeWarning: coroutine 'invoke' was never awaited
RuntimeWarning: Enable tracemalloc to get the object allocation traceback
MemoryError: coverage-only injected MemoryError at PythonTaskFutureStarterAllocation
MemoryError: coverage-only injected MemoryError at PythonTaskFutureContextSetItem
MemoryError: coverage-only injected MemoryError at PythonTaskFutureScheduleCall
RuntimeError: Python event loop stopped before the ASGI task completed
uvicorn-rs: connection task failed: error from user's Body stream
MemoryError: coverage-only injected MemoryError at HttpAsgiIoAllocate
MemoryError: coverage-only injected MemoryError at HttpAppInvokeCall
MemoryError: coverage-only injected MemoryError at PythonTaskCompletionAllocate
uvicorn-rs: ASGI request failed: coverage-injected runtime error at HttpEmptyRequestChannelClosed
uvicorn-rs: WebSocket request failed: ASGI app returned before accepting or closing the WebSocket
uvicorn-rs: WebSocket request failed: ASGI app returned before accepting or closing the WebSocket
RuntimeError: Already mutably borrowed
uvicorn-rs: connection task failed: connection error
uvicorn-rs: ASGI app completed without response.start
uvicorn-rs: ASGI app completed without response.start
uvicorn-rs: ASGI app completed without response.start
uvicorn-rs: ASGI app completed without response.start
asyncio.exceptions.InvalidStateError: Result is not set.
asyncio.exceptions.CancelledError
RuntimeError: coverage-injected callback registration failure after inline completion
Traceback (most recent call last):
  File "/Users/lazytrot/work/uvicorn-rs/python/uvicorn_rs/_bridge.py", line 16, in invoke
    await app(scope, receive, send)
  File "/Users/lazytrot/work/uvicorn-rs/tests/parity/app.py", line 1027, in _app_impl
    await asyncio.Event().wait()
  File "/Users/lazytrot/.local/share/uv/python/cpython-3.12.13-macos-aarch64-none/lib/python3.12/asyncio/locks.py", line 212, in wait
    await fut
asyncio.exceptions.CancelledError
Traceback (most recent call last):
  File "/Users/lazytrot/work/uvicorn-rs/python/uvicorn_rs/_bridge.py", line 4, in invoke
RuntimeError: Already borrowed
    async def invoke(app, scope, io):
asyncio.exceptions.CancelledError
asyncio.exceptions.CancelledError
RuntimeError: coverage-injected callback registration failure before completion-state borrow
asyncio.exceptions.CancelledError
RuntimeError: Already borrowed
RuntimeError: coverage-injected cancellation cleanup scheduling failure
RuntimeError: coverage-injected callback registration failure before cancellation cleanup scheduling
RuntimeError: coverage-injected bridge coroutine close failure
RuntimeError: coverage-injected task setup failure before bridge coroutine close
uvicorn-rs: ASGI app completed without response.start
uvicorn-rs: connection task failed: error writing a body to connection

--- uvicorn server log ---
/Users/lazytrot/work/uvicorn-rs/.venv/lib/python3.12/site-packages/uvicorn/protocols/websockets/websockets_impl.py:41: UvicornDeprecationWarning: The `websockets` implementation is deprecated, and `--ws websockets` will point at the `websockets-sansio` implementation in a future release. Use `--ws websockets-sansio` or `--ws auto` to switch now.
  warnings.warn(
ERROR:    ASGI callable returned without completing response.

--- uvicorn-rs server log ---
uvicorn-rs: connection task failed: tls handshake eof
uvicorn-rs: connection task failed: error from user's Body stream

--- uvicorn-rs server log ---
uvicorn-rs: connection task failed: tls handshake eof
Traceback (most recent call last):
  File "/Users/lazytrot/work/uvicorn-rs/python/uvicorn_rs/_bridge.py", line 16, in invoke
    await app(scope, receive, send)
  File "/Users/lazytrot/work/uvicorn-rs/tests/parity/app.py", line 559, in _app_impl
    await send({"type": 42})
  File "/Users/lazytrot/work/uvicorn-rs/python/uvicorn_rs/_bridge.py", line 12, in send
    pending = io.send(message)
              ^^^^^^^^^^^^^^^^
TypeError: 'int' object is not an instance of 'str'
Traceback (most recent call last):
  File "/Users/lazytrot/work/uvicorn-rs/python/uvicorn_rs/_bridge.py", line 16, in invoke
    await app(scope, receive, send)
  File "/Users/lazytrot/work/uvicorn-rs/tests/parity/app.py", line 613, in _app_impl
    await send({"type": "http.response.start", "headers": []})
  File "/Users/lazytrot/work/uvicorn-rs/python/uvicorn_rs/_bridge.py", line 12, in send
    pending = io.send(message)
              ^^^^^^^^^^^^^^^^
ValueError: response.start is missing 'status'
Traceback (most recent call last):
  File "/Users/lazytrot/work/uvicorn-rs/python/uvicorn_rs/_bridge.py", line 16, in invoke
    await app(scope, receive, send)
  File "/Users/lazytrot/work/uvicorn-rs/tests/parity/app.py", line 874, in _app_impl
    raise RuntimeError("parity exception sentinel")
RuntimeError: parity exception sentinel

thread 'tokio-rt-worker' (190310719) panicked at src/lib.rs:74:5:
coverage-injected ASGI request task panic
note: run with `RUST_BACKTRACE=1` environment variable to display a backtrace
uvicorn-rs: ASGI request failed: task 83 panicked with message "coverage-injected ASGI request task panic"
uvicorn-rs: ASGI app completed without response.start
uvicorn-rs: ASGI app completed without response.start
uvicorn-rs: ASGI app completed without response.start

--- hypercorn server log ---
[2026-10-05 18:58:54 +0530] [1901] [ERROR] Error in ASGI Framework
Traceback (most recent call last):
  File "/Users/lazytrot/work/uvicorn-rs/.venv/lib/python3.12/site-packages/hypercorn/asyncio/task_group.py", line 28, in _handle
    await app(scope, receive, send, sync_spawn, call_soon)
  File "/Users/lazytrot/work/uvicorn-rs/.venv/lib/python3.12/site-packages/hypercorn/app_wrappers.py", line 34, in __call__
    await self.app(scope, receive, send)
  File "/Users/lazytrot/work/uvicorn-rs/tests/parity/app.py", line 674, in _app_impl
    await send({"type": "http.response.body", "body": bytes([index]) * 4096, "more_body": True})
  File "/Users/lazytrot/work/uvicorn-rs/.venv/lib/python3.12/site-packages/hypercorn/protocol/http_stream.py", line 192, in app_send
    await self.send(
  File "/Users/lazytrot/work/uvicorn-rs/.venv/lib/python3.12/site-packages/hypercorn/protocol/h3.py", line 80, in stream_send
    self.connection.send_data(event.stream_id, event.data, False)
  File "/Users/lazytrot/work/uvicorn-rs/.venv/lib/python3.12/site-packages/aioquic/h3/connection.py", line 557, in send_data
    self._quic.send_stream_data(
  File "/Users/lazytrot/work/uvicorn-rs/.venv/lib/python3.12/site-packages/aioquic/quic/connection.py", line 1139, in send_stream_data
    stream.sender.write(data, end_stream=end_stream)
  File "/Users/lazytrot/work/uvicorn-rs/.venv/lib/python3.12/site-packages/aioquic/quic/stream.py", line 334, in write
    assert self._reset_error_code is None, "cannot call write() after reset()"
           ^^^^^^^^^^^^^^^^^^^^^^^^^^^^^^
AssertionError: cannot call write() after reset()
[2026-10-05 18:58:55 +0530] [1901] [ERROR] Error in ASGI Framework
Traceback (most recent call last):
  File "/Users/lazytrot/work/uvicorn-rs/.venv/lib/python3.12/site-packages/hypercorn/asyncio/task_group.py", line 28, in _handle
    await app(scope, receive, send, sync_spawn, call_soon)
  File "/Users/lazytrot/work/uvicorn-rs/.venv/lib/python3.12/site-packages/hypercorn/app_wrappers.py", line 34, in __call__
    await self.app(scope, receive, send)
  File "/Users/lazytrot/work/uvicorn-rs/tests/parity/app.py", line 874, in _app_impl
    raise RuntimeError("parity exception sentinel")
RuntimeError: parity exception sentinel
[2026-10-05 18:58:57 +0530] [1901] [ERROR] Error in ASGI Framework
Traceback (most recent call last):
  File "/Users/lazytrot/work/uvicorn-rs/.venv/lib/python3.12/site-packages/hypercorn/asyncio/task_group.py", line 28, in _handle
    await app(scope, receive, send, sync_spawn, call_soon)
  File "/Users/lazytrot/work/uvicorn-rs/.venv/lib/python3.12/site-packages/hypercorn/app_wrappers.py", line 34, in __call__
    await self.app(scope, receive, send)
  File "/Users/lazytrot/work/uvicorn-rs/tests/parity/app.py", line 559, in _app_impl
    await send({"type": 42})
  File "/Users/lazytrot/work/uvicorn-rs/.venv/lib/python3.12/site-packages/hypercorn/protocol/http_stream.py", line 241, in app_send
    raise UnexpectedMessageError(self.state, message["type"])
hypercorn.utils.UnexpectedMessageError: Unexpected message type, 42 given the state ASGIHTTPState.REQUEST
[2026-10-05 18:58:58 +0530] [1901] [ERROR] Error in ASGI Framework
Traceback (most recent call last):
  File "/Users/lazytrot/work/uvicorn-rs/.venv/lib/python3.12/site-packages/hypercorn/asyncio/task_group.py", line 28, in _handle
    await app(scope, receive, send, sync_spawn, call_soon)
  File "/Users/lazytrot/work/uvicorn-rs/.venv/lib/python3.12/site-packages/hypercorn/app_wrappers.py", line 34, in __call__
    await self.app(scope, receive, send)
  File "/Users/lazytrot/work/uvicorn-rs/tests/parity/app.py", line 613, in _app_impl
    await send({"type": "http.response.start", "headers": []})
  File "/Users/lazytrot/work/uvicorn-rs/.venv/lib/python3.12/site-packages/hypercorn/protocol/http_stream.py", line 149, in app_send
    status_code=int(self.response["status"]),
                    ~~~~~~~~~~~~~^^^^^^^^^^
KeyError: 'status'
[2a1daa1c0eb9a2c1a7afe20cfcfb69062b32b8ff] Error: 296, reason: No common ALPN protocols, frame_type: 6

--- uvicorn-rs server log ---
uvicorn-rs: ASGI app completed without response.start
uvicorn-rs: HTTP/3 connection from 127.0.0.1:57085 failed: Remote error: ApplicationClose: 0x0
uvicorn-rs: HTTP/3 connection from 127.0.0.1:50531 failed: Remote error: ApplicationClose: 0x0
uvicorn-rs: HTTP/3 connection from 127.0.0.1:64804 failed: Remote error: ApplicationClose: 0x0
uvicorn-rs: HTTP/3 connection from 127.0.0.1:64030 failed: Remote error: ApplicationClose: 0x0
uvicorn-rs: HTTP/3 connection from 127.0.0.1:52958 failed: Remote error: ApplicationClose: 0x0
uvicorn-rs: HTTP/3 connection from 127.0.0.1:57871 failed: Remote error: ApplicationClose: 0x0
uvicorn-rs: HTTP/3 request from 127.0.0.1:63175 failed: Remote reset: H3_REQUEST_CANCELLED
uvicorn-rs: HTTP/3 connection from 127.0.0.1:63175 failed: Remote error: ApplicationClose: 0x0
uvicorn-rs: HTTP/3 connection from 127.0.0.1:59062 failed: Remote error: ApplicationClose: 0x0
uvicorn-rs: HTTP/3 connection from 127.0.0.1:53572 failed: Remote error: ApplicationClose: 0x0
uvicorn-rs: HTTP/3 connection from 127.0.0.1:65117 failed: Remote error: ApplicationClose: 0x0
Traceback (most recent call last):
  File "/Users/lazytrot/work/uvicorn-rs/python/uvicorn_rs/_bridge.py", line 16, in invoke
    await app(scope, receive, send)
  File "/Users/lazytrot/work/uvicorn-rs/tests/parity/app.py", line 874, in _app_impl
    raise RuntimeError("parity exception sentinel")
RuntimeError: parity exception sentinel
uvicorn-rs: HTTP/3 connection from 127.0.0.1:65391 failed: Remote error: ApplicationClose: 0x0

thread 'tokio-rt-worker' (190310860) panicked at src/lib.rs:74:5:
coverage-injected ASGI request task panic
note: run with `RUST_BACKTRACE=1` environment variable to display a backtrace
uvicorn-rs: HTTP/3 ASGI request failed: task 617 panicked with message "coverage-injected ASGI request task panic"
uvicorn-rs: HTTP/3 connection from 127.0.0.1:53308 failed: Remote error: ApplicationClose: 0x0
uvicorn-rs: HTTP/3 connection from 127.0.0.1:56194 failed: Remote error: ApplicationClose: 0x0
uvicorn-rs: HTTP/3 connection from 127.0.0.1:62146 failed: Remote error: ApplicationClose: 0x0
uvicorn-rs: ASGI app completed without response.start
uvicorn-rs: HTTP/3 connection from 127.0.0.1:54956 failed: Remote error: ApplicationClose: 0x0
uvicorn-rs: ASGI app completed without response.start
uvicorn-rs: HTTP/3 connection from 127.0.0.1:61749 failed: Remote error: ApplicationClose: 0x0
uvicorn-rs: HTTP/3 connection from 127.0.0.1:60884 failed: Remote error: ApplicationClose: 0x0
uvicorn-rs: HTTP/3 connection from 127.0.0.1:56974 failed: Remote error: ApplicationClose: 0x0
uvicorn-rs: HTTP/3 connection from 127.0.0.1:63702 failed: Remote error: ApplicationClose: 0x0
Traceback (most recent call last):
  File "/Users/lazytrot/work/uvicorn-rs/python/uvicorn_rs/_bridge.py", line 16, in invoke
    await app(scope, receive, send)
  File "/Users/lazytrot/work/uvicorn-rs/tests/parity/app.py", line 559, in _app_impl
    await send({"type": 42})
  File "/Users/lazytrot/work/uvicorn-rs/python/uvicorn_rs/_bridge.py", line 12, in send
    pending = io.send(message)
              ^^^^^^^^^^^^^^^^
TypeError: 'int' object is not an instance of 'str'
uvicorn-rs: HTTP/3 connection from 127.0.0.1:60252 failed: Remote error: ApplicationClose: 0x0
Traceback (most recent call last):
  File "/Users/lazytrot/work/uvicorn-rs/python/uvicorn_rs/_bridge.py", line 16, in invoke
    await app(scope, receive, send)
  File "/Users/lazytrot/work/uvicorn-rs/tests/parity/app.py", line 613, in _app_impl
    await send({"type": "http.response.start", "headers": []})
  File "/Users/lazytrot/work/uvicorn-rs/python/uvicorn_rs/_bridge.py", line 12, in send
    pending = io.send(message)
              ^^^^^^^^^^^^^^^^
ValueError: response.start is missing 'status'
uvicorn-rs: HTTP/3 ASGI request failed: ASGI response.start was attempted but not accepted
uvicorn-rs: HTTP/3 connection from 127.0.0.1:54036 failed: Remote error: ApplicationClose: 0x0
uvicorn-rs: HTTP/3 handshake failed: the cryptographic handshake failed: error 120: peer doesn't support any known protocol
uvicorn-rs: HTTP/3 connection from 127.0.0.1:56301 failed: Remote error: ApplicationClose: 0x0

thread 'tokio-rt-worker' (190310859) panicked at src/lib.rs:74:5:
coverage-injected HTTP/3 connection task panic
uvicorn-rs: HTTP/3 connection task failed: task 685 panicked with message "coverage-injected HTTP/3 connection task panic"
uvicorn-rs: HTTP/3 connection from 127.0.0.1:53031 failed: Remote error: ApplicationClose: 0x0
uvicorn-rs: HTTP/3 connection from 127.0.0.1:59939 failed: coverage-injected runtime error at Http3ConnectionCreateError
uvicorn-rs: HTTP/3 connection from 127.0.0.1:64146 failed: coverage-injected runtime error at Http3ConnectionAcceptError
uvicorn-rs: HTTP/3 request from 127.0.0.1:50225 failed: coverage-injected HTTP/3 request resolution error
uvicorn-rs: HTTP/3 request from 127.0.0.1:51324 failed: invalid HTTP header name
uvicorn-rs: HTTP/3 request from 127.0.0.1:64210 failed: coverage-injected runtime error at Http3ResponseSendError
uvicorn-rs: HTTP/3 request from 127.0.0.1:60599 failed: coverage-injected HTTP/3 response body frame error
uvicorn-rs: HTTP/3 connection from 127.0.0.1:60599 failed: Remote error: ApplicationClose: 0x0
uvicorn-rs: HTTP/3 request from 127.0.0.1:55072 failed: ASGI response body emitted a non-DATA frame
uvicorn-rs: HTTP/3 connection from 127.0.0.1:55072 failed: Remote error: ApplicationClose: 0x0
uvicorn-rs: HTTP/3 request from 127.0.0.1:54208 failed: coverage-injected runtime error at Http3ResponseBodySendError
uvicorn-rs: HTTP/3 connection from 127.0.0.1:54208 failed: Remote error: ApplicationClose: 0x0
uvicorn-rs: HTTP/3 request from 127.0.0.1:55840 failed: coverage-injected runtime error at Http3ResponseFinishError
uvicorn-rs: HTTP/3 connection from 127.0.0.1:55840 failed: Remote error: ApplicationClose: 0x0
uvicorn-rs: ASGI app completed without response.start
uvicorn-rs: HTTP/3 connection from 127.0.0.1:53522 failed: Remote error: ApplicationClose: 0x0
uvicorn-rs: ASGI app completed without response.start
uvicorn-rs: HTTP/3 connection from 127.0.0.1:50017 failed: Remote error: ApplicationClose: 0x0
uvicorn-rs: ASGI app completed without response.start
uvicorn-rs: HTTP/3 connection from 127.0.0.1:57716 failed: Remote error: ApplicationClose: 0x0
uvicorn-rs: HTTP/3 connection from 127.0.0.1:59603 failed: Remote error: ApplicationClose: 0x0
Traceback (most recent call last):
  File "/Users/lazytrot/work/uvicorn-rs/python/uvicorn_rs/_bridge.py", line 16, in invoke
    await app(scope, receive, send)
  File "/Users/lazytrot/work/uvicorn-rs/tests/parity/app.py", line 687, in _app_impl
    await _respond(
  File "/Users/lazytrot/work/uvicorn-rs/tests/parity/app.py", line 70, in _respond
    await send(
  File "/Users/lazytrot/work/uvicorn-rs/python/uvicorn_rs/_bridge.py", line 12, in send
    pending = io.send(message)
              ^^^^^^^^^^^^^^^^
OSError: client disconnected before response start
uvicorn-rs: HTTP/3 ASGI request failed: ASGI response.start was attempted but not accepted
uvicorn-rs: HTTP/3 connection from 127.0.0.1:60151 failed: Remote error: ApplicationClose: 0x0
uvicorn-rs: HTTP/3 connection from 127.0.0.1:52639 failed: Remote error: ApplicationClose: 0x0

thread 'tokio-rt-worker' (190310860) panicked at src/lib.rs:74:5:
coverage-injected HTTP/3 request task panic
uvicorn-rs: HTTP/3 request task failed: task 786 panicked with message "coverage-injected HTTP/3 request task panic"
uvicorn-rs: HTTP/3 connection from 127.0.0.1:55015 failed: Remote error: ApplicationClose: H3_FRAME_UNEXPECTED

--- uvicorn-rs server log ---

thread 'tokio-rt-worker' (190311933) panicked at src/lib.rs:74:5:
coverage-injected HTTP/3 request task panic after response
note: run with `RUST_BACKTRACE=1` environment variable to display a backtrace
uvicorn-rs: HTTP/3 request task failed: task 19 panicked with message "coverage-injected HTTP/3 request task panic after response"
uvicorn-rs: ASGI app completed without response.start
uvicorn-rs: HTTP/3 connection from 127.0.0.1:61443 failed: Remote error: ApplicationClose: 0x0

--- uvicorn-rs server log ---
uvicorn-rs: HTTP/3 request task failed: task 22 was cancelled
uvicorn-rs: HTTP/3 request task failed: task 19 was cancelled
uvicorn-rs: HTTP/3 connection from 127.0.0.1:60240 failed: coverage-injected runtime error at Http3ConnectionAcceptError
uvicorn-rs: HTTP/3 connection from 127.0.0.1:50351 failed: Remote error: ApplicationClose: 0x0

--- uvicorn-rs server log ---
uvicorn-rs: connection task failed: tls handshake eof

--- uvicorn-rs server log ---
uvicorn-rs: connection task failed: tls handshake eof
uvicorn-rs: HTTP/3 connection tasks exceeded grace period; aborting remaining tasks
uvicorn-rs: HTTP/3 shutdown exceeded grace period: deadline has elapsed

--- uvicorn-rs server log ---
uvicorn-rs: connection task failed: tls handshake eof
uvicorn-rs: HTTP/3 shutdown exceeded grace period: deadline has elapsed

--- uvicorn-rs server log ---
uvicorn-rs: connection task failed: tls handshake eof

thread 'tokio-rt-worker' (190312622) panicked at src/lib.rs:74:5:
coverage-injected HTTP/3 connection task panic during shutdown
note: run with `RUST_BACKTRACE=1` environment variable to display a backtrace
uvicorn-rs: HTTP/3 connection task failed during shutdown: task 14 panicked with message "coverage-injected HTTP/3 connection task panic during shutdown"

--- uvicorn-rs server log ---
uvicorn-rs: connection task failed: tls handshake eof
uvicorn-rs: HTTP/3 connection tasks exceeded grace period; aborting remaining tasks

--- uvicorn-rs server log ---
Traceback (most recent call last):
  File "<frozen runpy>", line 198, in _run_module_as_main
  File "<frozen runpy>", line 88, in _run_code
  File "/Users/lazytrot/work/uvicorn-rs/python/uvicorn_rs/__main__.py", line 3, in <module>
    main()
  File "/Users/lazytrot/work/uvicorn-rs/python/uvicorn_rs/cli.py", line 87, in main
    runner.run(run())
  File "/Users/lazytrot/.local/share/uv/python/cpython-3.12.13-macos-aarch64-none/lib/python3.12/asyncio/runners.py", line 118, in run
    return self._loop.run_until_complete(task)
           ^^^^^^^^^^^^^^^^^^^^^^^^^^^^^^^^^^^
  File "uvloop/loop.pyx", line 1515, in uvloop.loop.Loop.run_until_complete
  File "/Users/lazytrot/work/uvicorn-rs/python/uvicorn_rs/cli.py", line 75, in run
    await server_task
  File "/Users/lazytrot/work/uvicorn-rs/python/uvicorn_rs/server.py", line 66, in serve
    await asyncio.shield(native_task)
OSError: accept failed: coverage-injected listener accept error

--- uvicorn-rs server log ---
Traceback (most recent call last):
  File "<frozen runpy>", line 198, in _run_module_as_main
  File "<frozen runpy>", line 88, in _run_code
  File "/Users/lazytrot/work/uvicorn-rs/python/uvicorn_rs/__main__.py", line 3, in <module>
    main()
  File "/Users/lazytrot/work/uvicorn-rs/python/uvicorn_rs/cli.py", line 87, in main
    runner.run(run())
  File "/Users/lazytrot/.local/share/uv/python/cpython-3.12.13-macos-aarch64-none/lib/python3.12/asyncio/runners.py", line 118, in run
    return self._loop.run_until_complete(task)
           ^^^^^^^^^^^^^^^^^^^^^^^^^^^^^^^^^^^
  File "uvloop/loop.pyx", line 1515, in uvloop.loop.Loop.run_until_complete
  File "/Users/lazytrot/work/uvicorn-rs/python/uvicorn_rs/cli.py", line 75, in run
    await server_task
  File "/Users/lazytrot/work/uvicorn-rs/python/uvicorn_rs/server.py", line 66, in serve
    await asyncio.shield(native_task)
OSError: could not bind HTTP/3 endpoint: coverage-injected HTTP/3 endpoint bind error

--- uvicorn-rs server log ---
uvicorn-rs: connection task failed: tls handshake eof

--- uvicorn-rs server log ---
Traceback (most recent call last):
  File "<frozen runpy>", line 198, in _run_module_as_main
  File "<frozen runpy>", line 88, in _run_code
  File "/Users/lazytrot/work/uvicorn-rs/python/uvicorn_rs/__main__.py", line 3, in <module>
    main()
  File "/Users/lazytrot/work/uvicorn-rs/python/uvicorn_rs/cli.py", line 87, in main
    runner.run(run())
  File "/Users/lazytrot/.local/share/uv/python/cpython-3.12.13-macos-aarch64-none/lib/python3.12/asyncio/runners.py", line 118, in run
    return self._loop.run_until_complete(task)
           ^^^^^^^^^^^^^^^^^^^^^^^^^^^^^^^^^^^
  File "uvloop/loop.pyx", line 1515, in uvloop.loop.Loop.run_until_complete
  File "/Users/lazytrot/work/uvicorn-rs/python/uvicorn_rs/cli.py", line 75, in run
    await server_task
  File "/Users/lazytrot/work/uvicorn-rs/python/uvicorn_rs/server.py", line 54, in serve
    _native.serve(
ValueError: invalid HTTP/3 TLS identity: coverage-injected runtime error at ServerQuicTlsConfigError

--- uvicorn server log ---
/Users/lazytrot/work/uvicorn-rs/.venv/lib/python3.12/site-packages/uvicorn/protocols/websockets/websockets_impl.py:41: UvicornDeprecationWarning: The `websockets` implementation is deprecated, and `--ws websockets` will point at the `websockets-sansio` implementation in a future release. Use `--ws websockets-sansio` or `--ws auto` to switch now.
  warnings.warn(
ERROR:    Exception in ASGI application
Traceback (most recent call last):
  File "/Users/lazytrot/work/uvicorn-rs/.venv/lib/python3.12/site-packages/uvicorn/protocols/websockets/websockets_impl.py", line 257, in run_asgi
    result = await self.app(self.scope, self.asgi_receive, self.asgi_send)  # type: ignore[func-returns-value]
             ^^^^^^^^^^^^^^^^^^^^^^^^^^^^^^^^^^^^^^^^^^^^^^^^^^^^^^^^^^^^^
  File "/Users/lazytrot/work/uvicorn-rs/.venv/lib/python3.12/site-packages/uvicorn/middleware/proxy_headers.py", line 63, in __call__
    return await self.app(scope, receive, send)
           ^^^^^^^^^^^^^^^^^^^^^^^^^^^^^^^^^^^^
  File "/Users/lazytrot/work/uvicorn-rs/tests/parity/app.py", line 278, in _app_impl
    await send({"text": "missing event type"})
  File "/Users/lazytrot/work/uvicorn-rs/.venv/lib/python3.12/site-packages/uvicorn/protocols/websockets/websockets_impl.py", line 279, in asgi_send
    if message["type"] == "websocket.accept":
       ~~~~~~~^^^^^^^^
KeyError: 'type'
ERROR:    Exception in ASGI application
Traceback (most recent call last):
  File "/Users/lazytrot/work/uvicorn-rs/.venv/lib/python3.12/site-packages/uvicorn/protocols/websockets/websockets_impl.py", line 257, in run_asgi
    result = await self.app(self.scope, self.asgi_receive, self.asgi_send)  # type: ignore[func-returns-value]
             ^^^^^^^^^^^^^^^^^^^^^^^^^^^^^^^^^^^^^^^^^^^^^^^^^^^^^^^^^^^^^
  File "/Users/lazytrot/work/uvicorn-rs/.venv/lib/python3.12/site-packages/uvicorn/middleware/proxy_headers.py", line 63, in __call__
    return await self.app(scope, receive, send)
           ^^^^^^^^^^^^^^^^^^^^^^^^^^^^^^^^^^^^
  File "/Users/lazytrot/work/uvicorn-rs/tests/parity/app.py", line 281, in _app_impl
    await send({"type": "websocket.ping"})
  File "/Users/lazytrot/work/uvicorn-rs/.venv/lib/python3.12/site-packages/uvicorn/protocols/websockets/websockets_impl.py", line 322, in asgi_send
    raise RuntimeError(
RuntimeError: Expected ASGI message 'websocket.accept', 'websocket.close', or 'websocket.http.response.start' but got 'websocket.ping'.
ERROR:    ASGI callable returned without sending handshake.
ERROR:    Exception in ASGI application
Traceback (most recent call last):
  File "/Users/lazytrot/work/uvicorn-rs/.venv/lib/python3.12/site-packages/uvicorn/protocols/websockets/websockets_impl.py", line 257, in run_asgi
    result = await self.app(self.scope, self.asgi_receive, self.asgi_send)  # type: ignore[func-returns-value]
             ^^^^^^^^^^^^^^^^^^^^^^^^^^^^^^^^^^^^^^^^^^^^^^^^^^^^^^^^^^^^^
  File "/Users/lazytrot/work/uvicorn-rs/.venv/lib/python3.12/site-packages/uvicorn/middleware/proxy_headers.py", line 63, in __call__
    return await self.app(scope, receive, send)
           ^^^^^^^^^^^^^^^^^^^^^^^^^^^^^^^^^^^^
  File "/Users/lazytrot/work/uvicorn-rs/tests/parity/app.py", line 286, in _app_impl
    raise RuntimeError("WebSocket pre-handshake sentinel")
RuntimeError: WebSocket pre-handshake sentinel
ERROR:    Exception in ASGI application
Traceback (most recent call last):
  File "/Users/lazytrot/work/uvicorn-rs/.venv/lib/python3.12/site-packages/uvicorn/protocols/websockets/websockets_impl.py", line 257, in run_asgi
    result = await self.app(self.scope, self.asgi_receive, self.asgi_send)  # type: ignore[func-returns-value]
             ^^^^^^^^^^^^^^^^^^^^^^^^^^^^^^^^^^^^^^^^^^^^^^^^^^^^^^^^^^^^^
  File "/Users/lazytrot/work/uvicorn-rs/.venv/lib/python3.12/site-packages/uvicorn/middleware/proxy_headers.py", line 63, in __call__
    return await self.app(scope, receive, send)
                 ^^^^^^^^^^^^^^^^^^^^^^^^^^^^^^
  File "/Users/lazytrot/work/uvicorn-rs/tests/parity/app.py", line 1099, in app
    raise RuntimeError("parity synchronous WebSocket callable sentinel")
RuntimeError: parity synchronous WebSocket callable sentinel
ERROR:    Exception in ASGI application
Traceback (most recent call last):
  File "/Users/lazytrot/work/uvicorn-rs/.venv/lib/python3.12/site-packages/uvicorn/protocols/websockets/websockets_impl.py", line 257, in run_asgi
    result = await self.app(self.scope, self.asgi_receive, self.asgi_send)  # type: ignore[func-returns-value]
             ^^^^^^^^^^^^^^^^^^^^^^^^^^^^^^^^^^^^^^^^^^^^^^^^^^^^^^^^^^^^^
  File "/Users/lazytrot/work/uvicorn-rs/.venv/lib/python3.12/site-packages/uvicorn/middleware/proxy_headers.py", line 63, in __call__
    return await self.app(scope, receive, send)
           ^^^^^^^^^^^^^^^^^^^^^^^^^^^^^^^^^^^^
  File "/Users/lazytrot/work/uvicorn-rs/tests/parity/app.py", line 288, in _app_impl
    await send({"type": "websocket.send", "text": "too early"})
  File "/Users/lazytrot/work/uvicorn-rs/.venv/lib/python3.12/site-packages/uvicorn/protocols/websockets/websockets_impl.py", line 322, in asgi_send
    raise RuntimeError(
RuntimeError: Expected ASGI message 'websocket.accept', 'websocket.close', or 'websocket.http.response.start' but got 'websocket.send'.
ERROR:    Exception in ASGI application
Traceback (most recent call last):
  File "/Users/lazytrot/work/uvicorn-rs/.venv/lib/python3.12/site-packages/uvicorn/protocols/websockets/websockets_impl.py", line 257, in run_asgi
    result = await self.app(self.scope, self.asgi_receive, self.asgi_send)  # type: ignore[func-returns-value]
             ^^^^^^^^^^^^^^^^^^^^^^^^^^^^^^^^^^^^^^^^^^^^^^^^^^^^^^^^^^^^^
  File "/Users/lazytrot/work/uvicorn-rs/.venv/lib/python3.12/site-packages/uvicorn/middleware/proxy_headers.py", line 63, in __call__
    return await self.app(scope, receive, send)
           ^^^^^^^^^^^^^^^^^^^^^^^^^^^^^^^^^^^^
  File "/Users/lazytrot/work/uvicorn-rs/tests/parity/app.py", line 400, in _app_impl
    await send({"type": "websocket.accept"})
  File "/Users/lazytrot/work/uvicorn-rs/.venv/lib/python3.12/site-packages/uvicorn/protocols/websockets/websockets_impl.py", line 344, in asgi_send
    raise RuntimeError(
RuntimeError: Expected ASGI message 'websocket.send' or 'websocket.close', but got 'websocket.accept'.
ERROR:    Exception in ASGI application
Traceback (most recent call last):
  File "/Users/lazytrot/work/uvicorn-rs/.venv/lib/python3.12/site-packages/uvicorn/protocols/websockets/websockets_impl.py", line 257, in run_asgi
    result = await self.app(self.scope, self.asgi_receive, self.asgi_send)  # type: ignore[func-returns-value]
             ^^^^^^^^^^^^^^^^^^^^^^^^^^^^^^^^^^^^^^^^^^^^^^^^^^^^^^^^^^^^^
  File "/Users/lazytrot/work/uvicorn-rs/.venv/lib/python3.12/site-packages/uvicorn/middleware/proxy_headers.py", line 63, in __call__
    return await self.app(scope, receive, send)
           ^^^^^^^^^^^^^^^^^^^^^^^^^^^^^^^^^^^^
  File "/Users/lazytrot/work/uvicorn-rs/tests/parity/app.py", line 403, in _app_impl
    await send({"type": "websocket.send"})
  File "/Users/lazytrot/work/uvicorn-rs/.venv/lib/python3.12/site-packages/uvicorn/protocols/websockets/websockets_impl.py", line 335, in asgi_send
    await self.send(data)  # type: ignore[arg-type]
    ^^^^^^^^^^^^^^^^^^^^^
  File "/Users/lazytrot/work/uvicorn-rs/.venv/lib/python3.12/site-packages/websockets/legacy/protocol.py", line 720, in send
    raise TypeError("data must be str, bytes-like, or iterable")
TypeError: data must be str, bytes-like, or iterable
ERROR:    Exception in ASGI application
Traceback (most recent call last):
  File "/Users/lazytrot/work/uvicorn-rs/.venv/lib/python3.12/site-packages/uvicorn/protocols/websockets/websockets_impl.py", line 257, in run_asgi
    result = await self.app(self.scope, self.asgi_receive, self.asgi_send)  # type: ignore[func-returns-value]
             ^^^^^^^^^^^^^^^^^^^^^^^^^^^^^^^^^^^^^^^^^^^^^^^^^^^^^^^^^^^^^
  File "/Users/lazytrot/work/uvicorn-rs/.venv/lib/python3.12/site-packages/uvicorn/middleware/proxy_headers.py", line 63, in __call__
    return await self.app(scope, receive, send)
           ^^^^^^^^^^^^^^^^^^^^^^^^^^^^^^^^^^^^
  File "/Users/lazytrot/work/uvicorn-rs/tests/parity/app.py", line 292, in _app_impl
    raise RuntimeError("WebSocket post-accept sentinel")
RuntimeError: WebSocket post-accept sentinel
ERROR:    Exception in ASGI application
Traceback (most recent call last):
  File "/Users/lazytrot/work/uvicorn-rs/.venv/lib/python3.12/site-packages/uvicorn/protocols/websockets/websockets_impl.py", line 257, in run_asgi
    result = await self.app(self.scope, self.asgi_receive, self.asgi_send)  # type: ignore[func-returns-value]
             ^^^^^^^^^^^^^^^^^^^^^^^^^^^^^^^^^^^^^^^^^^^^^^^^^^^^^^^^^^^^^
  File "/Users/lazytrot/work/uvicorn-rs/.venv/lib/python3.12/site-packages/uvicorn/middleware/proxy_headers.py", line 63, in __call__
    return await self.app(scope, receive, send)
           ^^^^^^^^^^^^^^^^^^^^^^^^^^^^^^^^^^^^
  File "/Users/lazytrot/work/uvicorn-rs/tests/parity/app.py", line 262, in _app_impl
    await receive(None)
          ^^^^^^^^^^^^^
TypeError: WebSocketProtocol.asgi_receive() takes 1 positional argument but 2 were given
ERROR:    Exception in ASGI application
Traceback (most recent call last):
  File "/Users/lazytrot/work/uvicorn-rs/.venv/lib/python3.12/site-packages/uvicorn/protocols/websockets/websockets_impl.py", line 257, in run_asgi
    result = await self.app(self.scope, self.asgi_receive, self.asgi_send)  # type: ignore[func-returns-value]
             ^^^^^^^^^^^^^^^^^^^^^^^^^^^^^^^^^^^^^^^^^^^^^^^^^^^^^^^^^^^^^
  File "/Users/lazytrot/work/uvicorn-rs/.venv/lib/python3.12/site-packages/uvicorn/middleware/proxy_headers.py", line 63, in __call__
    return await self.app(scope, receive, send)
           ^^^^^^^^^^^^^^^^^^^^^^^^^^^^^^^^^^^^
  File "/Users/lazytrot/work/uvicorn-rs/tests/parity/app.py", line 258, in _app_impl
    await send({"type": event_type})
  File "/Users/lazytrot/work/uvicorn-rs/.venv/lib/python3.12/site-packages/uvicorn/protocols/websockets/websockets_impl.py", line 322, in asgi_send
    raise RuntimeError(
RuntimeError: Expected ASGI message 'websocket.accept', 'websocket.close', or 'websocket.http.response.start' but got 'http.response.start'.
ERROR:    Exception in ASGI application
Traceback (most recent call last):
  File "/Users/lazytrot/work/uvicorn-rs/.venv/lib/python3.12/site-packages/uvicorn/protocols/websockets/websockets_impl.py", line 257, in run_asgi
    result = await self.app(self.scope, self.asgi_receive, self.asgi_send)  # type: ignore[func-returns-value]
             ^^^^^^^^^^^^^^^^^^^^^^^^^^^^^^^^^^^^^^^^^^^^^^^^^^^^^^^^^^^^^
  File "/Users/lazytrot/work/uvicorn-rs/.venv/lib/python3.12/site-packages/uvicorn/middleware/proxy_headers.py", line 63, in __call__
    return await self.app(scope, receive, send)
           ^^^^^^^^^^^^^^^^^^^^^^^^^^^^^^^^^^^^
  File "/Users/lazytrot/work/uvicorn-rs/tests/parity/app.py", line 258, in _app_impl
    await send({"type": event_type})
  File "/Users/lazytrot/work/uvicorn-rs/.venv/lib/python3.12/site-packages/uvicorn/protocols/websockets/websockets_impl.py", line 322, in asgi_send
    raise RuntimeError(
RuntimeError: Expected ASGI message 'websocket.accept', 'websocket.close', or 'websocket.http.response.start' but got 'http.response.body'.
ERROR:    Exception in ASGI application
Traceback (most recent call last):
  File "/Users/lazytrot/work/uvicorn-rs/.venv/lib/python3.12/site-packages/uvicorn/protocols/websockets/websockets_impl.py", line 257, in run_asgi
    result = await self.app(self.scope, self.asgi_receive, self.asgi_send)  # type: ignore[func-returns-value]
             ^^^^^^^^^^^^^^^^^^^^^^^^^^^^^^^^^^^^^^^^^^^^^^^^^^^^^^^^^^^^^
  File "/Users/lazytrot/work/uvicorn-rs/.venv/lib/python3.12/site-packages/uvicorn/middleware/proxy_headers.py", line 63, in __call__
    return await self.app(scope, receive, send)
           ^^^^^^^^^^^^^^^^^^^^^^^^^^^^^^^^^^^^
  File "/Users/lazytrot/work/uvicorn-rs/tests/parity/app.py", line 360, in _app_impl
    await send({"type": "websocket.close", "code": 1001})
  File "/Users/lazytrot/work/uvicorn-rs/.venv/lib/python3.12/site-packages/uvicorn/protocols/websockets/websockets_impl.py", line 360, in asgi_send
    raise RuntimeError(
RuntimeError: Unexpected ASGI message 'websocket.close', after sending 'websocket.close' or response already completed.
ERROR:    Exception in ASGI application
Traceback (most recent call last):
  File "/Users/lazytrot/work/uvicorn-rs/.venv/lib/python3.12/site-packages/uvicorn/protocols/websockets/websockets_impl.py", line 257, in run_asgi
    result = await self.app(self.scope, self.asgi_receive, self.asgi_send)  # type: ignore[func-returns-value]
             ^^^^^^^^^^^^^^^^^^^^^^^^^^^^^^^^^^^^^^^^^^^^^^^^^^^^^^^^^^^^^
  File "/Users/lazytrot/work/uvicorn-rs/.venv/lib/python3.12/site-packages/uvicorn/middleware/proxy_headers.py", line 63, in __call__
    return await self.app(scope, receive, send)
           ^^^^^^^^^^^^^^^^^^^^^^^^^^^^^^^^^^^^
  File "/Users/lazytrot/work/uvicorn-rs/tests/parity/app.py", line 298, in _app_impl
    await send({"type": "websocket.send", "text": "too late"})
  File "/Users/lazytrot/work/uvicorn-rs/.venv/lib/python3.12/site-packages/uvicorn/protocols/websockets/websockets_impl.py", line 360, in asgi_send
    raise RuntimeError(
RuntimeError: Unexpected ASGI message 'websocket.send', after sending 'websocket.close' or response already completed.
ERROR:    Exception in ASGI application
Traceback (most recent call last):
  File "/Users/lazytrot/work/uvicorn-rs/.venv/lib/python3.12/site-packages/uvicorn/protocols/websockets/websockets_impl.py", line 257, in run_asgi
    result = await self.app(self.scope, self.asgi_receive, self.asgi_send)  # type: ignore[func-returns-value]
             ^^^^^^^^^^^^^^^^^^^^^^^^^^^^^^^^^^^^^^^^^^^^^^^^^^^^^^^^^^^^^
  File "/Users/lazytrot/work/uvicorn-rs/.venv/lib/python3.12/site-packages/uvicorn/middleware/proxy_headers.py", line 63, in __call__
    return await self.app(scope, receive, send)
           ^^^^^^^^^^^^^^^^^^^^^^^^^^^^^^^^^^^^
  File "/Users/lazytrot/work/uvicorn-rs/tests/parity/app.py", line 344, in _app_impl
    await send({"type": "websocket.accept", "headers": 42})
  File "/Users/lazytrot/work/uvicorn-rs/.venv/lib/python3.12/site-packages/uvicorn/protocols/websockets/websockets_impl.py", line 292, in asgi_send
    for name, value in message["headers"]
                       ~~~~~~~^^^^^^^^^^^
TypeError: 'int' object is not iterable
ERROR:    Exception in ASGI application
Traceback (most recent call last):
  File "/Users/lazytrot/work/uvicorn-rs/.venv/lib/python3.12/site-packages/uvicorn/protocols/websockets/websockets_impl.py", line 257, in run_asgi
    result = await self.app(self.scope, self.asgi_receive, self.asgi_send)  # type: ignore[func-returns-value]
             ^^^^^^^^^^^^^^^^^^^^^^^^^^^^^^^^^^^^^^^^^^^^^^^^^^^^^^^^^^^^^
  File "/Users/lazytrot/work/uvicorn-rs/.venv/lib/python3.12/site-packages/uvicorn/middleware/proxy_headers.py", line 63, in __call__
    return await self.app(scope, receive, send)
           ^^^^^^^^^^^^^^^^^^^^^^^^^^^^^^^^^^^^
  File "/Users/lazytrot/work/uvicorn-rs/tests/parity/app.py", line 267, in _app_impl
    await send({"type": "websocket.accept"})
  File "/Users/lazytrot/work/uvicorn-rs/.venv/lib/python3.12/site-packages/uvicorn/protocols/websockets/websockets_impl.py", line 344, in asgi_send
    raise RuntimeError(
RuntimeError: Expected ASGI message 'websocket.send' or 'websocket.close', but got 'websocket.accept'.

--- uvicorn-rs server log ---
uvicorn-rs: connection task failed: error writing a body to connection
uvicorn-rs: WebSocket upgrade failed: operation was canceled
Traceback (most recent call last):
  File "/Users/lazytrot/work/uvicorn-rs/python/uvicorn_rs/_bridge.py", line 16, in invoke
    await app(scope, receive, send)
  File "/Users/lazytrot/work/uvicorn-rs/tests/parity/app.py", line 278, in _app_impl
    await send({"text": "missing event type"})
  File "/Users/lazytrot/work/uvicorn-rs/python/uvicorn_rs/_bridge.py", line 12, in send
    pending = io.send(message)
              ^^^^^^^^^^^^^^^^
ValueError: ASGI message is missing 'type'
Traceback (most recent call last):
  File "/Users/lazytrot/work/uvicorn-rs/python/uvicorn_rs/_bridge.py", line 16, in invoke
    await app(scope, receive, send)
  File "/Users/lazytrot/work/uvicorn-rs/tests/parity/app.py", line 281, in _app_impl
    await send({"type": "websocket.ping"})
  File "/Users/lazytrot/work/uvicorn-rs/python/uvicorn_rs/_bridge.py", line 12, in send
    pending = io.send(message)
              ^^^^^^^^^^^^^^^^
ValueError: unsupported ASGI WebSocket event: websocket.ping
uvicorn-rs: WebSocket request failed: ASGI app returned before accepting or closing the WebSocket
Traceback (most recent call last):
  File "/Users/lazytrot/work/uvicorn-rs/python/uvicorn_rs/_bridge.py", line 16, in invoke
    await app(scope, receive, send)
  File "/Users/lazytrot/work/uvicorn-rs/tests/parity/app.py", line 286, in _app_impl
    raise RuntimeError("WebSocket pre-handshake sentinel")
RuntimeError: WebSocket pre-handshake sentinel
Traceback (most recent call last):
  File "/Users/lazytrot/work/uvicorn-rs/python/uvicorn_rs/_bridge.py", line 16, in invoke
    await app(scope, receive, send)
          ^^^^^^^^^^^^^^^^^^^^^^^^^
  File "/Users/lazytrot/work/uvicorn-rs/tests/parity/app.py", line 1099, in app
    raise RuntimeError("parity synchronous WebSocket callable sentinel")
RuntimeError: parity synchronous WebSocket callable sentinel
Traceback (most recent call last):
  File "/Users/lazytrot/work/uvicorn-rs/python/uvicorn_rs/_bridge.py", line 16, in invoke
    await app(scope, receive, send)
  File "/Users/lazytrot/work/uvicorn-rs/tests/parity/app.py", line 288, in _app_impl
    await send({"type": "websocket.send", "text": "too early"})
  File "/Users/lazytrot/work/uvicorn-rs/python/uvicorn_rs/_bridge.py", line 12, in send
    pending = io.send(message)
              ^^^^^^^^^^^^^^^^
ValueError: websocket.send requires an accepted WebSocket
Traceback (most recent call last):
  File "/Users/lazytrot/work/uvicorn-rs/python/uvicorn_rs/_bridge.py", line 16, in invoke
    await app(scope, receive, send)
  File "/Users/lazytrot/work/uvicorn-rs/tests/parity/app.py", line 400, in _app_impl
    await send({"type": "websocket.accept"})
  File "/Users/lazytrot/work/uvicorn-rs/python/uvicorn_rs/_bridge.py", line 12, in send
    pending = io.send(message)
              ^^^^^^^^^^^^^^^^
ValueError: websocket.accept must be the first WebSocket response
Traceback (most recent call last):
  File "/Users/lazytrot/work/uvicorn-rs/python/uvicorn_rs/_bridge.py", line 16, in invoke
    await app(scope, receive, send)
  File "/Users/lazytrot/work/uvicorn-rs/tests/parity/app.py", line 403, in _app_impl
    await send({"type": "websocket.send"})
  File "/Users/lazytrot/work/uvicorn-rs/python/uvicorn_rs/_bridge.py", line 12, in send
    pending = io.send(message)
              ^^^^^^^^^^^^^^^^
ValueError: websocket.send must contain exactly one of 'text' or 'bytes'
Traceback (most recent call last):
  File "/Users/lazytrot/work/uvicorn-rs/python/uvicorn_rs/_bridge.py", line 16, in invoke
    await app(scope, receive, send)
  File "/Users/lazytrot/work/uvicorn-rs/tests/parity/app.py", line 292, in _app_impl
    raise RuntimeError("WebSocket post-accept sentinel")
RuntimeError: WebSocket post-accept sentinel
Traceback (most recent call last):
  File "/Users/lazytrot/work/uvicorn-rs/python/uvicorn_rs/_bridge.py", line 16, in invoke
    await app(scope, receive, send)
  File "/Users/lazytrot/work/uvicorn-rs/tests/parity/app.py", line 262, in _app_impl
    await receive(None)
          ^^^^^^^^^^^^^
TypeError: invoke.<locals>.receive() takes 0 positional arguments but 1 was given
Traceback (most recent call last):
  File "/Users/lazytrot/work/uvicorn-rs/python/uvicorn_rs/_bridge.py", line 16, in invoke
    await app(scope, receive, send)
  File "/Users/lazytrot/work/uvicorn-rs/tests/parity/app.py", line 406, in _app_impl
    await send({"type": "websocket.send", "text": "text", "bytes": b"bytes"})
  File "/Users/lazytrot/work/uvicorn-rs/python/uvicorn_rs/_bridge.py", line 12, in send
    pending = io.send(message)
              ^^^^^^^^^^^^^^^^
ValueError: websocket.send must contain exactly one of 'text' or 'bytes'
Traceback (most recent call last):
  File "/Users/lazytrot/work/uvicorn-rs/python/uvicorn_rs/_bridge.py", line 16, in invoke
    await app(scope, receive, send)
  File "/Users/lazytrot/work/uvicorn-rs/tests/parity/app.py", line 258, in _app_impl
    await send({"type": event_type})
  File "/Users/lazytrot/work/uvicorn-rs/python/uvicorn_rs/_bridge.py", line 12, in send
    pending = io.send(message)
              ^^^^^^^^^^^^^^^^
ValueError: unsupported ASGI WebSocket event: http.response.start
Traceback (most recent call last):
  File "/Users/lazytrot/work/uvicorn-rs/python/uvicorn_rs/_bridge.py", line 16, in invoke
    await app(scope, receive, send)
  File "/Users/lazytrot/work/uvicorn-rs/tests/parity/app.py", line 258, in _app_impl
    await send({"type": event_type})
  File "/Users/lazytrot/work/uvicorn-rs/python/uvicorn_rs/_bridge.py", line 12, in send
    pending = io.send(message)
              ^^^^^^^^^^^^^^^^
ValueError: unsupported ASGI WebSocket event: http.response.body
uvicorn-rs: WebSocket request failed: invalid HTTP header name
Traceback (most recent call last):
  File "/Users/lazytrot/work/uvicorn-rs/python/uvicorn_rs/_bridge.py", line 16, in invoke
    await app(scope, receive, send)
  File "/Users/lazytrot/work/uvicorn-rs/tests/parity/app.py", line 360, in _app_impl
    await send({"type": "websocket.close", "code": 1001})
  File "/Users/lazytrot/work/uvicorn-rs/python/uvicorn_rs/_bridge.py", line 12, in send
    pending = io.send(message)
              ^^^^^^^^^^^^^^^^
OSError: WebSocket connection is closed
Traceback (most recent call last):
  File "/Users/lazytrot/work/uvicorn-rs/python/uvicorn_rs/_bridge.py", line 16, in invoke
    await app(scope, receive, send)
  File "/Users/lazytrot/work/uvicorn-rs/tests/parity/app.py", line 344, in _app_impl
    await send({"type": "websocket.accept", "headers": 42})
  File "/Users/lazytrot/work/uvicorn-rs/python/uvicorn_rs/_bridge.py", line 12, in send
    pending = io.send(message)
              ^^^^^^^^^^^^^^^^
TypeError: 'int' object is not an instance of 'Sequence'
Traceback (most recent call last):
  File "/Users/lazytrot/work/uvicorn-rs/python/uvicorn_rs/_bridge.py", line 16, in invoke
    await app(scope, receive, send)
  File "/Users/lazytrot/work/uvicorn-rs/tests/parity/app.py", line 347, in _app_impl
    await send({"type": "websocket.accept", "subprotocol": 42})
  File "/Users/lazytrot/work/uvicorn-rs/python/uvicorn_rs/_bridge.py", line 12, in send
    pending = io.send(message)
              ^^^^^^^^^^^^^^^^
TypeError: 'int' object is not an instance of 'str'
Traceback (most recent call last):
  File "/Users/lazytrot/work/uvicorn-rs/python/uvicorn_rs/_bridge.py", line 16, in invoke
    await app(scope, receive, send)
  File "/Users/lazytrot/work/uvicorn-rs/tests/parity/app.py", line 350, in _app_impl
    await send({"type": "websocket.close", "code": "1000"})
  File "/Users/lazytrot/work/uvicorn-rs/python/uvicorn_rs/_bridge.py", line 12, in send
    pending = io.send(message)
              ^^^^^^^^^^^^^^^^
TypeError: 'str' object cannot be interpreted as an integer
uvicorn-rs: WebSocket app task failed: task 321 was cancelled
Traceback (most recent call last):
  File "/Users/lazytrot/work/uvicorn-rs/python/uvicorn_rs/_bridge.py", line 16, in invoke
    await app(scope, receive, send)
  File "/Users/lazytrot/work/uvicorn-rs/tests/parity/app.py", line 248, in _app_impl
    await receive()
  File "/Users/lazytrot/work/uvicorn-rs/python/uvicorn_rs/_bridge.py", line 9, in receive
    return await result
           ^^^^^^^^^^^^
MemoryError: coverage-only injected MemoryError at WebSocketReceiveConnectTypeSetItem
Traceback (most recent call last):
  File "/Users/lazytrot/work/uvicorn-rs/python/uvicorn_rs/_bridge.py", line 16, in invoke
    await app(scope, receive, send)
  File "/Users/lazytrot/work/uvicorn-rs/tests/parity/app.py", line 442, in _app_impl
    message = await receive()
              ^^^^^^^^^^^^^^^
  File "/Users/lazytrot/work/uvicorn-rs/python/uvicorn_rs/_bridge.py", line 9, in receive
    return await result
           ^^^^^^^^^^^^
MemoryError: coverage-only injected MemoryError at WebSocketReceiveTextTypeSetItem
Traceback (most recent call last):
  File "/Users/lazytrot/work/uvicorn-rs/python/uvicorn_rs/_bridge.py", line 16, in invoke
    await app(scope, receive, send)
  File "/Users/lazytrot/work/uvicorn-rs/tests/parity/app.py", line 442, in _app_impl
    message = await receive()
              ^^^^^^^^^^^^^^^
  File "/Users/lazytrot/work/uvicorn-rs/python/uvicorn_rs/_bridge.py", line 9, in receive
    return await result
           ^^^^^^^^^^^^
MemoryError: coverage-only injected MemoryError at WebSocketReceiveTextValueSetItem
Traceback (most recent call last):
  File "/Users/lazytrot/work/uvicorn-rs/python/uvicorn_rs/_bridge.py", line 16, in invoke
    await app(scope, receive, send)
  File "/Users/lazytrot/work/uvicorn-rs/tests/parity/app.py", line 442, in _app_impl
    message = await receive()
              ^^^^^^^^^^^^^^^
  File "/Users/lazytrot/work/uvicorn-rs/python/uvicorn_rs/_bridge.py", line 9, in receive
    return await result
           ^^^^^^^^^^^^
MemoryError: coverage-only injected MemoryError at WebSocketReceiveBinaryTypeSetItem
Traceback (most recent call last):
  File "/Users/lazytrot/work/uvicorn-rs/python/uvicorn_rs/_bridge.py", line 16, in invoke
    await app(scope, receive, send)
  File "/Users/lazytrot/work/uvicorn-rs/tests/parity/app.py", line 442, in _app_impl
    message = await receive()
              ^^^^^^^^^^^^^^^
  File "/Users/lazytrot/work/uvicorn-rs/python/uvicorn_rs/_bridge.py", line 9, in receive
    return await result
           ^^^^^^^^^^^^
MemoryError: coverage-only injected MemoryError at WebSocketReceiveBinaryValueSetItem
Traceback (most recent call last):
  File "/Users/lazytrot/work/uvicorn-rs/python/uvicorn_rs/_bridge.py", line 16, in invoke
    await app(scope, receive, send)
  File "/Users/lazytrot/work/uvicorn-rs/tests/parity/app.py", line 442, in _app_impl
    message = await receive()
              ^^^^^^^^^^^^^^^
  File "/Users/lazytrot/work/uvicorn-rs/python/uvicorn_rs/_bridge.py", line 9, in receive
    return await result
           ^^^^^^^^^^^^
MemoryError: coverage-only injected MemoryError at WebSocketReceiveClosedTypeSetItem
Traceback (most recent call last):
  File "/Users/lazytrot/work/uvicorn-rs/python/uvicorn_rs/_bridge.py", line 16, in invoke
    await app(scope, receive, send)
  File "/Users/lazytrot/work/uvicorn-rs/tests/parity/app.py", line 442, in _app_impl
    message = await receive()
              ^^^^^^^^^^^^^^^
  File "/Users/lazytrot/work/uvicorn-rs/python/uvicorn_rs/_bridge.py", line 9, in receive
    return await result
           ^^^^^^^^^^^^
MemoryError: coverage-only injected MemoryError at WebSocketReceiveClosedCodeSetItem
Traceback (most recent call last):
  File "/Users/lazytrot/work/uvicorn-rs/python/uvicorn_rs/_bridge.py", line 16, in invoke
    await app(scope, receive, send)
  File "/Users/lazytrot/work/uvicorn-rs/tests/parity/app.py", line 442, in _app_impl
    message = await receive()
              ^^^^^^^^^^^^^^^
  File "/Users/lazytrot/work/uvicorn-rs/python/uvicorn_rs/_bridge.py", line 9, in receive
    return await result
           ^^^^^^^^^^^^
MemoryError: coverage-only injected MemoryError at WebSocketReceiveClosedReasonSetItem
Traceback (most recent call last):
  File "/Users/lazytrot/work/uvicorn-rs/python/uvicorn_rs/_bridge.py", line 16, in invoke
    await app(scope, receive, send)
  File "/Users/lazytrot/work/uvicorn-rs/tests/parity/app.py", line 391, in _app_impl
    await send({"type": accept_type, "subprotocol": protocol})
  File "/Users/lazytrot/work/uvicorn-rs/python/uvicorn_rs/_bridge.py", line 12, in send
    pending = io.send(message)
              ^^^^^^^^^^^^^^^^
MemoryError: coverage-only injected MemoryError at AsgiEventTypeWebSocketAcceptEq
Traceback (most recent call last):
  File "/Users/lazytrot/work/uvicorn-rs/python/uvicorn_rs/_bridge.py", line 16, in invoke
    await app(scope, receive, send)
  File "/Users/lazytrot/work/uvicorn-rs/tests/parity/app.py", line 272, in _app_impl
    await send({"type": "websocket.close", "code": 1008, "reason": "denied"})
  File "/Users/lazytrot/work/uvicorn-rs/python/uvicorn_rs/_bridge.py", line 12, in send
    pending = io.send(message)
              ^^^^^^^^^^^^^^^^
MemoryError: coverage-only injected MemoryError at AsgiEventTypeWebSocketCloseEq
Traceback (most recent call last):
  File "/Users/lazytrot/work/uvicorn-rs/python/uvicorn_rs/_bridge.py", line 16, in invoke
    await app(scope, receive, send)
  File "/Users/lazytrot/work/uvicorn-rs/tests/parity/app.py", line 413, in _app_impl
    await send({"type": "websocket.send", "text": "queued final frame"})
  File "/Users/lazytrot/work/uvicorn-rs/python/uvicorn_rs/_bridge.py", line 12, in send
    pending = io.send(message)
              ^^^^^^^^^^^^^^^^
MemoryError: coverage-only injected MemoryError at AsgiEventTypeWebSocketSendEq
Traceback (most recent call last):
  File "/Users/lazytrot/work/uvicorn-rs/python/uvicorn_rs/_bridge.py", line 16, in invoke
    await app(scope, receive, send)
  File "/Users/lazytrot/work/uvicorn-rs/tests/parity/app.py", line 354, in _app_impl
    await send({"type": "websocket.close"})
  File "/Users/lazytrot/work/uvicorn-rs/python/uvicorn_rs/_bridge.py", line 12, in send
    pending = io.send(message)
              ^^^^^^^^^^^^^^^^
MemoryError: coverage-only injected MemoryError at AsgiEventTypeWebSocketCloseEq
Traceback (most recent call last):
  File "/Users/lazytrot/work/uvicorn-rs/python/uvicorn_rs/_bridge.py", line 16, in invoke
    await app(scope, receive, send)
  File "/Users/lazytrot/work/uvicorn-rs/tests/parity/app.py", line 391, in _app_impl
    await send({"type": accept_type, "subprotocol": protocol})
  File "/Users/lazytrot/work/uvicorn-rs/python/uvicorn_rs/_bridge.py", line 12, in send
    pending = io.send(message)
              ^^^^^^^^^^^^^^^^
MemoryError: coverage-only injected MemoryError at WebSocketAsgiSendTypeGetItem
Traceback (most recent call last):
  File "/Users/lazytrot/work/uvicorn-rs/python/uvicorn_rs/_bridge.py", line 16, in invoke
    await app(scope, receive, send)
  File "/Users/lazytrot/work/uvicorn-rs/tests/parity/app.py", line 321, in _app_impl
    await send({
  File "/Users/lazytrot/work/uvicorn-rs/python/uvicorn_rs/_bridge.py", line 12, in send
    pending = io.send(message)
              ^^^^^^^^^^^^^^^^
MemoryError: coverage-only injected MemoryError at WebSocketAcceptSubprotocolGetItem
Traceback (most recent call last):
  File "/Users/lazytrot/work/uvicorn-rs/python/uvicorn_rs/_bridge.py", line 16, in invoke
    await app(scope, receive, send)
  File "/Users/lazytrot/work/uvicorn-rs/tests/parity/app.py", line 321, in _app_impl
    await send({
  File "/Users/lazytrot/work/uvicorn-rs/python/uvicorn_rs/_bridge.py", line 12, in send
    pending = io.send(message)
              ^^^^^^^^^^^^^^^^
MemoryError: coverage-only injected MemoryError at WebSocketAcceptSubprotocolExtract
Traceback (most recent call last):
  File "/Users/lazytrot/work/uvicorn-rs/python/uvicorn_rs/_bridge.py", line 16, in invoke
    await app(scope, receive, send)
  File "/Users/lazytrot/work/uvicorn-rs/tests/parity/app.py", line 321, in _app_impl
    await send({
  File "/Users/lazytrot/work/uvicorn-rs/python/uvicorn_rs/_bridge.py", line 12, in send
    pending = io.send(message)
              ^^^^^^^^^^^^^^^^
MemoryError: coverage-only injected MemoryError at WebSocketAcceptHeadersGetItem
Traceback (most recent call last):
  File "/Users/lazytrot/work/uvicorn-rs/python/uvicorn_rs/_bridge.py", line 16, in invoke
    await app(scope, receive, send)
  File "/Users/lazytrot/work/uvicorn-rs/tests/parity/app.py", line 321, in _app_impl
    await send({
  File "/Users/lazytrot/work/uvicorn-rs/python/uvicorn_rs/_bridge.py", line 12, in send
    pending = io.send(message)
              ^^^^^^^^^^^^^^^^
MemoryError: coverage-only injected MemoryError at WebSocketAcceptHeadersExtract
Traceback (most recent call last):
  File "/Users/lazytrot/work/uvicorn-rs/python/uvicorn_rs/_bridge.py", line 16, in invoke
    await app(scope, receive, send)
  File "/Users/lazytrot/work/uvicorn-rs/tests/parity/app.py", line 438, in _app_impl
    await send({"type": "websocket.close", "code": 1001, "reason": "server draining"})
  File "/Users/lazytrot/work/uvicorn-rs/python/uvicorn_rs/_bridge.py", line 12, in send
    pending = io.send(message)
              ^^^^^^^^^^^^^^^^
MemoryError: coverage-only injected MemoryError at WebSocketCloseCodeGetItem
Traceback (most recent call last):
  File "/Users/lazytrot/work/uvicorn-rs/python/uvicorn_rs/_bridge.py", line 16, in invoke
    await app(scope, receive, send)
  File "/Users/lazytrot/work/uvicorn-rs/tests/parity/app.py", line 438, in _app_impl
    await send({"type": "websocket.close", "code": 1001, "reason": "server draining"})
  File "/Users/lazytrot/work/uvicorn-rs/python/uvicorn_rs/_bridge.py", line 12, in send
    pending = io.send(message)
              ^^^^^^^^^^^^^^^^
MemoryError: coverage-only injected MemoryError at WebSocketCloseCodeExtract
Traceback (most recent call last):
  File "/Users/lazytrot/work/uvicorn-rs/python/uvicorn_rs/_bridge.py", line 16, in invoke
    await app(scope, receive, send)
  File "/Users/lazytrot/work/uvicorn-rs/tests/parity/app.py", line 438, in _app_impl
    await send({"type": "websocket.close", "code": 1001, "reason": "server draining"})
  File "/Users/lazytrot/work/uvicorn-rs/python/uvicorn_rs/_bridge.py", line 12, in send
    pending = io.send(message)
              ^^^^^^^^^^^^^^^^
MemoryError: coverage-only injected MemoryError at WebSocketCloseReasonGetItem
Traceback (most recent call last):
  File "/Users/lazytrot/work/uvicorn-rs/python/uvicorn_rs/_bridge.py", line 16, in invoke
    await app(scope, receive, send)
  File "/Users/lazytrot/work/uvicorn-rs/tests/parity/app.py", line 438, in _app_impl
    await send({"type": "websocket.close", "code": 1001, "reason": "server draining"})
  File "/Users/lazytrot/work/uvicorn-rs/python/uvicorn_rs/_bridge.py", line 12, in send
    pending = io.send(message)
              ^^^^^^^^^^^^^^^^
MemoryError: coverage-only injected MemoryError at WebSocketCloseReasonExtract
Traceback (most recent call last):
  File "/Users/lazytrot/work/uvicorn-rs/python/uvicorn_rs/_bridge.py", line 16, in invoke
    await app(scope, receive, send)
  File "/Users/lazytrot/work/uvicorn-rs/tests/parity/app.py", line 413, in _app_impl
    await send({"type": "websocket.send", "text": "queued final frame"})
  File "/Users/lazytrot/work/uvicorn-rs/python/uvicorn_rs/_bridge.py", line 12, in send
    pending = io.send(message)
              ^^^^^^^^^^^^^^^^
MemoryError: coverage-only injected MemoryError at WebSocketSendTextGetItem
Traceback (most recent call last):
  File "/Users/lazytrot/work/uvicorn-rs/python/uvicorn_rs/_bridge.py", line 16, in invoke
    await app(scope, receive, send)
  File "/Users/lazytrot/work/uvicorn-rs/tests/parity/app.py", line 413, in _app_impl
    await send({"type": "websocket.send", "text": "queued final frame"})
  File "/Users/lazytrot/work/uvicorn-rs/python/uvicorn_rs/_bridge.py", line 12, in send
    pending = io.send(message)
              ^^^^^^^^^^^^^^^^
MemoryError: coverage-only injected MemoryError at WebSocketSendTextExtract
Traceback (most recent call last):
  File "/Users/lazytrot/work/uvicorn-rs/python/uvicorn_rs/_bridge.py", line 16, in invoke
    await app(scope, receive, send)
  File "/Users/lazytrot/work/uvicorn-rs/tests/parity/app.py", line 448, in _app_impl
    await send({"type": "websocket.send", "bytes": message.get("bytes", b"")})
  File "/Users/lazytrot/work/uvicorn-rs/python/uvicorn_rs/_bridge.py", line 12, in send
    pending = io.send(message)
              ^^^^^^^^^^^^^^^^
MemoryError: coverage-only injected MemoryError at WebSocketSendBytesGetItem
Traceback (most recent call last):
  File "/Users/lazytrot/work/uvicorn-rs/python/uvicorn_rs/_bridge.py", line 16, in invoke
    await app(scope, receive, send)
  File "/Users/lazytrot/work/uvicorn-rs/tests/parity/app.py", line 448, in _app_impl
    await send({"type": "websocket.send", "bytes": message.get("bytes", b"")})
  File "/Users/lazytrot/work/uvicorn-rs/python/uvicorn_rs/_bridge.py", line 12, in send
    pending = io.send(message)
              ^^^^^^^^^^^^^^^^
MemoryError: coverage-only injected MemoryError at WebSocketSendBytesExtract

thread '<unnamed>' (190312828) panicked at src/lib.rs:74:5:
coverage-injected WebSocket handshake mutex poison
note: run with `RUST_BACKTRACE=1` environment variable to display a backtrace
Traceback (most recent call last):
  File "/Users/lazytrot/work/uvicorn-rs/python/uvicorn_rs/_bridge.py", line 16, in invoke
    await app(scope, receive, send)
  File "/Users/lazytrot/work/uvicorn-rs/tests/parity/app.py", line 391, in _app_impl
    await send({"type": accept_type, "subprotocol": protocol})
  File "/Users/lazytrot/work/uvicorn-rs/python/uvicorn_rs/_bridge.py", line 12, in send
    pending = io.send(message)
              ^^^^^^^^^^^^^^^^
OSError: WebSocket handshake state poisoned

thread '<unnamed>' (190312828) panicked at src/lib.rs:74:5:
coverage-injected WebSocket handshake mutex poison
Traceback (most recent call last):
  File "/Users/lazytrot/work/uvicorn-rs/python/uvicorn_rs/_bridge.py", line 16, in invoke
    await app(scope, receive, send)
  File "/Users/lazytrot/work/uvicorn-rs/tests/parity/app.py", line 272, in _app_impl
    await send({"type": "websocket.close", "code": 1008, "reason": "denied"})
  File "/Users/lazytrot/work/uvicorn-rs/python/uvicorn_rs/_bridge.py", line 12, in send
    pending = io.send(message)
              ^^^^^^^^^^^^^^^^
OSError: WebSocket handshake state poisoned
uvicorn-rs: WebSocket request failed: ASGI app returned before accepting or closing the WebSocket
uvicorn-rs: WebSocket request failed: ASGI app returned before accepting or closing the WebSocket
uvicorn-rs: WebSocket request failed: ASGI app returned before accepting or closing the WebSocket
uvicorn-rs: WebSocket request failed: ASGI app returned before accepting or closing the WebSocket
Traceback (most recent call last):
  File "/Users/lazytrot/work/uvicorn-rs/python/uvicorn_rs/_bridge.py", line 16, in invoke
    await app(scope, receive, send)
  File "/Users/lazytrot/work/uvicorn-rs/tests/parity/app.py", line 446, in _app_impl
    await send({"type": "websocket.send", "text": message["text"]})
  File "/Users/lazytrot/work/uvicorn-rs/python/uvicorn_rs/_bridge.py", line 12, in send
    pending = io.send(message)
              ^^^^^^^^^^^^^^^^
OSError: WebSocket connection is closed
Traceback (most recent call last):
  File "/Users/lazytrot/work/uvicorn-rs/python/uvicorn_rs/_bridge.py", line 16, in invoke
    await app(scope, receive, send)
  File "/Users/lazytrot/work/uvicorn-rs/tests/parity/app.py", line 394, in _app_impl
    await send({"type": "websocket.send", "text": "queue fault"})
  File "/Users/lazytrot/work/uvicorn-rs/python/uvicorn_rs/_bridge.py", line 14, in send
    await pending
OSError: WebSocket connection is closed
uvicorn-rs: WebSocket session failed: Connection closed normally
uvicorn-rs: WebSocket session failed: Connection closed normally
uvicorn-rs: WebSocket session failed: Connection closed normally
uvicorn-rs: WebSocket request failed: ASGI app returned before accepting or closing the WebSocket
uvicorn-rs: WebSocket request failed: ASGI app returned before accepting or closing the WebSocket

thread 'tokio-rt-worker' (190312831) panicked at src/lib.rs:74:5:
coverage-injected WebSocket application task panic
uvicorn-rs: WebSocket request failed: task 779 panicked with message "coverage-injected WebSocket application task panic"
uvicorn-rs: WebSocket request failed: failed to parse header value
uvicorn-rs: WebSocket request failed: ASGI websocket.accept headers cannot override handshake headers
uvicorn-rs: WebSocket request failed: failed to parse header value
uvicorn-rs: WebSocket request failed: ASGI app returned before accepting or closing the WebSocket
uvicorn-rs: WebSocket request failed: failed to parse header value
uvicorn-rs: WebSocket request failed: max size reached

--- uvicorn server log ---
/Users/lazytrot/work/uvicorn-rs/.venv/lib/python3.12/site-packages/uvicorn/protocols/websockets/websockets_impl.py:41: UvicornDeprecationWarning: The `websockets` implementation is deprecated, and `--ws websockets` will point at the `websockets-sansio` implementation in a future release. Use `--ws websockets-sansio` or `--ws auto` to switch now.
  warnings.warn(

--- uvicorn-rs server log ---
uvicorn-rs: cancelled Python ASGI tasks exceeded the graceful timeout

--- uvicorn-rs server log ---

thread 'tokio-rt-worker' (190313505) panicked at src/lib.rs:74:5:
coverage-injected WebSocket session task panic during shutdown
note: run with `RUST_BACKTRACE=1` environment variable to display a backtrace
uvicorn-rs: WebSocket task failed during shutdown: task 17 panicked with message "coverage-injected WebSocket session task panic during shutdown"

--- uvicorn server log ---
/Users/lazytrot/work/uvicorn-rs/.venv/lib/python3.12/site-packages/uvicorn/protocols/websockets/websockets_impl.py:41: UvicornDeprecationWarning: The `websockets` implementation is deprecated, and `--ws websockets` will point at the `websockets-sansio` implementation in a future release. Use `--ws websockets-sansio` or `--ws auto` to switch now.
  warnings.warn(

--- uvicorn server log ---
ASGI_PARITY_SERVER_STARTUP_FAILURE
Traceback (most recent call last):
  File "/Users/lazytrot/work/uvicorn-rs/tests/parity/startup_probe.py", line 107, in <module>
    main()
  File "/Users/lazytrot/work/uvicorn-rs/tests/parity/startup_probe.py", line 94, in main
    asyncio.run(uvicorn.Server(config).serve())
  File "/Users/lazytrot/.local/share/uv/python/cpython-3.12.13-macos-aarch64-none/lib/python3.12/asyncio/runners.py", line 195, in run
    return runner.run(main)
           ^^^^^^^^^^^^^^^^
  File "/Users/lazytrot/.local/share/uv/python/cpython-3.12.13-macos-aarch64-none/lib/python3.12/asyncio/runners.py", line 118, in run
    return self._loop.run_until_complete(task)
           ^^^^^^^^^^^^^^^^^^^^^^^^^^^^^^^^^^^
  File "/Users/lazytrot/.local/share/uv/python/cpython-3.12.13-macos-aarch64-none/lib/python3.12/asyncio/base_events.py", line 691, in run_until_complete
    return future.result()
           ^^^^^^^^^^^^^^^
  File "/Users/lazytrot/work/uvicorn-rs/.venv/lib/python3.12/site-packages/uvicorn/server.py", line 90, in serve
    await self._serve(sockets)
  File "/Users/lazytrot/work/uvicorn-rs/.venv/lib/python3.12/site-packages/uvicorn/server.py", line 97, in _serve
    config.load()
  File "/Users/lazytrot/work/uvicorn-rs/.venv/lib/python3.12/site-packages/uvicorn/config.py", line 483, in load
    self.ssl = create_ssl_context(
               ^^^^^^^^^^^^^^^^^^^
  File "/Users/lazytrot/work/uvicorn-rs/.venv/lib/python3.12/site-packages/uvicorn/config.py", line 131, in create_ssl_context
    ctx.load_cert_chain(certfile, keyfile, get_password)
FileNotFoundError: [Errno 2] No such file or directory

--- uvicorn-rs server log ---
ASGI_PARITY_SERVER_STARTUP_FAILURE
Traceback (most recent call last):
  File "/Users/lazytrot/work/uvicorn-rs/tests/parity/startup_probe.py", line 107, in <module>
    main()
  File "/Users/lazytrot/work/uvicorn-rs/tests/parity/startup_probe.py", line 80, in main
    asyncio.run(server.serve())
  File "/Users/lazytrot/.local/share/uv/python/cpython-3.12.13-macos-aarch64-none/lib/python3.12/asyncio/runners.py", line 195, in run
    return runner.run(main)
           ^^^^^^^^^^^^^^^^
  File "/Users/lazytrot/.local/share/uv/python/cpython-3.12.13-macos-aarch64-none/lib/python3.12/asyncio/runners.py", line 118, in run
    return self._loop.run_until_complete(task)
           ^^^^^^^^^^^^^^^^^^^^^^^^^^^^^^^^^^^
  File "/Users/lazytrot/.local/share/uv/python/cpython-3.12.13-macos-aarch64-none/lib/python3.12/asyncio/base_events.py", line 691, in run_until_complete
    return future.result()
           ^^^^^^^^^^^^^^^
  File "/Users/lazytrot/work/uvicorn-rs/python/uvicorn_rs/server.py", line 54, in serve
    _native.serve(
ValueError: --certfile and --keyfile must be provided together

--- uvicorn server log ---
ASGI_PARITY_SERVER_STARTUP_FAILURE
Traceback (most recent call last):
  File "/Users/lazytrot/work/uvicorn-rs/tests/parity/startup_probe.py", line 107, in <module>
    main()
  File "/Users/lazytrot/work/uvicorn-rs/tests/parity/startup_probe.py", line 94, in main
    asyncio.run(uvicorn.Server(config).serve())
  File "/Users/lazytrot/.local/share/uv/python/cpython-3.12.13-macos-aarch64-none/lib/python3.12/asyncio/runners.py", line 195, in run
    return runner.run(main)
           ^^^^^^^^^^^^^^^^
  File "/Users/lazytrot/.local/share/uv/python/cpython-3.12.13-macos-aarch64-none/lib/python3.12/asyncio/runners.py", line 118, in run
    return self._loop.run_until_complete(task)
           ^^^^^^^^^^^^^^^^^^^^^^^^^^^^^^^^^^^
  File "/Users/lazytrot/.local/share/uv/python/cpython-3.12.13-macos-aarch64-none/lib/python3.12/asyncio/base_events.py", line 691, in run_until_complete
    return future.result()
           ^^^^^^^^^^^^^^^
  File "/Users/lazytrot/work/uvicorn-rs/.venv/lib/python3.12/site-packages/uvicorn/server.py", line 90, in serve
    await self._serve(sockets)
  File "/Users/lazytrot/work/uvicorn-rs/.venv/lib/python3.12/site-packages/uvicorn/server.py", line 97, in _serve
    config.load()
  File "/Users/lazytrot/work/uvicorn-rs/.venv/lib/python3.12/site-packages/uvicorn/config.py", line 483, in load
    self.ssl = create_ssl_context(
               ^^^^^^^^^^^^^^^^^^^
  File "/Users/lazytrot/work/uvicorn-rs/.venv/lib/python3.12/site-packages/uvicorn/config.py", line 131, in create_ssl_context
    ctx.load_cert_chain(certfile, keyfile, get_password)
FileNotFoundError: [Errno 2] No such file or directory

--- uvicorn-rs server log ---
ASGI_PARITY_SERVER_STARTUP_FAILURE
Traceback (most recent call last):
  File "/Users/lazytrot/work/uvicorn-rs/tests/parity/startup_probe.py", line 107, in <module>
    main()
  File "/Users/lazytrot/work/uvicorn-rs/tests/parity/startup_probe.py", line 80, in main
    asyncio.run(server.serve())
  File "/Users/lazytrot/.local/share/uv/python/cpython-3.12.13-macos-aarch64-none/lib/python3.12/asyncio/runners.py", line 195, in run
    return runner.run(main)
           ^^^^^^^^^^^^^^^^
  File "/Users/lazytrot/.local/share/uv/python/cpython-3.12.13-macos-aarch64-none/lib/python3.12/asyncio/runners.py", line 118, in run
    return self._loop.run_until_complete(task)
           ^^^^^^^^^^^^^^^^^^^^^^^^^^^^^^^^^^^
  File "/Users/lazytrot/.local/share/uv/python/cpython-3.12.13-macos-aarch64-none/lib/python3.12/asyncio/base_events.py", line 691, in run_until_complete
    return future.result()
           ^^^^^^^^^^^^^^^
  File "/Users/lazytrot/work/uvicorn-rs/python/uvicorn_rs/server.py", line 54, in serve
    _native.serve(
OSError: could not read certificate /var/folders/ht/wsllq4_d55x89lcbwb5yvqpc0000gn/T/uvicorn-rs-startup-parity-8pxq5ujo/missing.pem: No such file or directory (os error 2)

--- uvicorn server log ---
INFO:     Started server process [2171]
INFO:     Waiting for application startup.
INFO:     ASGI 'lifespan' protocol appears unsupported.
INFO:     Application startup complete.
ERROR:    [Errno 8] nodename nor servname provided, or not known
ASGI_PARITY_SERVER_STARTUP_FAILURE

--- uvicorn-rs server log ---
ASGI_PARITY_SERVER_STARTUP_FAILURE
Traceback (most recent call last):
  File "/Users/lazytrot/work/uvicorn-rs/tests/parity/startup_probe.py", line 107, in <module>
    main()
  File "/Users/lazytrot/work/uvicorn-rs/tests/parity/startup_probe.py", line 80, in main
    asyncio.run(server.serve())
  File "/Users/lazytrot/.local/share/uv/python/cpython-3.12.13-macos-aarch64-none/lib/python3.12/asyncio/runners.py", line 195, in run
    return runner.run(main)
           ^^^^^^^^^^^^^^^^
  File "/Users/lazytrot/.local/share/uv/python/cpython-3.12.13-macos-aarch64-none/lib/python3.12/asyncio/runners.py", line 118, in run
    return self._loop.run_until_complete(task)
           ^^^^^^^^^^^^^^^^^^^^^^^^^^^^^^^^^^^
  File "/Users/lazytrot/.local/share/uv/python/cpython-3.12.13-macos-aarch64-none/lib/python3.12/asyncio/base_events.py", line 691, in run_until_complete
    return future.result()
           ^^^^^^^^^^^^^^^
  File "/Users/lazytrot/work/uvicorn-rs/python/uvicorn_rs/server.py", line 66, in serve
    await asyncio.shield(native_task)
OSError: could not bind does-not-exist.invalid:0: failed to lookup address information: nodename nor servname provided, or not known

--- uvicorn server log ---
ASGI_PARITY_SERVER_STARTUP_FAILURE
Traceback (most recent call last):
  File "/Users/lazytrot/work/uvicorn-rs/tests/parity/startup_probe.py", line 107, in <module>
    main()
  File "/Users/lazytrot/work/uvicorn-rs/tests/parity/startup_probe.py", line 94, in main
    asyncio.run(uvicorn.Server(config).serve())
  File "/Users/lazytrot/.local/share/uv/python/cpython-3.12.13-macos-aarch64-none/lib/python3.12/asyncio/runners.py", line 195, in run
    return runner.run(main)
           ^^^^^^^^^^^^^^^^
  File "/Users/lazytrot/.local/share/uv/python/cpython-3.12.13-macos-aarch64-none/lib/python3.12/asyncio/runners.py", line 118, in run
    return self._loop.run_until_complete(task)
           ^^^^^^^^^^^^^^^^^^^^^^^^^^^^^^^^^^^
  File "/Users/lazytrot/.local/share/uv/python/cpython-3.12.13-macos-aarch64-none/lib/python3.12/asyncio/base_events.py", line 691, in run_until_complete
    return future.result()
           ^^^^^^^^^^^^^^^
  File "/Users/lazytrot/work/uvicorn-rs/.venv/lib/python3.12/site-packages/uvicorn/server.py", line 90, in serve
    await self._serve(sockets)
  File "/Users/lazytrot/work/uvicorn-rs/.venv/lib/python3.12/site-packages/uvicorn/server.py", line 97, in _serve
    config.load()
  File "/Users/lazytrot/work/uvicorn-rs/.venv/lib/python3.12/site-packages/uvicorn/config.py", line 483, in load
    self.ssl = create_ssl_context(
               ^^^^^^^^^^^^^^^^^^^
  File "/Users/lazytrot/work/uvicorn-rs/.venv/lib/python3.12/site-packages/uvicorn/config.py", line 131, in create_ssl_context
    ctx.load_cert_chain(certfile, keyfile, get_password)
ssl.SSLError: [SSL] PEM lib (_ssl.c:3855)

--- uvicorn-rs server log ---
ASGI_PARITY_SERVER_STARTUP_FAILURE
Traceback (most recent call last):
  File "/Users/lazytrot/work/uvicorn-rs/tests/parity/startup_probe.py", line 107, in <module>
    main()
  File "/Users/lazytrot/work/uvicorn-rs/tests/parity/startup_probe.py", line 80, in main
    asyncio.run(server.serve())
  File "/Users/lazytrot/.local/share/uv/python/cpython-3.12.13-macos-aarch64-none/lib/python3.12/asyncio/runners.py", line 195, in run
    return runner.run(main)
           ^^^^^^^^^^^^^^^^
  File "/Users/lazytrot/.local/share/uv/python/cpython-3.12.13-macos-aarch64-none/lib/python3.12/asyncio/runners.py", line 118, in run
    return self._loop.run_until_complete(task)
           ^^^^^^^^^^^^^^^^^^^^^^^^^^^^^^^^^^^
  File "/Users/lazytrot/.local/share/uv/python/cpython-3.12.13-macos-aarch64-none/lib/python3.12/asyncio/base_events.py", line 691, in run_until_complete
    return future.result()
           ^^^^^^^^^^^^^^^
  File "/Users/lazytrot/work/uvicorn-rs/python/uvicorn_rs/server.py", line 54, in serve
    _native.serve(
ValueError: certificate file contains no certificates

--- uvicorn server log ---
ASGI_PARITY_SERVER_STARTUP_FAILURE
Traceback (most recent call last):
  File "/Users/lazytrot/work/uvicorn-rs/tests/parity/startup_probe.py", line 107, in <module>
    main()
  File "/Users/lazytrot/work/uvicorn-rs/tests/parity/startup_probe.py", line 94, in main
    asyncio.run(uvicorn.Server(config).serve())
  File "/Users/lazytrot/.local/share/uv/python/cpython-3.12.13-macos-aarch64-none/lib/python3.12/asyncio/runners.py", line 195, in run
    return runner.run(main)
           ^^^^^^^^^^^^^^^^
  File "/Users/lazytrot/.local/share/uv/python/cpython-3.12.13-macos-aarch64-none/lib/python3.12/asyncio/runners.py", line 118, in run
    return self._loop.run_until_complete(task)
           ^^^^^^^^^^^^^^^^^^^^^^^^^^^^^^^^^^^
  File "/Users/lazytrot/.local/share/uv/python/cpython-3.12.13-macos-aarch64-none/lib/python3.12/asyncio/base_events.py", line 691, in run_until_complete
    return future.result()
           ^^^^^^^^^^^^^^^
  File "/Users/lazytrot/work/uvicorn-rs/.venv/lib/python3.12/site-packages/uvicorn/server.py", line 90, in serve
    await self._serve(sockets)
  File "/Users/lazytrot/work/uvicorn-rs/.venv/lib/python3.12/site-packages/uvicorn/server.py", line 97, in _serve
    config.load()
  File "/Users/lazytrot/work/uvicorn-rs/.venv/lib/python3.12/site-packages/uvicorn/config.py", line 483, in load
    self.ssl = create_ssl_context(
               ^^^^^^^^^^^^^^^^^^^
  File "/Users/lazytrot/work/uvicorn-rs/.venv/lib/python3.12/site-packages/uvicorn/config.py", line 131, in create_ssl_context
    ctx.load_cert_chain(certfile, keyfile, get_password)
ssl.SSLError: [SSL] PEM lib (_ssl.c:3855)

--- uvicorn-rs server log ---
ASGI_PARITY_SERVER_STARTUP_FAILURE
Traceback (most recent call last):
  File "/Users/lazytrot/work/uvicorn-rs/tests/parity/startup_probe.py", line 107, in <module>
    main()
  File "/Users/lazytrot/work/uvicorn-rs/tests/parity/startup_probe.py", line 80, in main
    asyncio.run(server.serve())
  File "/Users/lazytrot/.local/share/uv/python/cpython-3.12.13-macos-aarch64-none/lib/python3.12/asyncio/runners.py", line 195, in run
    return runner.run(main)
           ^^^^^^^^^^^^^^^^
  File "/Users/lazytrot/.local/share/uv/python/cpython-3.12.13-macos-aarch64-none/lib/python3.12/asyncio/runners.py", line 118, in run
    return self._loop.run_until_complete(task)
           ^^^^^^^^^^^^^^^^^^^^^^^^^^^^^^^^^^^
  File "/Users/lazytrot/.local/share/uv/python/cpython-3.12.13-macos-aarch64-none/lib/python3.12/asyncio/base_events.py", line 691, in run_until_complete
    return future.result()
           ^^^^^^^^^^^^^^^
  File "/Users/lazytrot/work/uvicorn-rs/python/uvicorn_rs/server.py", line 54, in serve
    _native.serve(
ValueError: invalid certificate PEM: InvalidCharacter(33)

--- uvicorn server log ---
ASGI_PARITY_SERVER_STARTUP_FAILURE
Traceback (most recent call last):
  File "/Users/lazytrot/work/uvicorn-rs/tests/parity/startup_probe.py", line 107, in <module>
    main()
  File "/Users/lazytrot/work/uvicorn-rs/tests/parity/startup_probe.py", line 94, in main
    asyncio.run(uvicorn.Server(config).serve())
  File "/Users/lazytrot/.local/share/uv/python/cpython-3.12.13-macos-aarch64-none/lib/python3.12/asyncio/runners.py", line 195, in run
    return runner.run(main)
           ^^^^^^^^^^^^^^^^
  File "/Users/lazytrot/.local/share/uv/python/cpython-3.12.13-macos-aarch64-none/lib/python3.12/asyncio/runners.py", line 118, in run
    return self._loop.run_until_complete(task)
           ^^^^^^^^^^^^^^^^^^^^^^^^^^^^^^^^^^^
  File "/Users/lazytrot/.local/share/uv/python/cpython-3.12.13-macos-aarch64-none/lib/python3.12/asyncio/base_events.py", line 691, in run_until_complete
    return future.result()
           ^^^^^^^^^^^^^^^
  File "/Users/lazytrot/work/uvicorn-rs/.venv/lib/python3.12/site-packages/uvicorn/server.py", line 90, in serve
    await self._serve(sockets)
  File "/Users/lazytrot/work/uvicorn-rs/.venv/lib/python3.12/site-packages/uvicorn/server.py", line 97, in _serve
    config.load()
  File "/Users/lazytrot/work/uvicorn-rs/.venv/lib/python3.12/site-packages/uvicorn/config.py", line 483, in load
    self.ssl = create_ssl_context(
               ^^^^^^^^^^^^^^^^^^^
  File "/Users/lazytrot/work/uvicorn-rs/.venv/lib/python3.12/site-packages/uvicorn/config.py", line 131, in create_ssl_context
    ctx.load_cert_chain(certfile, keyfile, get_password)
FileNotFoundError: [Errno 2] No such file or directory

--- uvicorn-rs server log ---
ASGI_PARITY_SERVER_STARTUP_FAILURE
Traceback (most recent call last):
  File "/Users/lazytrot/work/uvicorn-rs/tests/parity/startup_probe.py", line 107, in <module>
    main()
  File "/Users/lazytrot/work/uvicorn-rs/tests/parity/startup_probe.py", line 80, in main
    asyncio.run(server.serve())
  File "/Users/lazytrot/.local/share/uv/python/cpython-3.12.13-macos-aarch64-none/lib/python3.12/asyncio/runners.py", line 195, in run
    return runner.run(main)
           ^^^^^^^^^^^^^^^^
  File "/Users/lazytrot/.local/share/uv/python/cpython-3.12.13-macos-aarch64-none/lib/python3.12/asyncio/runners.py", line 118, in run
    return self._loop.run_until_complete(task)
           ^^^^^^^^^^^^^^^^^^^^^^^^^^^^^^^^^^^
  File "/Users/lazytrot/.local/share/uv/python/cpython-3.12.13-macos-aarch64-none/lib/python3.12/asyncio/base_events.py", line 691, in run_until_complete
    return future.result()
           ^^^^^^^^^^^^^^^
  File "/Users/lazytrot/work/uvicorn-rs/python/uvicorn_rs/server.py", line 54, in serve
    _native.serve(
OSError: could not read private key /var/folders/ht/wsllq4_d55x89lcbwb5yvqpc0000gn/T/uvicorn-rs-startup-parity-u8e9qhie/missing-key.pem: No such file or directory (os error 2)

--- uvicorn server log ---
ASGI_PARITY_SERVER_STARTUP_FAILURE
Traceback (most recent call last):
  File "/Users/lazytrot/work/uvicorn-rs/tests/parity/startup_probe.py", line 107, in <module>
    main()
  File "/Users/lazytrot/work/uvicorn-rs/tests/parity/startup_probe.py", line 94, in main
    asyncio.run(uvicorn.Server(config).serve())
  File "/Users/lazytrot/.local/share/uv/python/cpython-3.12.13-macos-aarch64-none/lib/python3.12/asyncio/runners.py", line 195, in run
    return runner.run(main)
           ^^^^^^^^^^^^^^^^
  File "/Users/lazytrot/.local/share/uv/python/cpython-3.12.13-macos-aarch64-none/lib/python3.12/asyncio/runners.py", line 118, in run
    return self._loop.run_until_complete(task)
           ^^^^^^^^^^^^^^^^^^^^^^^^^^^^^^^^^^^
  File "/Users/lazytrot/.local/share/uv/python/cpython-3.12.13-macos-aarch64-none/lib/python3.12/asyncio/base_events.py", line 691, in run_until_complete
    return future.result()
           ^^^^^^^^^^^^^^^
  File "/Users/lazytrot/work/uvicorn-rs/.venv/lib/python3.12/site-packages/uvicorn/server.py", line 90, in serve
    await self._serve(sockets)
  File "/Users/lazytrot/work/uvicorn-rs/.venv/lib/python3.12/site-packages/uvicorn/server.py", line 97, in _serve
    config.load()
  File "/Users/lazytrot/work/uvicorn-rs/.venv/lib/python3.12/site-packages/uvicorn/config.py", line 483, in load
    self.ssl = create_ssl_context(
               ^^^^^^^^^^^^^^^^^^^
  File "/Users/lazytrot/work/uvicorn-rs/.venv/lib/python3.12/site-packages/uvicorn/config.py", line 131, in create_ssl_context
    ctx.load_cert_chain(certfile, keyfile, get_password)
ssl.SSLError: [SSL] PEM lib (_ssl.c:3876)

--- uvicorn-rs server log ---
ASGI_PARITY_SERVER_STARTUP_FAILURE
Traceback (most recent call last):
  File "/Users/lazytrot/work/uvicorn-rs/tests/parity/startup_probe.py", line 107, in <module>
    main()
  File "/Users/lazytrot/work/uvicorn-rs/tests/parity/startup_probe.py", line 80, in main
    asyncio.run(server.serve())
  File "/Users/lazytrot/.local/share/uv/python/cpython-3.12.13-macos-aarch64-none/lib/python3.12/asyncio/runners.py", line 195, in run
    return runner.run(main)
           ^^^^^^^^^^^^^^^^
  File "/Users/lazytrot/.local/share/uv/python/cpython-3.12.13-macos-aarch64-none/lib/python3.12/asyncio/runners.py", line 118, in run
    return self._loop.run_until_complete(task)
           ^^^^^^^^^^^^^^^^^^^^^^^^^^^^^^^^^^^
  File "/Users/lazytrot/.local/share/uv/python/cpython-3.12.13-macos-aarch64-none/lib/python3.12/asyncio/base_events.py", line 691, in run_until_complete
    return future.result()
           ^^^^^^^^^^^^^^^
  File "/Users/lazytrot/work/uvicorn-rs/python/uvicorn_rs/server.py", line 54, in serve
    _native.serve(
ValueError: private-key file contains no supported key

--- uvicorn server log ---
ASGI_PARITY_SERVER_STARTUP_FAILURE
Traceback (most recent call last):
  File "/Users/lazytrot/work/uvicorn-rs/tests/parity/startup_probe.py", line 107, in <module>
    main()
  File "/Users/lazytrot/work/uvicorn-rs/tests/parity/startup_probe.py", line 94, in main
    asyncio.run(uvicorn.Server(config).serve())
  File "/Users/lazytrot/.local/share/uv/python/cpython-3.12.13-macos-aarch64-none/lib/python3.12/asyncio/runners.py", line 195, in run
    return runner.run(main)
           ^^^^^^^^^^^^^^^^
  File "/Users/lazytrot/.local/share/uv/python/cpython-3.12.13-macos-aarch64-none/lib/python3.12/asyncio/runners.py", line 118, in run
    return self._loop.run_until_complete(task)
           ^^^^^^^^^^^^^^^^^^^^^^^^^^^^^^^^^^^
  File "/Users/lazytrot/.local/share/uv/python/cpython-3.12.13-macos-aarch64-none/lib/python3.12/asyncio/base_events.py", line 691, in run_until_complete
    return future.result()
           ^^^^^^^^^^^^^^^
  File "/Users/lazytrot/work/uvicorn-rs/.venv/lib/python3.12/site-packages/uvicorn/server.py", line 90, in serve
    await self._serve(sockets)
  File "/Users/lazytrot/work/uvicorn-rs/.venv/lib/python3.12/site-packages/uvicorn/server.py", line 97, in _serve
    config.load()
  File "/Users/lazytrot/work/uvicorn-rs/.venv/lib/python3.12/site-packages/uvicorn/config.py", line 483, in load
    self.ssl = create_ssl_context(
               ^^^^^^^^^^^^^^^^^^^
  File "/Users/lazytrot/work/uvicorn-rs/.venv/lib/python3.12/site-packages/uvicorn/config.py", line 131, in create_ssl_context
    ctx.load_cert_chain(certfile, keyfile, get_password)
ssl.SSLError: [SSL] PEM lib (_ssl.c:3876)

--- uvicorn-rs server log ---
ASGI_PARITY_SERVER_STARTUP_FAILURE
Traceback (most recent call last):
  File "/Users/lazytrot/work/uvicorn-rs/tests/parity/startup_probe.py", line 107, in <module>
    main()
  File "/Users/lazytrot/work/uvicorn-rs/tests/parity/startup_probe.py", line 80, in main
    asyncio.run(server.serve())
  File "/Users/lazytrot/.local/share/uv/python/cpython-3.12.13-macos-aarch64-none/lib/python3.12/asyncio/runners.py", line 195, in run
    return runner.run(main)
           ^^^^^^^^^^^^^^^^
  File "/Users/lazytrot/.local/share/uv/python/cpython-3.12.13-macos-aarch64-none/lib/python3.12/asyncio/runners.py", line 118, in run
    return self._loop.run_until_complete(task)
           ^^^^^^^^^^^^^^^^^^^^^^^^^^^^^^^^^^^
  File "/Users/lazytrot/.local/share/uv/python/cpython-3.12.13-macos-aarch64-none/lib/python3.12/asyncio/base_events.py", line 691, in run_until_complete
    return future.result()
           ^^^^^^^^^^^^^^^
  File "/Users/lazytrot/work/uvicorn-rs/python/uvicorn_rs/server.py", line 54, in serve
    _native.serve(
ValueError: invalid private-key PEM: InvalidCharacter(33)

--- uvicorn server log ---
ASGI_PARITY_SERVER_STARTUP_FAILURE
Traceback (most recent call last):
  File "/Users/lazytrot/work/uvicorn-rs/tests/parity/startup_probe.py", line 107, in <module>
    main()
  File "/Users/lazytrot/work/uvicorn-rs/tests/parity/startup_probe.py", line 94, in main
    asyncio.run(uvicorn.Server(config).serve())
  File "/Users/lazytrot/.local/share/uv/python/cpython-3.12.13-macos-aarch64-none/lib/python3.12/asyncio/runners.py", line 195, in run
    return runner.run(main)
           ^^^^^^^^^^^^^^^^
  File "/Users/lazytrot/.local/share/uv/python/cpython-3.12.13-macos-aarch64-none/lib/python3.12/asyncio/runners.py", line 118, in run
    return self._loop.run_until_complete(task)
           ^^^^^^^^^^^^^^^^^^^^^^^^^^^^^^^^^^^
  File "/Users/lazytrot/.local/share/uv/python/cpython-3.12.13-macos-aarch64-none/lib/python3.12/asyncio/base_events.py", line 691, in run_until_complete
    return future.result()
           ^^^^^^^^^^^^^^^
  File "/Users/lazytrot/work/uvicorn-rs/.venv/lib/python3.12/site-packages/uvicorn/server.py", line 90, in serve
    await self._serve(sockets)
  File "/Users/lazytrot/work/uvicorn-rs/.venv/lib/python3.12/site-packages/uvicorn/server.py", line 97, in _serve
    config.load()
  File "/Users/lazytrot/work/uvicorn-rs/.venv/lib/python3.12/site-packages/uvicorn/config.py", line 483, in load
    self.ssl = create_ssl_context(
               ^^^^^^^^^^^^^^^^^^^
  File "/Users/lazytrot/work/uvicorn-rs/.venv/lib/python3.12/site-packages/uvicorn/config.py", line 131, in create_ssl_context
    ctx.load_cert_chain(certfile, keyfile, get_password)
ssl.SSLError: [X509: KEY_VALUES_MISMATCH] key values mismatch (_ssl.c:3876)

--- uvicorn-rs server log ---
ASGI_PARITY_SERVER_STARTUP_FAILURE
Traceback (most recent call last):
  File "/Users/lazytrot/work/uvicorn-rs/tests/parity/startup_probe.py", line 107, in <module>
    main()
  File "/Users/lazytrot/work/uvicorn-rs/tests/parity/startup_probe.py", line 80, in main
    asyncio.run(server.serve())
  File "/Users/lazytrot/.local/share/uv/python/cpython-3.12.13-macos-aarch64-none/lib/python3.12/asyncio/runners.py", line 195, in run
    return runner.run(main)
           ^^^^^^^^^^^^^^^^
  File "/Users/lazytrot/.local/share/uv/python/cpython-3.12.13-macos-aarch64-none/lib/python3.12/asyncio/runners.py", line 118, in run
    return self._loop.run_until_complete(task)
           ^^^^^^^^^^^^^^^^^^^^^^^^^^^^^^^^^^^
  File "/Users/lazytrot/.local/share/uv/python/cpython-3.12.13-macos-aarch64-none/lib/python3.12/asyncio/base_events.py", line 691, in run_until_complete
    return future.result()
           ^^^^^^^^^^^^^^^
  File "/Users/lazytrot/work/uvicorn-rs/python/uvicorn_rs/server.py", line 54, in serve
    _native.serve(
ValueError: invalid TLS identity: keys may not be consistent: KeyMismatch

--- uvicorn server log ---
/Users/lazytrot/work/uvicorn-rs/.venv/lib/python3.12/site-packages/uvicorn/protocols/websockets/websockets_impl.py:41: UvicornDeprecationWarning: The `websockets` implementation is deprecated, and `--ws websockets` will point at the `websockets-sansio` implementation in a future release. Use `--ws websockets-sansio` or `--ws auto` to switch now.
  warnings.warn(
ERROR:    Cancel 1 running task(s), timeout graceful shutdown exceeded
ERROR:    Exception in ASGI application
Traceback (most recent call last):
  File "/Users/lazytrot/work/uvicorn-rs/.venv/lib/python3.12/site-packages/uvicorn/protocols/http/httptools_impl.py", line 422, in run_asgi
    result = await app(  # type: ignore[func-returns-value]
             ^^^^^^^^^^^^^^^^^^^^^^^^^^^^^^^^^^^^^^^^^^^^^^
  File "/Users/lazytrot/work/uvicorn-rs/.venv/lib/python3.12/site-packages/uvicorn/middleware/proxy_headers.py", line 63, in __call__
    return await self.app(scope, receive, send)
           ^^^^^^^^^^^^^^^^^^^^^^^^^^^^^^^^^^^^
  File "/Users/lazytrot/work/uvicorn-rs/tests/parity/app.py", line 1077, in _app_impl
    await asyncio.Event().wait()
  File "/Users/lazytrot/.local/share/uv/python/cpython-3.12.13-macos-aarch64-none/lib/python3.12/asyncio/locks.py", line 212, in wait
    await fut
asyncio.exceptions.CancelledError: Task cancelled, timeout graceful shutdown exceeded

--- uvicorn server log ---
/Users/lazytrot/work/uvicorn-rs/.venv/lib/python3.12/site-packages/uvicorn/protocols/websockets/websockets_impl.py:41: UvicornDeprecationWarning: The `websockets` implementation is deprecated, and `--ws websockets` will point at the `websockets-sansio` implementation in a future release. Use `--ws websockets-sansio` or `--ws auto` to switch now.
  warnings.warn(

--- uvicorn server log ---
/Users/lazytrot/work/uvicorn-rs/.venv/lib/python3.12/site-packages/uvicorn/protocols/websockets/websockets_impl.py:41: UvicornDeprecationWarning: The `websockets` implementation is deprecated, and `--ws websockets` will point at the `websockets-sansio` implementation in a future release. Use `--ws websockets-sansio` or `--ws auto` to switch now.
  warnings.warn(

--- uvicorn server log ---
/Users/lazytrot/work/uvicorn-rs/.venv/lib/python3.12/site-packages/uvicorn/protocols/websockets/websockets_impl.py:41: UvicornDeprecationWarning: The `websockets` implementation is deprecated, and `--ws websockets` will point at the `websockets-sansio` implementation in a future release. Use `--ws websockets-sansio` or `--ws auto` to switch now.
  warnings.warn(

--- uvicorn server log ---
/Users/lazytrot/work/uvicorn-rs/.venv/lib/python3.12/site-packages/uvicorn/protocols/websockets/websockets_impl.py:41: UvicornDeprecationWarning: The `websockets` implementation is deprecated, and `--ws websockets` will point at the `websockets-sansio` implementation in a future release. Use `--ws websockets-sansio` or `--ws auto` to switch now.
  warnings.warn(
ERROR:    Cancel 1 running task(s), timeout graceful shutdown exceeded
ERROR:    Exception in ASGI application
Traceback (most recent call last):
  File "/Users/lazytrot/work/uvicorn-rs/.venv/lib/python3.12/site-packages/uvicorn/protocols/http/httptools_impl.py", line 422, in run_asgi
    result = await app(  # type: ignore[func-returns-value]
             ^^^^^^^^^^^^^^^^^^^^^^^^^^^^^^^^^^^^^^^^^^^^^^
  File "/Users/lazytrot/work/uvicorn-rs/.venv/lib/python3.12/site-packages/uvicorn/middleware/proxy_headers.py", line 63, in __call__
    return await self.app(scope, receive, send)
           ^^^^^^^^^^^^^^^^^^^^^^^^^^^^^^^^^^^^
  File "/Users/lazytrot/work/uvicorn-rs/tests/parity/app.py", line 844, in _app_impl
    await send({"type": "http.response.body", "body": chunk, "more_body": True})
  File "/Users/lazytrot/work/uvicorn-rs/.venv/lib/python3.12/site-packages/uvicorn/protocols/http/httptools_impl.py", line 465, in send
    await self.flow.drain()  # pragma: full coverage
    ^^^^^^^^^^^^^^^^^^^^^^^
  File "/Users/lazytrot/work/uvicorn-rs/.venv/lib/python3.12/site-packages/uvicorn/protocols/http/flow_control.py", line 19, in drain
    await self._is_writable_event.wait()  # pragma: full coverage
    ^^^^^^^^^^^^^^^^^^^^^^^^^^^^^^^^^^^^
  File "/Users/lazytrot/.local/share/uv/python/cpython-3.12.13-macos-aarch64-none/lib/python3.12/asyncio/locks.py", line 212, in wait
    await fut
asyncio.exceptions.CancelledError: Task cancelled, timeout graceful shutdown exceeded

--- uvicorn-rs server log ---
uvicorn-rs: connection task failed during shutdown: error writing a body to connection

--- uvicorn-rs server log ---
uvicorn-rs: connection task failed during shutdown: coverage-injected connection service error during shutdown

--- uvicorn-rs server log ---
uvicorn-rs: connection task failed during shutdown: task 15 was cancelled

--- uvicorn-rs server log ---
MemoryError: coverage-only injected MemoryError at PythonTaskCancelGetAttr
uvicorn-rs: cancelled Python ASGI tasks exceeded the graceful timeout
uvicorn-rs: Python ASGI cancellation cleanup exceeded the graceful timeout

--- uvicorn-rs server log ---
MemoryError: coverage-only injected MemoryError at PythonTaskCancelContextSetItem
uvicorn-rs: cancelled Python ASGI tasks exceeded the graceful timeout
uvicorn-rs: Python ASGI cancellation cleanup exceeded the graceful timeout

--- uvicorn-rs server log ---
MemoryError: coverage-only injected MemoryError at PythonTaskCancelScheduleCall
uvicorn-rs: cancelled Python ASGI tasks exceeded the graceful timeout
uvicorn-rs: Python ASGI cancellation cleanup exceeded the graceful timeout

--- uvicorn server log ---
/Users/lazytrot/work/uvicorn-rs/.venv/lib/python3.12/site-packages/uvicorn/protocols/websockets/websockets_impl.py:41: UvicornDeprecationWarning: The `websockets` implementation is deprecated, and `--ws websockets` will point at the `websockets-sansio` implementation in a future release. Use `--ws websockets-sansio` or `--ws auto` to switch now.
  warnings.warn(
ERROR:    Cancel 1 running task(s), timeout graceful shutdown exceeded
ERROR:    Exception in ASGI application
Traceback (most recent call last):
  File "/Users/lazytrot/work/uvicorn-rs/.venv/lib/python3.12/site-packages/uvicorn/protocols/http/httptools_impl.py", line 422, in run_asgi
    result = await app(  # type: ignore[func-returns-value]
             ^^^^^^^^^^^^^^^^^^^^^^^^^^^^^^^^^^^^^^^^^^^^^^
  File "/Users/lazytrot/work/uvicorn-rs/.venv/lib/python3.12/site-packages/uvicorn/middleware/proxy_headers.py", line 63, in __call__
    return await self.app(scope, receive, send)
           ^^^^^^^^^^^^^^^^^^^^^^^^^^^^^^^^^^^^
  File "/Users/lazytrot/work/uvicorn-rs/tests/parity/app.py", line 1077, in _app_impl
    await asyncio.Event().wait()
  File "/Users/lazytrot/.local/share/uv/python/cpython-3.12.13-macos-aarch64-none/lib/python3.12/asyncio/locks.py", line 212, in wait
    await fut
asyncio.exceptions.CancelledError: Task cancelled, timeout graceful shutdown exceeded

--- uvicorn server log ---
/Users/lazytrot/work/uvicorn-rs/.venv/lib/python3.12/site-packages/uvicorn/protocols/websockets/websockets_impl.py:41: UvicornDeprecationWarning: The `websockets` implementation is deprecated, and `--ws websockets` will point at the `websockets-sansio` implementation in a future release. Use `--ws websockets-sansio` or `--ws auto` to switch now.
  warnings.warn(
ERROR:    Cancel 0 running task(s), timeout graceful shutdown exceeded

--- uvicorn server log ---
/Users/lazytrot/work/uvicorn-rs/.venv/lib/python3.12/site-packages/uvicorn/protocols/websockets/websockets_impl.py:41: UvicornDeprecationWarning: The `websockets` implementation is deprecated, and `--ws websockets` will point at the `websockets-sansio` implementation in a future release. Use `--ws websockets-sansio` or `--ws auto` to switch now.
  warnings.warn(

--- uvicorn-rs server log ---
uvicorn-rs: connection task failed during shutdown: error writing a body to connection

--- uvicorn server log ---
/Users/lazytrot/work/uvicorn-rs/.venv/lib/python3.12/site-packages/uvicorn/protocols/websockets/websockets_impl.py:41: UvicornDeprecationWarning: The `websockets` implementation is deprecated, and `--ws websockets` will point at the `websockets-sansio` implementation in a future release. Use `--ws websockets-sansio` or `--ws auto` to switch now.
  warnings.warn(
ERROR:    Cancel 0 running task(s), timeout graceful shutdown exceeded

--- uvicorn server log ---
/Users/lazytrot/work/uvicorn-rs/.venv/lib/python3.12/site-packages/uvicorn/protocols/websockets/websockets_impl.py:41: UvicornDeprecationWarning: The `websockets` implementation is deprecated, and `--ws websockets` will point at the `websockets-sansio` implementation in a future release. Use `--ws websockets-sansio` or `--ws auto` to switch now.
  warnings.warn(

--- uvicorn-rs server log ---
Traceback (most recent call last):
  File "/Users/lazytrot/work/uvicorn-rs/python/uvicorn_rs/server.py", line 66, in serve
    await asyncio.shield(native_task)
asyncio.exceptions.CancelledError

During handling of the above exception, another exception occurred:

Traceback (most recent call last):
  File "<frozen runpy>", line 198, in _run_module_as_main
  File "<frozen runpy>", line 88, in _run_code
  File "/Users/lazytrot/work/uvicorn-rs/python/uvicorn_rs/__main__.py", line 3, in <module>
    main()
  File "/Users/lazytrot/work/uvicorn-rs/python/uvicorn_rs/cli.py", line 87, in main
    runner.run(run())
  File "/Users/lazytrot/.local/share/uv/python/cpython-3.12.13-macos-aarch64-none/lib/python3.12/asyncio/runners.py", line 118, in run
    return self._loop.run_until_complete(task)
           ^^^^^^^^^^^^^^^^^^^^^^^^^^^^^^^^^^^
  File "uvloop/loop.pyx", line 1515, in uvloop.loop.Loop.run_until_complete
  File "/Users/lazytrot/work/uvicorn-rs/python/uvicorn_rs/cli.py", line 75, in run
    await server_task
  File "/Users/lazytrot/work/uvicorn-rs/python/uvicorn_rs/server.py", line 69, in serve
    await asyncio.shield(native_task)
RuntimeError: ASGI lifespan shutdown exceeded the graceful timeout

--- uvicorn server log ---
/Users/lazytrot/work/uvicorn-rs/.venv/lib/python3.12/site-packages/uvicorn/protocols/websockets/websockets_impl.py:41: UvicornDeprecationWarning: The `websockets` implementation is deprecated, and `--ws websockets` will point at the `websockets-sansio` implementation in a future release. Use `--ws websockets-sansio` or `--ws auto` to switch now.
  warnings.warn(
ERROR:    Cancel 1 running task(s), timeout graceful shutdown exceeded
ERROR:    Exception in ASGI application
Traceback (most recent call last):
  File "/Users/lazytrot/work/uvicorn-rs/.venv/lib/python3.12/site-packages/uvicorn/protocols/http/httptools_impl.py", line 422, in run_asgi
    result = await app(  # type: ignore[func-returns-value]
             ^^^^^^^^^^^^^^^^^^^^^^^^^^^^^^^^^^^^^^^^^^^^^^
  File "/Users/lazytrot/work/uvicorn-rs/.venv/lib/python3.12/site-packages/uvicorn/middleware/proxy_headers.py", line 63, in __call__
    return await self.app(scope, receive, send)
           ^^^^^^^^^^^^^^^^^^^^^^^^^^^^^^^^^^^^
  File "/Users/lazytrot/work/uvicorn-rs/tests/parity/app.py", line 1077, in _app_impl
    await asyncio.Event().wait()
  File "/Users/lazytrot/.local/share/uv/python/cpython-3.12.13-macos-aarch64-none/lib/python3.12/asyncio/locks.py", line 212, in wait
    await fut
asyncio.exceptions.CancelledError: Task cancelled, timeout graceful shutdown exceeded

--- uvicorn server log ---
ERROR:    Cancel 1 running task(s), timeout graceful shutdown exceeded
ERROR:    Exception in ASGI application
Traceback (most recent call last):
  File "/Users/lazytrot/work/uvicorn-rs/.venv/lib/python3.12/site-packages/uvicorn/protocols/http/httptools_impl.py", line 422, in run_asgi
    result = await app(  # type: ignore[func-returns-value]
             ^^^^^^^^^^^^^^^^^^^^^^^^^^^^^^^^^^^^^^^^^^^^^^
  File "/Users/lazytrot/work/uvicorn-rs/.venv/lib/python3.12/site-packages/uvicorn/middleware/proxy_headers.py", line 63, in __call__
    return await self.app(scope, receive, send)
           ^^^^^^^^^^^^^^^^^^^^^^^^^^^^^^^^^^^^
  File "/Users/lazytrot/work/uvicorn-rs/tests/parity/server_api_probe.py", line 45, in observed_app
    await app(scope, receive, observed_send)
  File "/Users/lazytrot/work/uvicorn-rs/tests/parity/app.py", line 1066, in _app_impl
    await asyncio.Event().wait()
  File "/Users/lazytrot/.local/share/uv/python/cpython-3.12.13-macos-aarch64-none/lib/python3.12/asyncio/locks.py", line 212, in wait
    await fut
asyncio.exceptions.CancelledError: Task cancelled, timeout graceful shutdown exceeded

--- uvicorn-rs server log ---
uvicorn-rs: cancelled Python ASGI tasks exceeded the graceful timeout
Traceback (most recent call last):
  File "/Users/lazytrot/work/uvicorn-rs/python/uvicorn_rs/_bridge.py", line 16, in invoke
    await app(scope, receive, send)
  File "/Users/lazytrot/work/uvicorn-rs/tests/parity/server_api_probe.py", line 45, in observed_app
    await app(scope, receive, observed_send)
  File "/Users/lazytrot/work/uvicorn-rs/tests/parity/app.py", line 1066, in _app_impl
    await asyncio.Event().wait()
  File "/Users/lazytrot/.local/share/uv/python/cpython-3.12.13-macos-aarch64-none/lib/python3.12/asyncio/locks.py", line 212, in wait
    await fut
asyncio.exceptions.CancelledError

--- uvicorn-rs server log ---
uvicorn-rs: cancelled Python ASGI tasks exceeded the graceful timeout
RuntimeError: Python event loop stopped before the cancelled ASGI task completed

--- uvicorn server log ---
/Users/lazytrot/work/uvicorn-rs/.venv/lib/python3.12/site-packages/uvicorn/protocols/websockets/websockets_impl.py:41: UvicornDeprecationWarning: The `websockets` implementation is deprecated, and `--ws websockets` will point at the `websockets-sansio` implementation in a future release. Use `--ws websockets-sansio` or `--ws auto` to switch now.
  warnings.warn(

--- uvicorn-rs server log ---
uvicorn-rs: ASGI app does not support lifespan

--- uvicorn server log ---
/Users/lazytrot/work/uvicorn-rs/.venv/lib/python3.12/site-packages/uvicorn/protocols/websockets/websockets_impl.py:41: UvicornDeprecationWarning: The `websockets` implementation is deprecated, and `--ws websockets` will point at the `websockets-sansio` implementation in a future release. Use `--ws websockets-sansio` or `--ws auto` to switch now.
  warnings.warn(

--- uvicorn-rs server log ---
uvicorn-rs: ASGI app does not support lifespan

--- uvicorn server log ---
/Users/lazytrot/work/uvicorn-rs/.venv/lib/python3.12/site-packages/uvicorn/protocols/websockets/websockets_impl.py:41: UvicornDeprecationWarning: The `websockets` implementation is deprecated, and `--ws websockets` will point at the `websockets-sansio` implementation in a future release. Use `--ws websockets-sansio` or `--ws auto` to switch now.
  warnings.warn(

--- uvicorn server log ---
/Users/lazytrot/work/uvicorn-rs/.venv/lib/python3.12/site-packages/uvicorn/protocols/websockets/websockets_impl.py:41: UvicornDeprecationWarning: The `websockets` implementation is deprecated, and `--ws websockets` will point at the `websockets-sansio` implementation in a future release. Use `--ws websockets-sansio` or `--ws auto` to switch now.
  warnings.warn(

--- uvicorn-rs server log ---
Traceback (most recent call last):
  File "/Users/lazytrot/work/uvicorn-rs/python/uvicorn_rs/_bridge.py", line 16, in invoke
    await app(scope, receive, send)
  File "/Users/lazytrot/work/uvicorn-rs/tests/parity/app.py", line 137, in _app_impl
    raise RuntimeError("parity lifespan unsupported sentinel")
RuntimeError: parity lifespan unsupported sentinel
uvicorn-rs: ASGI app does not support lifespan

--- uvicorn-rs server log ---
Traceback (most recent call last):
  File "/Users/lazytrot/work/uvicorn-rs/python/uvicorn_rs/_bridge.py", line 16, in invoke
    await app(scope, receive, send)
  File "/Users/lazytrot/work/uvicorn-rs/tests/parity/app.py", line 137, in _app_impl
    raise RuntimeError("parity lifespan unsupported sentinel")
RuntimeError: parity lifespan unsupported sentinel
uvicorn-rs: ASGI app does not support lifespan

--- uvicorn server log ---
/Users/lazytrot/work/uvicorn-rs/.venv/lib/python3.12/site-packages/uvicorn/protocols/websockets/websockets_impl.py:41: UvicornDeprecationWarning: The `websockets` implementation is deprecated, and `--ws websockets` will point at the `websockets-sansio` implementation in a future release. Use `--ws websockets-sansio` or `--ws auto` to switch now.
  warnings.warn(

--- uvicorn-rs server log ---
Traceback (most recent call last):
  File "/Users/lazytrot/work/uvicorn-rs/python/uvicorn_rs/_bridge.py", line 16, in invoke
    await app(scope, receive, send)
  File "/Users/lazytrot/work/uvicorn-rs/tests/parity/app.py", line 135, in _app_impl
    raise RuntimeError("parity lifespan unsupported sentinel")
RuntimeError: parity lifespan unsupported sentinel
uvicorn-rs: ASGI app does not support lifespan

--- uvicorn server log ---
/Users/lazytrot/work/uvicorn-rs/.venv/lib/python3.12/site-packages/uvicorn/protocols/websockets/websockets_impl.py:41: UvicornDeprecationWarning: The `websockets` implementation is deprecated, and `--ws websockets` will point at the `websockets-sansio` implementation in a future release. Use `--ws websockets-sansio` or `--ws auto` to switch now.
  warnings.warn(

--- uvicorn-rs server log ---
Traceback (most recent call last):
  File "/Users/lazytrot/work/uvicorn-rs/python/uvicorn_rs/_bridge.py", line 16, in invoke
    await app(scope, receive, send)
  File "/Users/lazytrot/work/uvicorn-rs/tests/parity/app.py", line 100, in _app_impl
    await receive(None)
          ^^^^^^^^^^^^^
TypeError: invoke.<locals>.receive() takes 0 positional arguments but 1 was given
uvicorn-rs: ASGI app does not support lifespan

--- uvicorn server log ---
/Users/lazytrot/work/uvicorn-rs/.venv/lib/python3.12/site-packages/uvicorn/protocols/websockets/websockets_impl.py:41: UvicornDeprecationWarning: The `websockets` implementation is deprecated, and `--ws websockets` will point at the `websockets-sansio` implementation in a future release. Use `--ws websockets-sansio` or `--ws auto` to switch now.
  warnings.warn(

--- uvicorn-rs server log ---
Traceback (most recent call last):
  File "/Users/lazytrot/work/uvicorn-rs/python/uvicorn_rs/_bridge.py", line 16, in invoke
    await app(scope, receive, send)
  File "/Users/lazytrot/work/uvicorn-rs/tests/parity/app.py", line 144, in _app_impl
    await send(invalid_startup_events[lifespan_mode])
  File "/Users/lazytrot/work/uvicorn-rs/python/uvicorn_rs/_bridge.py", line 12, in send
    pending = io.send(message)
              ^^^^^^^^^^^^^^^^
ValueError: unsupported ASGI lifespan event: http.response.start
uvicorn-rs: ASGI app does not support lifespan

--- uvicorn server log ---
/Users/lazytrot/work/uvicorn-rs/.venv/lib/python3.12/site-packages/uvicorn/protocols/websockets/websockets_impl.py:41: UvicornDeprecationWarning: The `websockets` implementation is deprecated, and `--ws websockets` will point at the `websockets-sansio` implementation in a future release. Use `--ws websockets-sansio` or `--ws auto` to switch now.
  warnings.warn(

--- uvicorn-rs server log ---
Traceback (most recent call last):
  File "/Users/lazytrot/work/uvicorn-rs/python/uvicorn_rs/_bridge.py", line 16, in invoke
    await app(scope, receive, send)
  File "/Users/lazytrot/work/uvicorn-rs/tests/parity/app.py", line 144, in _app_impl
    await send(invalid_startup_events[lifespan_mode])
  File "/Users/lazytrot/work/uvicorn-rs/python/uvicorn_rs/_bridge.py", line 12, in send
    pending = io.send(message)
              ^^^^^^^^^^^^^^^^
ValueError: ASGI message is missing 'type'
uvicorn-rs: ASGI app does not support lifespan

--- uvicorn server log ---
/Users/lazytrot/work/uvicorn-rs/.venv/lib/python3.12/site-packages/uvicorn/protocols/websockets/websockets_impl.py:41: UvicornDeprecationWarning: The `websockets` implementation is deprecated, and `--ws websockets` will point at the `websockets-sansio` implementation in a future release. Use `--ws websockets-sansio` or `--ws auto` to switch now.
  warnings.warn(

--- uvicorn-rs server log ---
Traceback (most recent call last):
  File "/Users/lazytrot/work/uvicorn-rs/python/uvicorn_rs/_bridge.py", line 16, in invoke
    await app(scope, receive, send)
  File "/Users/lazytrot/work/uvicorn-rs/tests/parity/app.py", line 144, in _app_impl
    await send(invalid_startup_events[lifespan_mode])
  File "/Users/lazytrot/work/uvicorn-rs/python/uvicorn_rs/_bridge.py", line 12, in send
    pending = io.send(message)
              ^^^^^^^^^^^^^^^^
TypeError: 'int' object is not an instance of 'str'
uvicorn-rs: ASGI app does not support lifespan

--- uvicorn server log ---
/Users/lazytrot/work/uvicorn-rs/.venv/lib/python3.12/site-packages/uvicorn/protocols/websockets/websockets_impl.py:41: UvicornDeprecationWarning: The `websockets` implementation is deprecated, and `--ws websockets` will point at the `websockets-sansio` implementation in a future release. Use `--ws websockets-sansio` or `--ws auto` to switch now.
  warnings.warn(
ERROR:    parity startup failure
ERROR:    Application startup failed. Exiting.

--- uvicorn-rs server log ---
Traceback (most recent call last):
  File "<frozen runpy>", line 198, in _run_module_as_main
  File "<frozen runpy>", line 88, in _run_code
  File "/Users/lazytrot/work/uvicorn-rs/python/uvicorn_rs/__main__.py", line 3, in <module>
    main()
  File "/Users/lazytrot/work/uvicorn-rs/python/uvicorn_rs/cli.py", line 87, in main
    runner.run(run())
  File "/Users/lazytrot/.local/share/uv/python/cpython-3.12.13-macos-aarch64-none/lib/python3.12/asyncio/runners.py", line 118, in run
    return self._loop.run_until_complete(task)
           ^^^^^^^^^^^^^^^^^^^^^^^^^^^^^^^^^^^
  File "uvloop/loop.pyx", line 1515, in uvloop.loop.Loop.run_until_complete
  File "/Users/lazytrot/work/uvicorn-rs/python/uvicorn_rs/cli.py", line 75, in run
    await server_task
  File "/Users/lazytrot/work/uvicorn-rs/python/uvicorn_rs/server.py", line 66, in serve
    await asyncio.shield(native_task)
RuntimeError: parity startup failure

--- uvicorn server log ---
/Users/lazytrot/work/uvicorn-rs/.venv/lib/python3.12/site-packages/uvicorn/protocols/websockets/websockets_impl.py:41: UvicornDeprecationWarning: The `websockets` implementation is deprecated, and `--ws websockets` will point at the `websockets-sansio` implementation in a future release. Use `--ws websockets-sansio` or `--ws auto` to switch now.
  warnings.warn(
ERROR:    parity startup subclass failure
ERROR:    Application startup failed. Exiting.

--- uvicorn-rs server log ---
Traceback (most recent call last):
  File "<frozen runpy>", line 198, in _run_module_as_main
  File "<frozen runpy>", line 88, in _run_code
  File "/Users/lazytrot/work/uvicorn-rs/python/uvicorn_rs/__main__.py", line 3, in <module>
    main()
  File "/Users/lazytrot/work/uvicorn-rs/python/uvicorn_rs/cli.py", line 87, in main
    runner.run(run())
  File "/Users/lazytrot/.local/share/uv/python/cpython-3.12.13-macos-aarch64-none/lib/python3.12/asyncio/runners.py", line 118, in run
    return self._loop.run_until_complete(task)
           ^^^^^^^^^^^^^^^^^^^^^^^^^^^^^^^^^^^
  File "uvloop/loop.pyx", line 1515, in uvloop.loop.Loop.run_until_complete
  File "/Users/lazytrot/work/uvicorn-rs/python/uvicorn_rs/cli.py", line 75, in run
    await server_task
  File "/Users/lazytrot/work/uvicorn-rs/python/uvicorn_rs/server.py", line 66, in serve
    await asyncio.shield(native_task)
RuntimeError: parity startup subclass failure

--- uvicorn server log ---
/Users/lazytrot/work/uvicorn-rs/.venv/lib/python3.12/site-packages/uvicorn/protocols/websockets/websockets_impl.py:41: UvicornDeprecationWarning: The `websockets` implementation is deprecated, and `--ws websockets` will point at the `websockets-sansio` implementation in a future release. Use `--ws websockets-sansio` or `--ws auto` to switch now.
  warnings.warn(
ERROR:    Application startup failed. Exiting.

--- uvicorn-rs server log ---
Traceback (most recent call last):
  File "<frozen runpy>", line 198, in _run_module_as_main
  File "<frozen runpy>", line 88, in _run_code
  File "/Users/lazytrot/work/uvicorn-rs/python/uvicorn_rs/__main__.py", line 3, in <module>
    main()
  File "/Users/lazytrot/work/uvicorn-rs/python/uvicorn_rs/cli.py", line 87, in main
    runner.run(run())
  File "/Users/lazytrot/.local/share/uv/python/cpython-3.12.13-macos-aarch64-none/lib/python3.12/asyncio/runners.py", line 118, in run
    return self._loop.run_until_complete(task)
           ^^^^^^^^^^^^^^^^^^^^^^^^^^^^^^^^^^^
  File "uvloop/loop.pyx", line 1515, in uvloop.loop.Loop.run_until_complete
  File "/Users/lazytrot/work/uvicorn-rs/python/uvicorn_rs/cli.py", line 75, in run
    await server_task
  File "/Users/lazytrot/work/uvicorn-rs/python/uvicorn_rs/server.py", line 66, in serve
    await asyncio.shield(native_task)
RuntimeError: ASGI lifespan startup failed

--- uvicorn server log ---
/Users/lazytrot/work/uvicorn-rs/.venv/lib/python3.12/site-packages/uvicorn/protocols/websockets/websockets_impl.py:41: UvicornDeprecationWarning: The `websockets` implementation is deprecated, and `--ws websockets` will point at the `websockets-sansio` implementation in a future release. Use `--ws websockets-sansio` or `--ws auto` to switch now.
  warnings.warn(

--- uvicorn-rs server log ---
uvicorn-rs: ASGI app does not support lifespan

--- uvicorn server log ---
/Users/lazytrot/work/uvicorn-rs/.venv/lib/python3.12/site-packages/uvicorn/protocols/websockets/websockets_impl.py:41: UvicornDeprecationWarning: The `websockets` implementation is deprecated, and `--ws websockets` will point at the `websockets-sansio` implementation in a future release. Use `--ws websockets-sansio` or `--ws auto` to switch now.
  warnings.warn(
ERROR:    parity shutdown failure
ERROR:    Application shutdown failed. Exiting.

--- uvicorn-rs server log ---
Traceback (most recent call last):
  File "/Users/lazytrot/work/uvicorn-rs/python/uvicorn_rs/server.py", line 66, in serve
    await asyncio.shield(native_task)
asyncio.exceptions.CancelledError

During handling of the above exception, another exception occurred:

Traceback (most recent call last):
  File "<frozen runpy>", line 198, in _run_module_as_main
  File "<frozen runpy>", line 88, in _run_code
  File "/Users/lazytrot/work/uvicorn-rs/python/uvicorn_rs/__main__.py", line 3, in <module>
    main()
  File "/Users/lazytrot/work/uvicorn-rs/python/uvicorn_rs/cli.py", line 87, in main
    runner.run(run())
  File "/Users/lazytrot/.local/share/uv/python/cpython-3.12.13-macos-aarch64-none/lib/python3.12/asyncio/runners.py", line 118, in run
    return self._loop.run_until_complete(task)
           ^^^^^^^^^^^^^^^^^^^^^^^^^^^^^^^^^^^
  File "uvloop/loop.pyx", line 1515, in uvloop.loop.Loop.run_until_complete
  File "/Users/lazytrot/work/uvicorn-rs/python/uvicorn_rs/cli.py", line 75, in run
    await server_task
  File "/Users/lazytrot/work/uvicorn-rs/python/uvicorn_rs/server.py", line 69, in serve
    await asyncio.shield(native_task)
RuntimeError: parity shutdown failure

--- uvicorn server log ---
/Users/lazytrot/work/uvicorn-rs/.venv/lib/python3.12/site-packages/uvicorn/protocols/websockets/websockets_impl.py:41: UvicornDeprecationWarning: The `websockets` implementation is deprecated, and `--ws websockets` will point at the `websockets-sansio` implementation in a future release. Use `--ws websockets-sansio` or `--ws auto` to switch now.
  warnings.warn(
ERROR:    parity shutdown subclass failure
ERROR:    Application shutdown failed. Exiting.

--- uvicorn-rs server log ---
Traceback (most recent call last):
  File "/Users/lazytrot/work/uvicorn-rs/python/uvicorn_rs/server.py", line 66, in serve
    await asyncio.shield(native_task)
asyncio.exceptions.CancelledError

During handling of the above exception, another exception occurred:

Traceback (most recent call last):
  File "<frozen runpy>", line 198, in _run_module_as_main
  File "<frozen runpy>", line 88, in _run_code
  File "/Users/lazytrot/work/uvicorn-rs/python/uvicorn_rs/__main__.py", line 3, in <module>
    main()
  File "/Users/lazytrot/work/uvicorn-rs/python/uvicorn_rs/cli.py", line 87, in main
    runner.run(run())
  File "/Users/lazytrot/.local/share/uv/python/cpython-3.12.13-macos-aarch64-none/lib/python3.12/asyncio/runners.py", line 118, in run
    return self._loop.run_until_complete(task)
           ^^^^^^^^^^^^^^^^^^^^^^^^^^^^^^^^^^^
  File "uvloop/loop.pyx", line 1515, in uvloop.loop.Loop.run_until_complete
  File "/Users/lazytrot/work/uvicorn-rs/python/uvicorn_rs/cli.py", line 75, in run
    await server_task
  File "/Users/lazytrot/work/uvicorn-rs/python/uvicorn_rs/server.py", line 69, in serve
    await asyncio.shield(native_task)
RuntimeError: parity shutdown subclass failure

--- uvicorn server log ---
/Users/lazytrot/work/uvicorn-rs/.venv/lib/python3.12/site-packages/uvicorn/protocols/websockets/websockets_impl.py:41: UvicornDeprecationWarning: The `websockets` implementation is deprecated, and `--ws websockets` will point at the `websockets-sansio` implementation in a future release. Use `--ws websockets-sansio` or `--ws auto` to switch now.
  warnings.warn(
ERROR:    Application shutdown failed. Exiting.

--- uvicorn-rs server log ---
Traceback (most recent call last):
  File "/Users/lazytrot/work/uvicorn-rs/python/uvicorn_rs/server.py", line 66, in serve
    await asyncio.shield(native_task)
asyncio.exceptions.CancelledError

During handling of the above exception, another exception occurred:

Traceback (most recent call last):
  File "<frozen runpy>", line 198, in _run_module_as_main
  File "<frozen runpy>", line 88, in _run_code
  File "/Users/lazytrot/work/uvicorn-rs/python/uvicorn_rs/__main__.py", line 3, in <module>
    main()
  File "/Users/lazytrot/work/uvicorn-rs/python/uvicorn_rs/cli.py", line 87, in main
    runner.run(run())
  File "/Users/lazytrot/.local/share/uv/python/cpython-3.12.13-macos-aarch64-none/lib/python3.12/asyncio/runners.py", line 118, in run
    return self._loop.run_until_complete(task)
           ^^^^^^^^^^^^^^^^^^^^^^^^^^^^^^^^^^^
  File "uvloop/loop.pyx", line 1515, in uvloop.loop.Loop.run_until_complete
  File "/Users/lazytrot/work/uvicorn-rs/python/uvicorn_rs/cli.py", line 75, in run
    await server_task
  File "/Users/lazytrot/work/uvicorn-rs/python/uvicorn_rs/server.py", line 69, in serve
    await asyncio.shield(native_task)
RuntimeError: ASGI lifespan shutdown failed

--- uvicorn server log ---
/Users/lazytrot/work/uvicorn-rs/.venv/lib/python3.12/site-packages/uvicorn/protocols/websockets/websockets_impl.py:41: UvicornDeprecationWarning: The `websockets` implementation is deprecated, and `--ws websockets` will point at the `websockets-sansio` implementation in a future release. Use `--ws websockets-sansio` or `--ws auto` to switch now.
  warnings.warn(

--- uvicorn-rs server log ---
Traceback (most recent call last):
  File "/Users/lazytrot/work/uvicorn-rs/python/uvicorn_rs/server.py", line 66, in serve
    await asyncio.shield(native_task)
asyncio.exceptions.CancelledError

During handling of the above exception, another exception occurred:

Traceback (most recent call last):
  File "<frozen runpy>", line 198, in _run_module_as_main
  File "<frozen runpy>", line 88, in _run_code
  File "/Users/lazytrot/work/uvicorn-rs/python/uvicorn_rs/__main__.py", line 3, in <module>
    main()
  File "/Users/lazytrot/work/uvicorn-rs/python/uvicorn_rs/cli.py", line 87, in main
    runner.run(run())
  File "/Users/lazytrot/.local/share/uv/python/cpython-3.12.13-macos-aarch64-none/lib/python3.12/asyncio/runners.py", line 118, in run
    return self._loop.run_until_complete(task)
           ^^^^^^^^^^^^^^^^^^^^^^^^^^^^^^^^^^^
  File "uvloop/loop.pyx", line 1515, in uvloop.loop.Loop.run_until_complete
  File "/Users/lazytrot/work/uvicorn-rs/python/uvicorn_rs/cli.py", line 75, in run
    await server_task
  File "/Users/lazytrot/work/uvicorn-rs/python/uvicorn_rs/server.py", line 69, in serve
    await asyncio.shield(native_task)
RuntimeError: ASGI lifespan channel closed during shutdown

--- uvicorn server log ---
/Users/lazytrot/work/uvicorn-rs/.venv/lib/python3.12/site-packages/uvicorn/protocols/websockets/websockets_impl.py:41: UvicornDeprecationWarning: The `websockets` implementation is deprecated, and `--ws websockets` will point at the `websockets-sansio` implementation in a future release. Use `--ws websockets-sansio` or `--ws auto` to switch now.
  warnings.warn(

--- uvicorn-rs server log ---
Traceback (most recent call last):
  File "/Users/lazytrot/work/uvicorn-rs/python/uvicorn_rs/server.py", line 66, in serve
    await asyncio.shield(native_task)
asyncio.exceptions.CancelledError

During handling of the above exception, another exception occurred:

Traceback (most recent call last):
  File "<frozen runpy>", line 198, in _run_module_as_main
  File "<frozen runpy>", line 88, in _run_code
  File "/Users/lazytrot/work/uvicorn-rs/python/uvicorn_rs/__main__.py", line 3, in <module>
    main()
  File "/Users/lazytrot/work/uvicorn-rs/python/uvicorn_rs/cli.py", line 87, in main
    runner.run(run())
  File "/Users/lazytrot/.local/share/uv/python/cpython-3.12.13-macos-aarch64-none/lib/python3.12/asyncio/runners.py", line 118, in run
    return self._loop.run_until_complete(task)
           ^^^^^^^^^^^^^^^^^^^^^^^^^^^^^^^^^^^
  File "uvloop/loop.pyx", line 1515, in uvloop.loop.Loop.run_until_complete
  File "/Users/lazytrot/work/uvicorn-rs/python/uvicorn_rs/cli.py", line 75, in run
    await server_task
  File "/Users/lazytrot/work/uvicorn-rs/python/uvicorn_rs/server.py", line 69, in serve
    await asyncio.shield(native_task)
RuntimeError: ASGI app returned before lifespan.shutdown.complete

--- uvicorn server log ---
/Users/lazytrot/work/uvicorn-rs/.venv/lib/python3.12/site-packages/uvicorn/protocols/websockets/websockets_impl.py:41: UvicornDeprecationWarning: The `websockets` implementation is deprecated, and `--ws websockets` will point at the `websockets-sansio` implementation in a future release. Use `--ws websockets-sansio` or `--ws auto` to switch now.
  warnings.warn(

--- uvicorn-rs server log ---
Traceback (most recent call last):
  File "/Users/lazytrot/work/uvicorn-rs/python/uvicorn_rs/server.py", line 66, in serve
    await asyncio.shield(native_task)
asyncio.exceptions.CancelledError

During handling of the above exception, another exception occurred:

Traceback (most recent call last):
  File "<frozen runpy>", line 198, in _run_module_as_main
  File "<frozen runpy>", line 88, in _run_code
  File "/Users/lazytrot/work/uvicorn-rs/python/uvicorn_rs/__main__.py", line 3, in <module>
    main()
  File "/Users/lazytrot/work/uvicorn-rs/python/uvicorn_rs/cli.py", line 87, in main
    runner.run(run())
  File "/Users/lazytrot/.local/share/uv/python/cpython-3.12.13-macos-aarch64-none/lib/python3.12/asyncio/runners.py", line 118, in run
    return self._loop.run_until_complete(task)
           ^^^^^^^^^^^^^^^^^^^^^^^^^^^^^^^^^^^
  File "uvloop/loop.pyx", line 1515, in uvloop.loop.Loop.run_until_complete
  File "/Users/lazytrot/work/uvicorn-rs/python/uvicorn_rs/cli.py", line 75, in run
    await server_task
  File "/Users/lazytrot/work/uvicorn-rs/python/uvicorn_rs/server.py", line 69, in serve
    await asyncio.shield(native_task)
  File "/Users/lazytrot/work/uvicorn-rs/python/uvicorn_rs/_bridge.py", line 16, in invoke
    await app(scope, receive, send)
  File "/Users/lazytrot/work/uvicorn-rs/tests/parity/app.py", line 211, in _app_impl
    raise RuntimeError("parity lifespan shutdown exception sentinel")
RuntimeError: parity lifespan shutdown exception sentinel

--- uvicorn server log ---
/Users/lazytrot/work/uvicorn-rs/.venv/lib/python3.12/site-packages/uvicorn/protocols/websockets/websockets_impl.py:41: UvicornDeprecationWarning: The `websockets` implementation is deprecated, and `--ws websockets` will point at the `websockets-sansio` implementation in a future release. Use `--ws websockets-sansio` or `--ws auto` to switch now.
  warnings.warn(

--- uvicorn-rs server log ---
Traceback (most recent call last):
  File "/Users/lazytrot/work/uvicorn-rs/python/uvicorn_rs/server.py", line 66, in serve
    await asyncio.shield(native_task)
asyncio.exceptions.CancelledError

During handling of the above exception, another exception occurred:

Traceback (most recent call last):
  File "<frozen runpy>", line 198, in _run_module_as_main
  File "<frozen runpy>", line 88, in _run_code
  File "/Users/lazytrot/work/uvicorn-rs/python/uvicorn_rs/__main__.py", line 3, in <module>
    main()
  File "/Users/lazytrot/work/uvicorn-rs/python/uvicorn_rs/cli.py", line 87, in main
    runner.run(run())
  File "/Users/lazytrot/.local/share/uv/python/cpython-3.12.13-macos-aarch64-none/lib/python3.12/asyncio/runners.py", line 118, in run
    return self._loop.run_until_complete(task)
           ^^^^^^^^^^^^^^^^^^^^^^^^^^^^^^^^^^^
  File "uvloop/loop.pyx", line 1515, in uvloop.loop.Loop.run_until_complete
  File "/Users/lazytrot/work/uvicorn-rs/python/uvicorn_rs/cli.py", line 75, in run
    await server_task
  File "/Users/lazytrot/work/uvicorn-rs/python/uvicorn_rs/server.py", line 69, in serve
    await asyncio.shield(native_task)
RuntimeError: unexpected ASGI lifespan event during shutdown

--- uvicorn server log ---
/Users/lazytrot/work/uvicorn-rs/.venv/lib/python3.12/site-packages/uvicorn/protocols/websockets/websockets_impl.py:41: UvicornDeprecationWarning: The `websockets` implementation is deprecated, and `--ws websockets` will point at the `websockets-sansio` implementation in a future release. Use `--ws websockets-sansio` or `--ws auto` to switch now.
  warnings.warn(

--- uvicorn-rs server log ---
Traceback (most recent call last):
  File "/Users/lazytrot/work/uvicorn-rs/python/uvicorn_rs/server.py", line 66, in serve
    await asyncio.shield(native_task)
asyncio.exceptions.CancelledError

During handling of the above exception, another exception occurred:

Traceback (most recent call last):
  File "<frozen runpy>", line 198, in _run_module_as_main
  File "<frozen runpy>", line 88, in _run_code
  File "/Users/lazytrot/work/uvicorn-rs/python/uvicorn_rs/__main__.py", line 3, in <module>
    main()
  File "/Users/lazytrot/work/uvicorn-rs/python/uvicorn_rs/cli.py", line 87, in main
    runner.run(run())
  File "/Users/lazytrot/.local/share/uv/python/cpython-3.12.13-macos-aarch64-none/lib/python3.12/asyncio/runners.py", line 118, in run
    return self._loop.run_until_complete(task)
           ^^^^^^^^^^^^^^^^^^^^^^^^^^^^^^^^^^^
  File "uvloop/loop.pyx", line 1515, in uvloop.loop.Loop.run_until_complete
  File "/Users/lazytrot/work/uvicorn-rs/python/uvicorn_rs/cli.py", line 75, in run
    await server_task
  File "/Users/lazytrot/work/uvicorn-rs/python/uvicorn_rs/server.py", line 69, in serve
    await asyncio.shield(native_task)
RuntimeError: could not send ASGI lifespan shutdown

--- uvicorn-rs server log ---
Traceback (most recent call last):
  File "<frozen runpy>", line 198, in _run_module_as_main
  File "<frozen runpy>", line 88, in _run_code
  File "/Users/lazytrot/work/uvicorn-rs/python/uvicorn_rs/__main__.py", line 3, in <module>
    main()
  File "/Users/lazytrot/work/uvicorn-rs/python/uvicorn_rs/cli.py", line 87, in main
    runner.run(run())
  File "/Users/lazytrot/.local/share/uv/python/cpython-3.12.13-macos-aarch64-none/lib/python3.12/asyncio/runners.py", line 118, in run
    return self._loop.run_until_complete(task)
           ^^^^^^^^^^^^^^^^^^^^^^^^^^^^^^^^^^^
  File "uvloop/loop.pyx", line 1515, in uvloop.loop.Loop.run_until_complete
  File "/Users/lazytrot/work/uvicorn-rs/python/uvicorn_rs/cli.py", line 75, in run
    await server_task
  File "/Users/lazytrot/work/uvicorn-rs/python/uvicorn_rs/server.py", line 66, in serve
    await asyncio.shield(native_task)
MemoryError: coverage-only injected MemoryError at LifespanScopeAsgiVersionSetItem

--- uvicorn-rs server log ---
Traceback (most recent call last):
  File "<frozen runpy>", line 198, in _run_module_as_main
  File "<frozen runpy>", line 88, in _run_code
  File "/Users/lazytrot/work/uvicorn-rs/python/uvicorn_rs/__main__.py", line 3, in <module>
    main()
  File "/Users/lazytrot/work/uvicorn-rs/python/uvicorn_rs/cli.py", line 87, in main
    runner.run(run())
  File "/Users/lazytrot/.local/share/uv/python/cpython-3.12.13-macos-aarch64-none/lib/python3.12/asyncio/runners.py", line 118, in run
    return self._loop.run_until_complete(task)
           ^^^^^^^^^^^^^^^^^^^^^^^^^^^^^^^^^^^
  File "uvloop/loop.pyx", line 1515, in uvloop.loop.Loop.run_until_complete
  File "/Users/lazytrot/work/uvicorn-rs/python/uvicorn_rs/cli.py", line 75, in run
    await server_task
  File "/Users/lazytrot/work/uvicorn-rs/python/uvicorn_rs/server.py", line 66, in serve
    await asyncio.shield(native_task)
MemoryError: coverage-only injected MemoryError at LifespanScopeAsgiSpecVersionSetItem

--- uvicorn-rs server log ---
Traceback (most recent call last):
  File "<frozen runpy>", line 198, in _run_module_as_main
  File "<frozen runpy>", line 88, in _run_code
  File "/Users/lazytrot/work/uvicorn-rs/python/uvicorn_rs/__main__.py", line 3, in <module>
    main()
  File "/Users/lazytrot/work/uvicorn-rs/python/uvicorn_rs/cli.py", line 87, in main
    runner.run(run())
  File "/Users/lazytrot/.local/share/uv/python/cpython-3.12.13-macos-aarch64-none/lib/python3.12/asyncio/runners.py", line 118, in run
    return self._loop.run_until_complete(task)
           ^^^^^^^^^^^^^^^^^^^^^^^^^^^^^^^^^^^
  File "uvloop/loop.pyx", line 1515, in uvloop.loop.Loop.run_until_complete
  File "/Users/lazytrot/work/uvicorn-rs/python/uvicorn_rs/cli.py", line 75, in run
    await server_task
  File "/Users/lazytrot/work/uvicorn-rs/python/uvicorn_rs/server.py", line 66, in serve
    await asyncio.shield(native_task)
MemoryError: coverage-only injected MemoryError at LifespanScopeTypeSetItem

--- uvicorn-rs server log ---
Traceback (most recent call last):
  File "<frozen runpy>", line 198, in _run_module_as_main
  File "<frozen runpy>", line 88, in _run_code
  File "/Users/lazytrot/work/uvicorn-rs/python/uvicorn_rs/__main__.py", line 3, in <module>
    main()
  File "/Users/lazytrot/work/uvicorn-rs/python/uvicorn_rs/cli.py", line 87, in main
    runner.run(run())
  File "/Users/lazytrot/.local/share/uv/python/cpython-3.12.13-macos-aarch64-none/lib/python3.12/asyncio/runners.py", line 118, in run
    return self._loop.run_until_complete(task)
           ^^^^^^^^^^^^^^^^^^^^^^^^^^^^^^^^^^^
  File "uvloop/loop.pyx", line 1515, in uvloop.loop.Loop.run_until_complete
  File "/Users/lazytrot/work/uvicorn-rs/python/uvicorn_rs/cli.py", line 75, in run
    await server_task
  File "/Users/lazytrot/work/uvicorn-rs/python/uvicorn_rs/server.py", line 66, in serve
    await asyncio.shield(native_task)
MemoryError: coverage-only injected MemoryError at LifespanScopeAsgiSetItem

--- uvicorn-rs server log ---
Traceback (most recent call last):
  File "<frozen runpy>", line 198, in _run_module_as_main
  File "<frozen runpy>", line 88, in _run_code
  File "/Users/lazytrot/work/uvicorn-rs/python/uvicorn_rs/__main__.py", line 3, in <module>
    main()
  File "/Users/lazytrot/work/uvicorn-rs/python/uvicorn_rs/cli.py", line 87, in main
    runner.run(run())
  File "/Users/lazytrot/.local/share/uv/python/cpython-3.12.13-macos-aarch64-none/lib/python3.12/asyncio/runners.py", line 118, in run
    return self._loop.run_until_complete(task)
           ^^^^^^^^^^^^^^^^^^^^^^^^^^^^^^^^^^^
  File "uvloop/loop.pyx", line 1515, in uvloop.loop.Loop.run_until_complete
  File "/Users/lazytrot/work/uvicorn-rs/python/uvicorn_rs/cli.py", line 75, in run
    await server_task
  File "/Users/lazytrot/work/uvicorn-rs/python/uvicorn_rs/server.py", line 66, in serve
    await asyncio.shield(native_task)
MemoryError: coverage-only injected MemoryError at LifespanScopeStateSetItem

--- uvicorn-rs server log ---
Traceback (most recent call last):
  File "/Users/lazytrot/work/uvicorn-rs/python/uvicorn_rs/_bridge.py", line 16, in invoke
    await app(scope, receive, send)
  File "/Users/lazytrot/work/uvicorn-rs/tests/parity/app.py", line 120, in _app_impl
    message = await receive()
              ^^^^^^^^^^^^^^^
  File "/Users/lazytrot/work/uvicorn-rs/python/uvicorn_rs/_bridge.py", line 9, in receive
    return await result
           ^^^^^^^^^^^^
MemoryError: coverage-only injected MemoryError at LifespanReceiveStartupTypeSetItem
uvicorn-rs: ASGI app does not support lifespan

--- uvicorn-rs server log ---
Traceback (most recent call last):
  File "/Users/lazytrot/work/uvicorn-rs/python/uvicorn_rs/_bridge.py", line 16, in invoke
    await app(scope, receive, send)
  File "/Users/lazytrot/work/uvicorn-rs/tests/parity/app.py", line 120, in _app_impl
    message = await receive()
              ^^^^^^^^^^^^^^^
  File "/Users/lazytrot/work/uvicorn-rs/python/uvicorn_rs/_bridge.py", line 9, in receive
    return await result
           ^^^^^^^^^^^^
OSError: ASGI lifespan channel closed
uvicorn-rs: ASGI app does not support lifespan

--- uvicorn-rs server log ---
Traceback (most recent call last):
  File "/Users/lazytrot/work/uvicorn-rs/python/uvicorn_rs/server.py", line 66, in serve
    await asyncio.shield(native_task)
asyncio.exceptions.CancelledError

During handling of the above exception, another exception occurred:

Traceback (most recent call last):
  File "<frozen runpy>", line 198, in _run_module_as_main
  File "<frozen runpy>", line 88, in _run_code
  File "/Users/lazytrot/work/uvicorn-rs/python/uvicorn_rs/__main__.py", line 3, in <module>
    main()
  File "/Users/lazytrot/work/uvicorn-rs/python/uvicorn_rs/cli.py", line 87, in main
    runner.run(run())
  File "/Users/lazytrot/.local/share/uv/python/cpython-3.12.13-macos-aarch64-none/lib/python3.12/asyncio/runners.py", line 118, in run
    return self._loop.run_until_complete(task)
           ^^^^^^^^^^^^^^^^^^^^^^^^^^^^^^^^^^^
  File "uvloop/loop.pyx", line 1515, in uvloop.loop.Loop.run_until_complete
  File "/Users/lazytrot/work/uvicorn-rs/python/uvicorn_rs/cli.py", line 75, in run
    await server_task
  File "/Users/lazytrot/work/uvicorn-rs/python/uvicorn_rs/server.py", line 69, in serve
    await asyncio.shield(native_task)
  File "/Users/lazytrot/work/uvicorn-rs/python/uvicorn_rs/_bridge.py", line 16, in invoke
    await app(scope, receive, send)
  File "/Users/lazytrot/work/uvicorn-rs/tests/parity/app.py", line 120, in _app_impl
    message = await receive()
              ^^^^^^^^^^^^^^^
  File "/Users/lazytrot/work/uvicorn-rs/python/uvicorn_rs/_bridge.py", line 9, in receive
    return await result
           ^^^^^^^^^^^^
MemoryError: coverage-only injected MemoryError at LifespanReceiveShutdownTypeSetItem

--- uvicorn-rs server log ---
Traceback (most recent call last):
  File "/Users/lazytrot/work/uvicorn-rs/python/uvicorn_rs/server.py", line 66, in serve
    await asyncio.shield(native_task)
asyncio.exceptions.CancelledError

During handling of the above exception, another exception occurred:

Traceback (most recent call last):
  File "<frozen runpy>", line 198, in _run_module_as_main
  File "<frozen runpy>", line 88, in _run_code
  File "/Users/lazytrot/work/uvicorn-rs/python/uvicorn_rs/__main__.py", line 3, in <module>
    main()
  File "/Users/lazytrot/work/uvicorn-rs/python/uvicorn_rs/cli.py", line 87, in main
    runner.run(run())
  File "/Users/lazytrot/.local/share/uv/python/cpython-3.12.13-macos-aarch64-none/lib/python3.12/asyncio/runners.py", line 118, in run
    return self._loop.run_until_complete(task)
           ^^^^^^^^^^^^^^^^^^^^^^^^^^^^^^^^^^^
  File "uvloop/loop.pyx", line 1515, in uvloop.loop.Loop.run_until_complete
  File "/Users/lazytrot/work/uvicorn-rs/python/uvicorn_rs/cli.py", line 75, in run
    await server_task
  File "/Users/lazytrot/work/uvicorn-rs/python/uvicorn_rs/server.py", line 69, in serve
    await asyncio.shield(native_task)
RuntimeError: ASGI lifespan task failed: task 5 was cancelled

--- uvicorn-rs server log ---
Traceback (most recent call last):
  File "/Users/lazytrot/work/uvicorn-rs/python/uvicorn_rs/_bridge.py", line 16, in invoke
    await app(scope, receive, send)
  File "/Users/lazytrot/work/uvicorn-rs/tests/parity/app.py", line 184, in _app_impl
    await send({"type": "lifespan.startup.complete"})
  File "/Users/lazytrot/work/uvicorn-rs/python/uvicorn_rs/_bridge.py", line 12, in send
    pending = io.send(message)
              ^^^^^^^^^^^^^^^^
MemoryError: coverage-only injected MemoryError at AsgiEventTypeLifespanStartupCompleteEq
uvicorn-rs: ASGI app does not support lifespan

--- uvicorn-rs server log ---
Traceback (most recent call last):
  File "/Users/lazytrot/work/uvicorn-rs/python/uvicorn_rs/_bridge.py", line 16, in invoke
    await app(scope, receive, send)
  File "/Users/lazytrot/work/uvicorn-rs/tests/parity/app.py", line 160, in _app_impl
    await send(failure)
  File "/Users/lazytrot/work/uvicorn-rs/python/uvicorn_rs/_bridge.py", line 12, in send
    pending = io.send(message)
              ^^^^^^^^^^^^^^^^
MemoryError: coverage-only injected MemoryError at AsgiEventTypeLifespanStartupFailedEq
uvicorn-rs: ASGI app does not support lifespan

--- uvicorn-rs server log ---
Traceback (most recent call last):
  File "/Users/lazytrot/work/uvicorn-rs/python/uvicorn_rs/server.py", line 66, in serve
    await asyncio.shield(native_task)
asyncio.exceptions.CancelledError

During handling of the above exception, another exception occurred:

Traceback (most recent call last):
  File "<frozen runpy>", line 198, in _run_module_as_main
  File "<frozen runpy>", line 88, in _run_code
  File "/Users/lazytrot/work/uvicorn-rs/python/uvicorn_rs/__main__.py", line 3, in <module>
    main()
  File "/Users/lazytrot/work/uvicorn-rs/python/uvicorn_rs/cli.py", line 87, in main
    runner.run(run())
  File "/Users/lazytrot/.local/share/uv/python/cpython-3.12.13-macos-aarch64-none/lib/python3.12/asyncio/runners.py", line 118, in run
    return self._loop.run_until_complete(task)
           ^^^^^^^^^^^^^^^^^^^^^^^^^^^^^^^^^^^
  File "uvloop/loop.pyx", line 1515, in uvloop.loop.Loop.run_until_complete
  File "/Users/lazytrot/work/uvicorn-rs/python/uvicorn_rs/cli.py", line 75, in run
    await server_task
  File "/Users/lazytrot/work/uvicorn-rs/python/uvicorn_rs/server.py", line 69, in serve
    await asyncio.shield(native_task)
  File "/Users/lazytrot/work/uvicorn-rs/python/uvicorn_rs/_bridge.py", line 16, in invoke
    await app(scope, receive, send)
  File "/Users/lazytrot/work/uvicorn-rs/tests/parity/app.py", line 222, in _app_impl
    await send({"type": shutdown_type})
  File "/Users/lazytrot/work/uvicorn-rs/python/uvicorn_rs/_bridge.py", line 12, in send
    pending = io.send(message)
              ^^^^^^^^^^^^^^^^
MemoryError: coverage-only injected MemoryError at AsgiEventTypeLifespanShutdownCompleteEq

--- uvicorn-rs server log ---
Traceback (most recent call last):
  File "/Users/lazytrot/work/uvicorn-rs/python/uvicorn_rs/server.py", line 66, in serve
    await asyncio.shield(native_task)
asyncio.exceptions.CancelledError

During handling of the above exception, another exception occurred:

Traceback (most recent call last):
  File "<frozen runpy>", line 198, in _run_module_as_main
  File "<frozen runpy>", line 88, in _run_code
  File "/Users/lazytrot/work/uvicorn-rs/python/uvicorn_rs/__main__.py", line 3, in <module>
    main()
  File "/Users/lazytrot/work/uvicorn-rs/python/uvicorn_rs/cli.py", line 87, in main
    runner.run(run())
  File "/Users/lazytrot/.local/share/uv/python/cpython-3.12.13-macos-aarch64-none/lib/python3.12/asyncio/runners.py", line 118, in run
    return self._loop.run_until_complete(task)
           ^^^^^^^^^^^^^^^^^^^^^^^^^^^^^^^^^^^
  File "uvloop/loop.pyx", line 1515, in uvloop.loop.Loop.run_until_complete
  File "/Users/lazytrot/work/uvicorn-rs/python/uvicorn_rs/cli.py", line 75, in run
    await server_task
  File "/Users/lazytrot/work/uvicorn-rs/python/uvicorn_rs/server.py", line 69, in serve
    await asyncio.shield(native_task)
  File "/Users/lazytrot/work/uvicorn-rs/python/uvicorn_rs/_bridge.py", line 16, in invoke
    await app(scope, receive, send)
  File "/Users/lazytrot/work/uvicorn-rs/tests/parity/app.py", line 200, in _app_impl
    await send(failure)
  File "/Users/lazytrot/work/uvicorn-rs/python/uvicorn_rs/_bridge.py", line 12, in send
    pending = io.send(message)
              ^^^^^^^^^^^^^^^^
MemoryError: coverage-only injected MemoryError at AsgiEventTypeLifespanShutdownFailedEq

--- uvicorn-rs server log ---
Traceback (most recent call last):
  File "/Users/lazytrot/work/uvicorn-rs/python/uvicorn_rs/_bridge.py", line 16, in invoke
    await app(scope, receive, send)
  File "/Users/lazytrot/work/uvicorn-rs/tests/parity/app.py", line 160, in _app_impl
    await send(failure)
  File "/Users/lazytrot/work/uvicorn-rs/python/uvicorn_rs/_bridge.py", line 12, in send
    pending = io.send(message)
              ^^^^^^^^^^^^^^^^
MemoryError: coverage-only injected MemoryError at LifespanStartupFailedMessageGetItem
uvicorn-rs: ASGI app does not support lifespan

--- uvicorn-rs server log ---
Traceback (most recent call last):
  File "/Users/lazytrot/work/uvicorn-rs/python/uvicorn_rs/_bridge.py", line 16, in invoke
    await app(scope, receive, send)
  File "/Users/lazytrot/work/uvicorn-rs/tests/parity/app.py", line 160, in _app_impl
    await send(failure)
  File "/Users/lazytrot/work/uvicorn-rs/python/uvicorn_rs/_bridge.py", line 12, in send
    pending = io.send(message)
              ^^^^^^^^^^^^^^^^
MemoryError: coverage-only injected MemoryError at LifespanStartupFailedMessageExtract
uvicorn-rs: ASGI app does not support lifespan

--- uvicorn-rs server log ---
Traceback (most recent call last):
  File "/Users/lazytrot/work/uvicorn-rs/python/uvicorn_rs/_bridge.py", line 16, in invoke
    await app(scope, receive, send)
  File "/Users/lazytrot/work/uvicorn-rs/tests/parity/app.py", line 184, in _app_impl
    await send({"type": "lifespan.startup.complete"})
  File "/Users/lazytrot/work/uvicorn-rs/python/uvicorn_rs/_bridge.py", line 12, in send
    pending = io.send(message)
              ^^^^^^^^^^^^^^^^
OSError: ASGI lifespan channel closed: channel closed
uvicorn-rs: ASGI app does not support lifespan

--- uvicorn-rs server log ---
Traceback (most recent call last):
  File "/Users/lazytrot/work/uvicorn-rs/python/uvicorn_rs/server.py", line 66, in serve
    await asyncio.shield(native_task)
asyncio.exceptions.CancelledError

During handling of the above exception, another exception occurred:

Traceback (most recent call last):
  File "<frozen runpy>", line 198, in _run_module_as_main
  File "<frozen runpy>", line 88, in _run_code
  File "/Users/lazytrot/work/uvicorn-rs/python/uvicorn_rs/__main__.py", line 3, in <module>
    main()
  File "/Users/lazytrot/work/uvicorn-rs/python/uvicorn_rs/cli.py", line 87, in main
    runner.run(run())
  File "/Users/lazytrot/.local/share/uv/python/cpython-3.12.13-macos-aarch64-none/lib/python3.12/asyncio/runners.py", line 118, in run
    return self._loop.run_until_complete(task)
           ^^^^^^^^^^^^^^^^^^^^^^^^^^^^^^^^^^^
  File "uvloop/loop.pyx", line 1515, in uvloop.loop.Loop.run_until_complete
  File "/Users/lazytrot/work/uvicorn-rs/python/uvicorn_rs/cli.py", line 75, in run
    await server_task
  File "/Users/lazytrot/work/uvicorn-rs/python/uvicorn_rs/server.py", line 69, in serve
    await asyncio.shield(native_task)
  File "/Users/lazytrot/work/uvicorn-rs/python/uvicorn_rs/_bridge.py", line 16, in invoke
    await app(scope, receive, send)
  File "/Users/lazytrot/work/uvicorn-rs/tests/parity/app.py", line 222, in _app_impl
    await send({"type": shutdown_type})
  File "/Users/lazytrot/work/uvicorn-rs/python/uvicorn_rs/_bridge.py", line 12, in send
    pending = io.send(message)
              ^^^^^^^^^^^^^^^^
MemoryError: coverage-only injected MemoryError at LifespanAsgiSendTypeGetItem

--- uvicorn-rs server log ---
Traceback (most recent call last):
  File "/Users/lazytrot/work/uvicorn-rs/python/uvicorn_rs/server.py", line 66, in serve
    await asyncio.shield(native_task)
asyncio.exceptions.CancelledError

During handling of the above exception, another exception occurred:

Traceback (most recent call last):
  File "<frozen runpy>", line 198, in _run_module_as_main
  File "<frozen runpy>", line 88, in _run_code
  File "/Users/lazytrot/work/uvicorn-rs/python/uvicorn_rs/__main__.py", line 3, in <module>
    main()
  File "/Users/lazytrot/work/uvicorn-rs/python/uvicorn_rs/cli.py", line 87, in main
    runner.run(run())
  File "/Users/lazytrot/.local/share/uv/python/cpython-3.12.13-macos-aarch64-none/lib/python3.12/asyncio/runners.py", line 118, in run
    return self._loop.run_until_complete(task)
           ^^^^^^^^^^^^^^^^^^^^^^^^^^^^^^^^^^^
  File "uvloop/loop.pyx", line 1515, in uvloop.loop.Loop.run_until_complete
  File "/Users/lazytrot/work/uvicorn-rs/python/uvicorn_rs/cli.py", line 75, in run
    await server_task
  File "/Users/lazytrot/work/uvicorn-rs/python/uvicorn_rs/server.py", line 69, in serve
    await asyncio.shield(native_task)
  File "/Users/lazytrot/work/uvicorn-rs/python/uvicorn_rs/_bridge.py", line 16, in invoke
    await app(scope, receive, send)
  File "/Users/lazytrot/work/uvicorn-rs/tests/parity/app.py", line 200, in _app_impl
    await send(failure)
  File "/Users/lazytrot/work/uvicorn-rs/python/uvicorn_rs/_bridge.py", line 12, in send
    pending = io.send(message)
              ^^^^^^^^^^^^^^^^
MemoryError: coverage-only injected MemoryError at LifespanShutdownFailedMessageGetItem

--- uvicorn-rs server log ---
Traceback (most recent call last):
  File "/Users/lazytrot/work/uvicorn-rs/python/uvicorn_rs/server.py", line 66, in serve
    await asyncio.shield(native_task)
asyncio.exceptions.CancelledError

During handling of the above exception, another exception occurred:

Traceback (most recent call last):
  File "<frozen runpy>", line 198, in _run_module_as_main
  File "<frozen runpy>", line 88, in _run_code
  File "/Users/lazytrot/work/uvicorn-rs/python/uvicorn_rs/__main__.py", line 3, in <module>
    main()
  File "/Users/lazytrot/work/uvicorn-rs/python/uvicorn_rs/cli.py", line 87, in main
    runner.run(run())
  File "/Users/lazytrot/.local/share/uv/python/cpython-3.12.13-macos-aarch64-none/lib/python3.12/asyncio/runners.py", line 118, in run
    return self._loop.run_until_complete(task)
           ^^^^^^^^^^^^^^^^^^^^^^^^^^^^^^^^^^^
  File "uvloop/loop.pyx", line 1515, in uvloop.loop.Loop.run_until_complete
  File "/Users/lazytrot/work/uvicorn-rs/python/uvicorn_rs/cli.py", line 75, in run
    await server_task
  File "/Users/lazytrot/work/uvicorn-rs/python/uvicorn_rs/server.py", line 69, in serve
    await asyncio.shield(native_task)
  File "/Users/lazytrot/work/uvicorn-rs/python/uvicorn_rs/_bridge.py", line 16, in invoke
    await app(scope, receive, send)
  File "/Users/lazytrot/work/uvicorn-rs/tests/parity/app.py", line 200, in _app_impl
    await send(failure)
  File "/Users/lazytrot/work/uvicorn-rs/python/uvicorn_rs/_bridge.py", line 12, in send
    pending = io.send(message)
              ^^^^^^^^^^^^^^^^
MemoryError: coverage-only injected MemoryError at LifespanShutdownFailedMessageExtract

--- uvicorn-rs server log ---
Traceback (most recent call last):
  File "<frozen runpy>", line 189, in _run_module_as_main
  File "<frozen runpy>", line 148, in _get_module_details
  File "<frozen runpy>", line 112, in _get_module_details
  File "/Users/lazytrot/work/uvicorn-rs/python/uvicorn_rs/__init__.py", line 3, in <module>
    from .server import Server
  File "/Users/lazytrot/work/uvicorn-rs/python/uvicorn_rs/server.py", line 5, in <module>
    from . import _bridge, _native
MemoryError: coverage-only injected MemoryError at NativeModuleAddAsgiIo

--- uvicorn-rs server log ---
Traceback (most recent call last):
  File "<frozen runpy>", line 189, in _run_module_as_main
  File "<frozen runpy>", line 148, in _get_module_details
  File "<frozen runpy>", line 112, in _get_module_details
  File "/Users/lazytrot/work/uvicorn-rs/python/uvicorn_rs/__init__.py", line 3, in <module>
    from .server import Server
  File "/Users/lazytrot/work/uvicorn-rs/python/uvicorn_rs/server.py", line 5, in <module>
    from . import _bridge, _native
MemoryError: coverage-only injected MemoryError at NativeModuleAddWebSocketIo

--- uvicorn-rs server log ---
Traceback (most recent call last):
  File "<frozen runpy>", line 189, in _run_module_as_main
  File "<frozen runpy>", line 148, in _get_module_details
  File "<frozen runpy>", line 112, in _get_module_details
  File "/Users/lazytrot/work/uvicorn-rs/python/uvicorn_rs/__init__.py", line 3, in <module>
    from .server import Server
  File "/Users/lazytrot/work/uvicorn-rs/python/uvicorn_rs/server.py", line 5, in <module>
    from . import _bridge, _native
MemoryError: coverage-only injected MemoryError at NativeModuleAddLifespanIo

--- uvicorn-rs server log ---
Traceback (most recent call last):
  File "<frozen runpy>", line 198, in _run_module_as_main
  File "<frozen runpy>", line 88, in _run_code
  File "/Users/lazytrot/work/uvicorn-rs/python/uvicorn_rs/__main__.py", line 3, in <module>
    main()
  File "/Users/lazytrot/work/uvicorn-rs/python/uvicorn_rs/cli.py", line 87, in main
    runner.run(run())
  File "/Users/lazytrot/.local/share/uv/python/cpython-3.12.13-macos-aarch64-none/lib/python3.12/asyncio/runners.py", line 118, in run
    return self._loop.run_until_complete(task)
           ^^^^^^^^^^^^^^^^^^^^^^^^^^^^^^^^^^^
  File "uvloop/loop.pyx", line 1515, in uvloop.loop.Loop.run_until_complete
  File "/Users/lazytrot/work/uvicorn-rs/python/uvicorn_rs/cli.py", line 75, in run
    await server_task
  File "/Users/lazytrot/work/uvicorn-rs/python/uvicorn_rs/server.py", line 66, in serve
    await asyncio.shield(native_task)
MemoryError: coverage-only injected MemoryError at LifespanIoAllocate

--- uvicorn-rs server log ---
Traceback (most recent call last):
  File "<frozen runpy>", line 198, in _run_module_as_main
  File "<frozen runpy>", line 88, in _run_code
  File "/Users/lazytrot/work/uvicorn-rs/python/uvicorn_rs/__main__.py", line 3, in <module>
    main()
  File "/Users/lazytrot/work/uvicorn-rs/python/uvicorn_rs/cli.py", line 87, in main
    runner.run(run())
  File "/Users/lazytrot/.local/share/uv/python/cpython-3.12.13-macos-aarch64-none/lib/python3.12/asyncio/runners.py", line 118, in run
    return self._loop.run_until_complete(task)
           ^^^^^^^^^^^^^^^^^^^^^^^^^^^^^^^^^^^
  File "uvloop/loop.pyx", line 1515, in uvloop.loop.Loop.run_until_complete
  File "/Users/lazytrot/work/uvicorn-rs/python/uvicorn_rs/cli.py", line 75, in run
    await server_task
  File "/Users/lazytrot/work/uvicorn-rs/python/uvicorn_rs/server.py", line 66, in serve
    await asyncio.shield(native_task)
MemoryError: coverage-only injected MemoryError at LifespanAppInvokeCall

--- uvicorn-rs server log ---
Traceback (most recent call last):
  File "<frozen runpy>", line 198, in _run_module_as_main
  File "<frozen runpy>", line 88, in _run_code
  File "/Users/lazytrot/work/uvicorn-rs/python/uvicorn_rs/__main__.py", line 3, in <module>
    main()
  File "/Users/lazytrot/work/uvicorn-rs/python/uvicorn_rs/cli.py", line 87, in main
    runner.run(run())
  File "/Users/lazytrot/.local/share/uv/python/cpython-3.12.13-macos-aarch64-none/lib/python3.12/asyncio/runners.py", line 118, in run
    return self._loop.run_until_complete(task)
           ^^^^^^^^^^^^^^^^^^^^^^^^^^^^^^^^^^^
  File "uvloop/loop.pyx", line 1515, in uvloop.loop.Loop.run_until_complete
  File "/Users/lazytrot/work/uvicorn-rs/python/uvicorn_rs/cli.py", line 75, in run
    await server_task
  File "/Users/lazytrot/work/uvicorn-rs/python/uvicorn_rs/server.py", line 66, in serve
    await asyncio.shield(native_task)
RuntimeError: ASGI lifespan task failed: task 5 was cancelled

--- uvicorn-rs server log ---
Traceback (most recent call last):
  File "<frozen runpy>", line 198, in _run_module_as_main
  File "<frozen runpy>", line 88, in _run_code
  File "/Users/lazytrot/work/uvicorn-rs/python/uvicorn_rs/__main__.py", line 3, in <module>
    main()
  File "/Users/lazytrot/work/uvicorn-rs/python/uvicorn_rs/cli.py", line 87, in main
    runner.run(run())
  File "/Users/lazytrot/.local/share/uv/python/cpython-3.12.13-macos-aarch64-none/lib/python3.12/asyncio/runners.py", line 118, in run
    return self._loop.run_until_complete(task)
           ^^^^^^^^^^^^^^^^^^^^^^^^^^^^^^^^^^^
  File "uvloop/loop.pyx", line 1515, in uvloop.loop.Loop.run_until_complete
  File "/Users/lazytrot/work/uvicorn-rs/python/uvicorn_rs/cli.py", line 75, in run
    await server_task
  File "/Users/lazytrot/work/uvicorn-rs/python/uvicorn_rs/server.py", line 66, in serve
    await asyncio.shield(native_task)
OSError: could not send ASGI lifespan startup

--- uvicorn-rs server log ---
Traceback (most recent call last):
  File "<frozen runpy>", line 198, in _run_module_as_main
  File "<frozen runpy>", line 88, in _run_code
  File "/Users/lazytrot/work/uvicorn-rs/python/uvicorn_rs/__main__.py", line 3, in <module>
    main()
  File "/Users/lazytrot/work/uvicorn-rs/python/uvicorn_rs/cli.py", line 87, in main
    runner.run(run())
  File "/Users/lazytrot/.local/share/uv/python/cpython-3.12.13-macos-aarch64-none/lib/python3.12/asyncio/runners.py", line 118, in run
    return self._loop.run_until_complete(task)
           ^^^^^^^^^^^^^^^^^^^^^^^^^^^^^^^^^^^
  File "uvloop/loop.pyx", line 1515, in uvloop.loop.Loop.run_until_complete
  File "/Users/lazytrot/work/uvicorn-rs/python/uvicorn_rs/cli.py", line 75, in run
    await server_task
  File "/Users/lazytrot/work/uvicorn-rs/python/uvicorn_rs/server.py", line 66, in serve
    await asyncio.shield(native_task)
RuntimeError: Already mutably borrowed

--- uvicorn-rs server log ---
Traceback (most recent call last):
  File "<frozen runpy>", line 198, in _run_module_as_main
  File "<frozen runpy>", line 88, in _run_code
  File "/Users/lazytrot/work/uvicorn-rs/python/uvicorn_rs/__main__.py", line 3, in <module>
    main()
  File "/Users/lazytrot/work/uvicorn-rs/python/uvicorn_rs/cli.py", line 87, in main
    runner.run(run())
  File "/Users/lazytrot/.local/share/uv/python/cpython-3.12.13-macos-aarch64-none/lib/python3.12/asyncio/runners.py", line 118, in run
    return self._loop.run_until_complete(task)
           ^^^^^^^^^^^^^^^^^^^^^^^^^^^^^^^^^^^
  File "uvloop/loop.pyx", line 1515, in uvloop.loop.Loop.run_until_complete
  File "/Users/lazytrot/work/uvicorn-rs/python/uvicorn_rs/cli.py", line 75, in run
    await server_task
  File "/Users/lazytrot/work/uvicorn-rs/python/uvicorn_rs/server.py", line 54, in serve
    _native.serve(
RuntimeError: Already mutably borrowed

--- uvicorn-rs server log ---
Traceback (most recent call last):
  File "<frozen runpy>", line 198, in _run_module_as_main
  File "<frozen runpy>", line 88, in _run_code
  File "/Users/lazytrot/work/uvicorn-rs/python/uvicorn_rs/__main__.py", line 3, in <module>
    main()
  File "/Users/lazytrot/work/uvicorn-rs/python/uvicorn_rs/cli.py", line 87, in main
    runner.run(run())
  File "/Users/lazytrot/.local/share/uv/python/cpython-3.12.13-macos-aarch64-none/lib/python3.12/asyncio/runners.py", line 118, in run
    return self._loop.run_until_complete(task)
           ^^^^^^^^^^^^^^^^^^^^^^^^^^^^^^^^^^^
  File "uvloop/loop.pyx", line 1515, in uvloop.loop.Loop.run_until_complete
  File "/Users/lazytrot/work/uvicorn-rs/python/uvicorn_rs/cli.py", line 75, in run
    await server_task
  File "/Users/lazytrot/work/uvicorn-rs/python/uvicorn_rs/server.py", line 54, in serve
    _native.serve(
MemoryError: coverage-only injected MemoryError at ServerGetCurrentLocals

--- uvicorn-rs server log ---
Traceback (most recent call last):
  File "<frozen runpy>", line 198, in _run_module_as_main
  File "<frozen runpy>", line 88, in _run_code
  File "/Users/lazytrot/work/uvicorn-rs/python/uvicorn_rs/__main__.py", line 3, in <module>
    main()
  File "/Users/lazytrot/work/uvicorn-rs/python/uvicorn_rs/cli.py", line 87, in main
    runner.run(run())
  File "/Users/lazytrot/.local/share/uv/python/cpython-3.12.13-macos-aarch64-none/lib/python3.12/asyncio/runners.py", line 118, in run
    return self._loop.run_until_complete(task)
           ^^^^^^^^^^^^^^^^^^^^^^^^^^^^^^^^^^^
  File "uvloop/loop.pyx", line 1515, in uvloop.loop.Loop.run_until_complete
  File "/Users/lazytrot/work/uvicorn-rs/python/uvicorn_rs/cli.py", line 75, in run
    await server_task
  File "/Users/lazytrot/work/uvicorn-rs/python/uvicorn_rs/server.py", line 54, in serve
    _native.serve(
ValueError: graceful_timeout exceeds the supported monotonic deadline range

--- uvicorn-rs server log ---
Traceback (most recent call last):
  File "<frozen runpy>", line 198, in _run_module_as_main
  File "<frozen runpy>", line 88, in _run_code
  File "/Users/lazytrot/work/uvicorn-rs/python/uvicorn_rs/__main__.py", line 3, in <module>
    main()
  File "/Users/lazytrot/work/uvicorn-rs/python/uvicorn_rs/cli.py", line 87, in main
    runner.run(run())
  File "/Users/lazytrot/.local/share/uv/python/cpython-3.12.13-macos-aarch64-none/lib/python3.12/asyncio/runners.py", line 118, in run
    return self._loop.run_until_complete(task)
           ^^^^^^^^^^^^^^^^^^^^^^^^^^^^^^^^^^^
  File "uvloop/loop.pyx", line 1515, in uvloop.loop.Loop.run_until_complete
  File "/Users/lazytrot/work/uvicorn-rs/python/uvicorn_rs/cli.py", line 75, in run
    await server_task
  File "/Users/lazytrot/work/uvicorn-rs/python/uvicorn_rs/server.py", line 54, in serve
    _native.serve(
RuntimeError: Already mutably borrowed

--- uvicorn-rs server log ---
Traceback (most recent call last):
  File "<frozen runpy>", line 189, in _run_module_as_main
  File "<frozen runpy>", line 148, in _get_module_details
  File "<frozen runpy>", line 112, in _get_module_details
  File "/Users/lazytrot/work/uvicorn-rs/python/uvicorn_rs/__init__.py", line 3, in <module>
    from .server import Server
  File "/Users/lazytrot/work/uvicorn-rs/python/uvicorn_rs/server.py", line 5, in <module>
    from . import _bridge, _native
OSError: could not initialize Tokio runtime: coverage-injected native runtime build error

--- uvicorn-rs server log ---
Traceback (most recent call last):
  File "<frozen runpy>", line 189, in _run_module_as_main
  File "<frozen runpy>", line 148, in _get_module_details
  File "<frozen runpy>", line 112, in _get_module_details
  File "/Users/lazytrot/work/uvicorn-rs/python/uvicorn_rs/__init__.py", line 3, in <module>
    from .server import Server
  File "/Users/lazytrot/work/uvicorn-rs/python/uvicorn_rs/server.py", line 5, in <module>
    from . import _bridge, _native
MemoryError: coverage-only injected MemoryError at NativeModuleAddServerControl

--- uvicorn-rs server log ---
Traceback (most recent call last):
  File "<frozen runpy>", line 189, in _run_module_as_main
  File "<frozen runpy>", line 148, in _get_module_details
  File "<frozen runpy>", line 112, in _get_module_details
  File "/Users/lazytrot/work/uvicorn-rs/python/uvicorn_rs/__init__.py", line 3, in <module>
    from .server import Server
  File "/Users/lazytrot/work/uvicorn-rs/python/uvicorn_rs/server.py", line 5, in <module>
    from . import _bridge, _native
MemoryError: coverage-only injected MemoryError at NativeModuleAddServeFunction

--- uvicorn-rs server log ---
Traceback (most recent call last):
  File "<frozen runpy>", line 189, in _run_module_as_main
  File "<frozen runpy>", line 148, in _get_module_details
  File "<frozen runpy>", line 112, in _get_module_details
  File "/Users/lazytrot/work/uvicorn-rs/python/uvicorn_rs/__init__.py", line 3, in <module>
    from .server import Server
  File "/Users/lazytrot/work/uvicorn-rs/python/uvicorn_rs/server.py", line 5, in <module>
    from . import _bridge, _native
MemoryError: coverage-only injected MemoryError at NativeModuleWrapServeFunction

--- uvicorn-rs server log ---
Traceback (most recent call last):
  File "<frozen runpy>", line 198, in _run_module_as_main
  File "<frozen runpy>", line 88, in _run_code
  File "/Users/lazytrot/work/uvicorn-rs/python/uvicorn_rs/__main__.py", line 3, in <module>
    main()
  File "/Users/lazytrot/work/uvicorn-rs/python/uvicorn_rs/cli.py", line 87, in main
    runner.run(run())
  File "/Users/lazytrot/.local/share/uv/python/cpython-3.12.13-macos-aarch64-none/lib/python3.12/asyncio/runners.py", line 118, in run
    return self._loop.run_until_complete(task)
           ^^^^^^^^^^^^^^^^^^^^^^^^^^^^^^^^^^^
  File "uvloop/loop.pyx", line 1515, in uvloop.loop.Loop.run_until_complete
  File "/Users/lazytrot/work/uvicorn-rs/python/uvicorn_rs/cli.py", line 75, in run
    await server_task
  File "/Users/lazytrot/work/uvicorn-rs/python/uvicorn_rs/server.py", line 66, in serve
    await asyncio.shield(native_task)
OSError: accept failed: coverage-injected listener accept error

--- uvicorn-rs server log ---
Traceback (most recent call last):
  File "<frozen runpy>", line 198, in _run_module_as_main
  File "<frozen runpy>", line 88, in _run_code
  File "/Users/lazytrot/work/uvicorn-rs/python/uvicorn_rs/__main__.py", line 3, in <module>
    main()
  File "/Users/lazytrot/work/uvicorn-rs/python/uvicorn_rs/cli.py", line 87, in main
    runner.run(run())
  File "/Users/lazytrot/.local/share/uv/python/cpython-3.12.13-macos-aarch64-none/lib/python3.12/asyncio/runners.py", line 118, in run
    return self._loop.run_until_complete(task)
           ^^^^^^^^^^^^^^^^^^^^^^^^^^^^^^^^^^^
  File "uvloop/loop.pyx", line 1515, in uvloop.loop.Loop.run_until_complete
  File "/Users/lazytrot/work/uvicorn-rs/python/uvicorn_rs/cli.py", line 75, in run
    await server_task
  File "/Users/lazytrot/work/uvicorn-rs/python/uvicorn_rs/server.py", line 66, in serve
    await asyncio.shield(native_task)
OSError: could not inspect bound listener: coverage-injected listener address inspection error

--- uvicorn server log ---
/Users/lazytrot/work/uvicorn-rs/.venv/lib/python3.12/site-packages/uvicorn/protocols/websockets/websockets_impl.py:41: UvicornDeprecationWarning: The `websockets` implementation is deprecated, and `--ws websockets` will point at the `websockets-sansio` implementation in a future release. Use `--ws websockets-sansio` or `--ws auto` to switch now.
  warnings.warn(

--- uvicorn-rs server log ---
Traceback (most recent call last):
  File "/Users/lazytrot/work/uvicorn-rs/python/uvicorn_rs/server.py", line 66, in serve
    await asyncio.shield(native_task)
asyncio.exceptions.CancelledError

During handling of the above exception, another exception occurred:

Traceback (most recent call last):
  File "<frozen runpy>", line 198, in _run_module_as_main
  File "<frozen runpy>", line 88, in _run_code
  File "/Users/lazytrot/work/uvicorn-rs/python/uvicorn_rs/__main__.py", line 3, in <module>
    main()
  File "/Users/lazytrot/work/uvicorn-rs/python/uvicorn_rs/cli.py", line 87, in main
    runner.run(run())
  File "/Users/lazytrot/.local/share/uv/python/cpython-3.12.13-macos-aarch64-none/lib/python3.12/asyncio/runners.py", line 118, in run
    return self._loop.run_until_complete(task)
           ^^^^^^^^^^^^^^^^^^^^^^^^^^^^^^^^^^^
  File "uvloop/loop.pyx", line 1515, in uvloop.loop.Loop.run_until_complete
  File "/Users/lazytrot/work/uvicorn-rs/python/uvicorn_rs/cli.py", line 75, in run
    await server_task
  File "/Users/lazytrot/work/uvicorn-rs/python/uvicorn_rs/server.py", line 69, in serve
    await asyncio.shield(native_task)
  File "/Users/lazytrot/work/uvicorn-rs/python/uvicorn_rs/_bridge.py", line 16, in invoke
    await app(scope, receive, send)
  File "/Users/lazytrot/work/uvicorn-rs/tests/parity/app.py", line 225, in _app_impl
    raise RuntimeError("parity exception after shutdown.complete sentinel")
RuntimeError: parity exception after shutdown.complete sentinel

--- uvicorn-rs server log ---
Traceback (most recent call last):
  File "/Users/lazytrot/work/uvicorn-rs/python/uvicorn_rs/server.py", line 66, in serve
    await asyncio.shield(native_task)
asyncio.exceptions.CancelledError

During handling of the above exception, another exception occurred:

Traceback (most recent call last):
  File "<frozen runpy>", line 198, in _run_module_as_main
  File "<frozen runpy>", line 88, in _run_code
  File "/Users/lazytrot/work/uvicorn-rs/python/uvicorn_rs/__main__.py", line 3, in <module>
    main()
  File "/Users/lazytrot/work/uvicorn-rs/python/uvicorn_rs/cli.py", line 87, in main
    runner.run(run())
  File "/Users/lazytrot/.local/share/uv/python/cpython-3.12.13-macos-aarch64-none/lib/python3.12/asyncio/runners.py", line 118, in run
    return self._loop.run_until_complete(task)
           ^^^^^^^^^^^^^^^^^^^^^^^^^^^^^^^^^^^
  File "uvloop/loop.pyx", line 1515, in uvloop.loop.Loop.run_until_complete
  File "/Users/lazytrot/work/uvicorn-rs/python/uvicorn_rs/cli.py", line 75, in run
    await server_task
  File "/Users/lazytrot/work/uvicorn-rs/python/uvicorn_rs/server.py", line 69, in serve
    await asyncio.shield(native_task)
RuntimeError: ASGI lifespan task failed: task 5 was cancelled

--- uvicorn server log ---
/Users/lazytrot/work/uvicorn-rs/.venv/lib/python3.12/site-packages/uvicorn/protocols/websockets/websockets_impl.py:41: UvicornDeprecationWarning: The `websockets` implementation is deprecated, and `--ws websockets` will point at the `websockets-sansio` implementation in a future release. Use `--ws websockets-sansio` or `--ws auto` to switch now.
  warnings.warn(

--- uvicorn-rs server log ---
RuntimeError: coverage-injected cancellation cleanup scheduling failure
RuntimeError: coverage-injected callback registration failure before cancellation cleanup scheduling

--- uvicorn-rs server log ---
RuntimeError: coverage-injected callback registration failure after inline completion

--- uvicorn-rs server log ---
RuntimeError: coverage-injected callback registration failure after inline completion
uvicorn-rs: ASGI app does not support lifespan
asyncio.exceptions.CancelledError

--- uvicorn-rs server log ---
RuntimeError: coverage-injected callback registration failure after inline completion
uvicorn-rs: ASGI app does not support lifespan
uvicorn-rs: Python ASGI lifespan cancellation cleanup exceeded the graceful timeout
asyncio.exceptions.CancelledError

