PASS http1: http1.scope-query-header-and-body
PASS http1: http1.put-method-scope-and-body
PASS http1: http1.absolute-form-target-preserves-raw-headers
PASS http1: http1.sync-callable-returns-awaitable
PASS http1: http1.response-stream-order
PASS http1: http1.response-body-queued-after-start-yield
PASS http1: http1.response-body-pending-then-complete
PASS http1: http1.response-first-chunk-before-app-completion
PASS http1: http1.response-reset-after-first-streamed-chunk
PASS http1: http1.response-reset-cancels-held-application
PASS http1: http1.request-upload-stream
PASS http1: http1.request-streaming-progress-before-upload-complete
PASS http1: http1.concurrent-request-receives-complete
PASS http1: http1.application-error
PASS http1: http1.synchronous-callable-error-before-awaitable
PASS http1: http1.receive-call-rejects-positional-argument
PASS http1: http1.application-status-404
PASS http1: http1.client-disconnect-event
PASS http1: http1.disconnect-after-response-start-send-error
PASS http1: http1.post-empty-body
PASS http1: http1.request-trailers-after-streamed-upload
PASS http1: http1.asgi-event-type-string-subclass
PASS http1: http1.invalid-asgi-missing-event-type
PASS http1: http1.invalid-asgi-unknown-event-type
PASS http1: http1.invalid-asgi-body-before-start
PASS http1: http1.response-burst-backpressure
PASS http1: http1.response-burst-backpressure-large-body
PASS http1: http1.response-before-upload-drained
PASS http1: http1.scope-encoded-path-and-query
PASS http1: http1.response-body-fields-default-empty
PASS http1: http1.invalid-response-header-name
PASS http1: http1.invalid-response-header-value
PASS http1: http1.invalid-asgi-event-type-is-not-string
PASS http1: http1.invalid-asgi-response-start-missing-status
PASS http1: http1.invalid-asgi-response-status-range
PASS http1: http1.invalid-asgi-response-status-type
PASS http1: http1.invalid-asgi-response-headers-container
PASS http1: http1.invalid-asgi-response-body-type
PASS http1: http1.duplicate-response-start
PASS http1: http1.response-start-then-app-error
PASS http1: http1.response-body-incomplete
PASS http1: http1.final-body-then-app-error
PASS http1: http1.request-body-drained-after-early-response
PASS http1: http1.disconnect-is-repeatable
PASS http1: http1.disconnect-remains-repeatable-after-repeated-receive
PASS http1: http1.wrong-context-websocket-accept-event
PASS http1: http1.wrong-context-websocket-close-event
PASS http1: http1.wrong-context-websocket-send-event
PASS http1: http1.wrong-context-lifespan-startup-complete-event
PASS http1: http1.wrong-context-lifespan-startup-failed-event
PASS http1: http1.wrong-context-lifespan-shutdown-complete-event
PASS http1: http1.wrong-context-lifespan-shutdown-failed-event
PASS http1: http1.upload-remains-after-one-asgi-receive
PASS http1: http1.upload-remains-unread-after-early-response
PASS http1: http1.app-returns-before-response-start
PASS http1: http1.percent-encoded-invalid-utf8-path
PASS http1: http1.connection-upgrade-token-without-upgrade
PASS http1: http1.websocket-upgrade-without-connection-token
PASS http1: http1.websocket-upgrade-with-whitespace-token
PASS http1: http1.websocket-upgrade-missing-key
PASS http1: http1.websocket-upgrade-invalid-key
PASS http1: http1.websocket-upgrade-key-incorrect-padding
PASS http1: http1.websocket-upgrade-key-excess-padding
PASS http1: http1.websocket-upgrade-key-discontinuous-padding
PASS http1: http1.websocket-upgrade-key-missing-padding
PASS http1: http1.websocket-upgrade-key-excess-canonical-padding
PASS http1: http1.websocket-upgrade-key-wrong-decoded-size
PASS http1: http1.websocket-upgrade-key-valid-single-padding-wrong-size
PASS http1: http1.websocket-upgrade-missing-version
PASS http1: http1.websocket-upgrade-wrong-version
PASS http1: http1.websocket-upgrade-empty-version
PASS http1: http1.websocket-upgrade-empty-key
PASS http1: http1.websocket-upgrade-duplicate-key
PASS http1: http1.persistent-connection-two-requests
PASS http1: http1.head-streamed-response-suppresses-body
PASS http1: http1.no-content-status-with-empty-body
PASS http1: http1.scope-reports-http-1-0
PASS http1: http1.scope-http-1-0-without-host-header
PASS http1: http1.disconnect-before-request-body
PASS http1: http1.reset-during-incomplete-request-body
PASS http1: http1.disconnect-before-first-asgi-receive
PASS http1: http1.disconnect-after-complete-request-while-receive-waits
PASS http1: http1.malformed-chunk-body-becomes-asgi-disconnect
PASS http1: http1.final-response-completes-before-app-return
PASS http1: http1.response-burst-queued-after-pending
PASS http1: http.application-task-cleanup-observer-sees-held-task-and-cancellation
PASS http1: http1.early-response-drain-stops-on-malformed-final-chunk
--- uvicorn server log ---
/Users/lazytrot/work/uvicorn-rs/.venv/lib/python3.12/site-packages/uvicorn/protocols/websockets/websockets_impl.py:41: UvicornDeprecationWarning: The `websockets` implementation is deprecated, and `--ws websockets` will point at the `websockets-sansio` implementation in a future release. Use `--ws websockets-sansio` or `--ws auto` to switch now.
  warnings.warn(
ERROR:    Exception in ASGI application
Traceback (most recent call last):
  File "/Users/lazytrot/work/uvicorn-rs/.venv/lib/python3.12/site-packages/uvicorn/protocols/http/httptools_impl.py", line 422, in run_asgi
    result = await app(  # type: ignore[func-returns-value]
             ^^^^^^^^^^^^^^^^^^^^^^^^^^^^^^^^^^^^^^^^^^^^^^
  File "/Users/lazytrot/work/uvicorn-rs/.venv/lib/python3.12/site-packages/uvicorn/middleware/proxy_headers.py", line 63, in __call__
    return await self.app(scope, receive, send)
           ^^^^^^^^^^^^^^^^^^^^^^^^^^^^^^^^^^^^
  File "/Users/lazytrot/work/uvicorn-rs/tests/parity/app.py", line 875, in _app_impl
    raise RuntimeError("parity exception sentinel")
RuntimeError: parity exception sentinel
ERROR:    Exception in ASGI application
Traceback (most recent call last):
  File "/Users/lazytrot/work/uvicorn-rs/.venv/lib/python3.12/site-packages/uvicorn/protocols/http/httptools_impl.py", line 422, in run_asgi
    result = await app(  # type: ignore[func-returns-value]
             ^^^^^^^^^^^^^^^^^^^^^^^^^^^^^^^^^^^^^^^^^^^^^^
  File "/Users/lazytrot/work/uvicorn-rs/.venv/lib/python3.12/site-packages/uvicorn/middleware/proxy_headers.py", line 63, in __call__
    return await self.app(scope, receive, send)
                 ^^^^^^^^^^^^^^^^^^^^^^^^^^^^^^
  File "/Users/lazytrot/work/uvicorn-rs/tests/parity/app.py", line 1116, in app
    raise RuntimeError("parity synchronous HTTP callable sentinel")
RuntimeError: parity synchronous HTTP callable sentinel
ERROR:    Exception in ASGI application
Traceback (most recent call last):
  File "/Users/lazytrot/work/uvicorn-rs/.venv/lib/python3.12/site-packages/uvicorn/protocols/http/httptools_impl.py", line 422, in run_asgi
    result = await app(  # type: ignore[func-returns-value]
             ^^^^^^^^^^^^^^^^^^^^^^^^^^^^^^^^^^^^^^^^^^^^^^
  File "/Users/lazytrot/work/uvicorn-rs/.venv/lib/python3.12/site-packages/uvicorn/middleware/proxy_headers.py", line 63, in __call__
    return await self.app(scope, receive, send)
           ^^^^^^^^^^^^^^^^^^^^^^^^^^^^^^^^^^^^
  File "/Users/lazytrot/work/uvicorn-rs/tests/parity/app.py", line 878, in _app_impl
    await receive(None)
          ^^^^^^^^^^^^^
TypeError: RequestResponseCycle.receive() takes 1 positional argument but 2 were given
ERROR:    Exception in ASGI application
Traceback (most recent call last):
  File "/Users/lazytrot/work/uvicorn-rs/.venv/lib/python3.12/site-packages/uvicorn/protocols/http/httptools_impl.py", line 422, in run_asgi
    result = await app(  # type: ignore[func-returns-value]
             ^^^^^^^^^^^^^^^^^^^^^^^^^^^^^^^^^^^^^^^^^^^^^^
  File "/Users/lazytrot/work/uvicorn-rs/.venv/lib/python3.12/site-packages/uvicorn/middleware/proxy_headers.py", line 63, in __call__
    return await self.app(scope, receive, send)
           ^^^^^^^^^^^^^^^^^^^^^^^^^^^^^^^^^^^^
  File "/Users/lazytrot/work/uvicorn-rs/tests/parity/app.py", line 521, in _app_impl
    await send({"status": 200})
  File "/Users/lazytrot/work/uvicorn-rs/.venv/lib/python3.12/site-packages/uvicorn/protocols/http/httptools_impl.py", line 472, in send
    if message["type"] != "http.response.start":
       ~~~~~~~^^^^^^^^
KeyError: 'type'
ERROR:    Exception in ASGI application
Traceback (most recent call last):
  File "/Users/lazytrot/work/uvicorn-rs/.venv/lib/python3.12/site-packages/uvicorn/protocols/http/httptools_impl.py", line 422, in run_asgi
    result = await app(  # type: ignore[func-returns-value]
             ^^^^^^^^^^^^^^^^^^^^^^^^^^^^^^^^^^^^^^^^^^^^^^
  File "/Users/lazytrot/work/uvicorn-rs/.venv/lib/python3.12/site-packages/uvicorn/middleware/proxy_headers.py", line 63, in __call__
    return await self.app(scope, receive, send)
           ^^^^^^^^^^^^^^^^^^^^^^^^^^^^^^^^^^^^
  File "/Users/lazytrot/work/uvicorn-rs/tests/parity/app.py", line 525, in _app_impl
    await send({"type": "http.response.trailers"})
  File "/Users/lazytrot/work/uvicorn-rs/.venv/lib/python3.12/site-packages/uvicorn/protocols/http/httptools_impl.py", line 473, in send
    raise RuntimeError(f"Expected ASGI message 'http.response.start', but got '{message['type']}'.")
RuntimeError: Expected ASGI message 'http.response.start', but got 'http.response.trailers'.
ERROR:    Exception in ASGI application
Traceback (most recent call last):
  File "/Users/lazytrot/work/uvicorn-rs/.venv/lib/python3.12/site-packages/uvicorn/protocols/http/httptools_impl.py", line 422, in run_asgi
    result = await app(  # type: ignore[func-returns-value]
             ^^^^^^^^^^^^^^^^^^^^^^^^^^^^^^^^^^^^^^^^^^^^^^
  File "/Users/lazytrot/work/uvicorn-rs/.venv/lib/python3.12/site-packages/uvicorn/middleware/proxy_headers.py", line 63, in __call__
    return await self.app(scope, receive, send)
           ^^^^^^^^^^^^^^^^^^^^^^^^^^^^^^^^^^^^
  File "/Users/lazytrot/work/uvicorn-rs/tests/parity/app.py", line 617, in _app_impl
    await send({"type": "http.response.body", "body": b"before-start"})
  File "/Users/lazytrot/work/uvicorn-rs/.venv/lib/python3.12/site-packages/uvicorn/protocols/http/httptools_impl.py", line 473, in send
    raise RuntimeError(f"Expected ASGI message 'http.response.start', but got '{message['type']}'.")
RuntimeError: Expected ASGI message 'http.response.start', but got 'http.response.body'.
ERROR:    Exception in ASGI application
Traceback (most recent call last):
  File "/Users/lazytrot/work/uvicorn-rs/.venv/lib/python3.12/site-packages/uvicorn/protocols/http/httptools_impl.py", line 422, in run_asgi
    result = await app(  # type: ignore[func-returns-value]
             ^^^^^^^^^^^^^^^^^^^^^^^^^^^^^^^^^^^^^^^^^^^^^^
  File "/Users/lazytrot/work/uvicorn-rs/.venv/lib/python3.12/site-packages/uvicorn/middleware/proxy_headers.py", line 63, in __call__
    return await self.app(scope, receive, send)
           ^^^^^^^^^^^^^^^^^^^^^^^^^^^^^^^^^^^^
  File "/Users/lazytrot/work/uvicorn-rs/tests/parity/app.py", line 631, in _app_impl
    await send(
  File "/Users/lazytrot/work/uvicorn-rs/.venv/lib/python3.12/site-packages/uvicorn/protocols/http/httptools_impl.py", line 497, in send
    raise RuntimeError("Invalid HTTP header name.")  # pragma: full coverage
    ^^^^^^^^^^^^^^^^^^^^^^^^^^^^^^^^^^^^^^^^^^^^^^^
RuntimeError: Invalid HTTP header name.
ERROR:    Exception in ASGI application
Traceback (most recent call last):
  File "/Users/lazytrot/work/uvicorn-rs/.venv/lib/python3.12/site-packages/uvicorn/protocols/http/httptools_impl.py", line 422, in run_asgi
    result = await app(  # type: ignore[func-returns-value]
             ^^^^^^^^^^^^^^^^^^^^^^^^^^^^^^^^^^^^^^^^^^^^^^
  File "/Users/lazytrot/work/uvicorn-rs/.venv/lib/python3.12/site-packages/uvicorn/middleware/proxy_headers.py", line 63, in __call__
    return await self.app(scope, receive, send)
           ^^^^^^^^^^^^^^^^^^^^^^^^^^^^^^^^^^^^
  File "/Users/lazytrot/work/uvicorn-rs/tests/parity/app.py", line 642, in _app_impl
    await send(
  File "/Users/lazytrot/work/uvicorn-rs/.venv/lib/python3.12/site-packages/uvicorn/protocols/http/httptools_impl.py", line 499, in send
    raise RuntimeError("Invalid HTTP header value.")
RuntimeError: Invalid HTTP header value.
ERROR:    Exception in ASGI application
Traceback (most recent call last):
  File "/Users/lazytrot/work/uvicorn-rs/.venv/lib/python3.12/site-packages/uvicorn/protocols/http/httptools_impl.py", line 422, in run_asgi
    result = await app(  # type: ignore[func-returns-value]
             ^^^^^^^^^^^^^^^^^^^^^^^^^^^^^^^^^^^^^^^^^^^^^^
  File "/Users/lazytrot/work/uvicorn-rs/.venv/lib/python3.12/site-packages/uvicorn/middleware/proxy_headers.py", line 63, in __call__
    return await self.app(scope, receive, send)
           ^^^^^^^^^^^^^^^^^^^^^^^^^^^^^^^^^^^^
  File "/Users/lazytrot/work/uvicorn-rs/tests/parity/app.py", line 559, in _app_impl
    await send({"type": 42})
  File "/Users/lazytrot/work/uvicorn-rs/.venv/lib/python3.12/site-packages/uvicorn/protocols/http/httptools_impl.py", line 473, in send
    raise RuntimeError(f"Expected ASGI message 'http.response.start', but got '{message['type']}'.")
RuntimeError: Expected ASGI message 'http.response.start', but got '42'.
ERROR:    Exception in ASGI application
Traceback (most recent call last):
  File "/Users/lazytrot/work/uvicorn-rs/.venv/lib/python3.12/site-packages/uvicorn/protocols/http/httptools_impl.py", line 422, in run_asgi
    result = await app(  # type: ignore[func-returns-value]
             ^^^^^^^^^^^^^^^^^^^^^^^^^^^^^^^^^^^^^^^^^^^^^^
  File "/Users/lazytrot/work/uvicorn-rs/.venv/lib/python3.12/site-packages/uvicorn/middleware/proxy_headers.py", line 63, in __call__
    return await self.app(scope, receive, send)
           ^^^^^^^^^^^^^^^^^^^^^^^^^^^^^^^^^^^^
  File "/Users/lazytrot/work/uvicorn-rs/tests/parity/app.py", line 613, in _app_impl
    await send({"type": "http.response.start", "headers": []})
  File "/Users/lazytrot/work/uvicorn-rs/.venv/lib/python3.12/site-packages/uvicorn/protocols/http/httptools_impl.py", line 478, in send
    status_code = message["status"]
                  ~~~~~~~^^^^^^^^^^
KeyError: 'status'
ERROR:    Exception in ASGI application
Traceback (most recent call last):
  File "/Users/lazytrot/work/uvicorn-rs/.venv/lib/python3.12/site-packages/uvicorn/protocols/http/httptools_impl.py", line 422, in run_asgi
    result = await app(  # type: ignore[func-returns-value]
             ^^^^^^^^^^^^^^^^^^^^^^^^^^^^^^^^^^^^^^^^^^^^^^
  File "/Users/lazytrot/work/uvicorn-rs/.venv/lib/python3.12/site-packages/uvicorn/middleware/proxy_headers.py", line 63, in __call__
    return await self.app(scope, receive, send)
           ^^^^^^^^^^^^^^^^^^^^^^^^^^^^^^^^^^^^
  File "/Users/lazytrot/work/uvicorn-rs/tests/parity/app.py", line 577, in _app_impl
    await send({"type": "http.response.start", "status": 99, "headers": []})
  File "/Users/lazytrot/work/uvicorn-rs/.venv/lib/python3.12/site-packages/uvicorn/protocols/http/httptools_impl.py", line 492, in send
    content = [STATUS_LINE[status_code]]
               ~~~~~~~~~~~^^^^^^^^^^^^^
KeyError: 99
ERROR:    Exception in ASGI application
Traceback (most recent call last):
  File "/Users/lazytrot/work/uvicorn-rs/.venv/lib/python3.12/site-packages/uvicorn/protocols/http/httptools_impl.py", line 422, in run_asgi
    result = await app(  # type: ignore[func-returns-value]
             ^^^^^^^^^^^^^^^^^^^^^^^^^^^^^^^^^^^^^^^^^^^^^^
  File "/Users/lazytrot/work/uvicorn-rs/.venv/lib/python3.12/site-packages/uvicorn/middleware/proxy_headers.py", line 63, in __call__
    return await self.app(scope, receive, send)
           ^^^^^^^^^^^^^^^^^^^^^^^^^^^^^^^^^^^^
  File "/Users/lazytrot/work/uvicorn-rs/tests/parity/app.py", line 581, in _app_impl
    await send({"type": "http.response.start", "status": "200", "headers": []})
  File "/Users/lazytrot/work/uvicorn-rs/.venv/lib/python3.12/site-packages/uvicorn/protocols/http/httptools_impl.py", line 492, in send
    content = [STATUS_LINE[status_code]]
               ~~~~~~~~~~~^^^^^^^^^^^^^
KeyError: '200'
ERROR:    Exception in ASGI application
Traceback (most recent call last):
  File "/Users/lazytrot/work/uvicorn-rs/.venv/lib/python3.12/site-packages/uvicorn/protocols/http/httptools_impl.py", line 422, in run_asgi
    result = await app(  # type: ignore[func-returns-value]
             ^^^^^^^^^^^^^^^^^^^^^^^^^^^^^^^^^^^^^^^^^^^^^^
  File "/Users/lazytrot/work/uvicorn-rs/.venv/lib/python3.12/site-packages/uvicorn/middleware/proxy_headers.py", line 63, in __call__
    return await self.app(scope, receive, send)
           ^^^^^^^^^^^^^^^^^^^^^^^^^^^^^^^^^^^^
  File "/Users/lazytrot/work/uvicorn-rs/tests/parity/app.py", line 585, in _app_impl
    await send({"type": "http.response.start", "status": 200, "headers": 42})
  File "/Users/lazytrot/work/uvicorn-rs/.venv/lib/python3.12/site-packages/uvicorn/protocols/http/httptools_impl.py", line 479, in send
    headers = self.default_headers + list(message.get("headers", []))
                                     ^^^^^^^^^^^^^^^^^^^^^^^^^^^^^^^^
TypeError: 'int' object is not iterable
ERROR:    Exception in ASGI application
Traceback (most recent call last):
  File "/Users/lazytrot/work/uvicorn-rs/.venv/lib/python3.12/site-packages/uvicorn/protocols/http/httptools_impl.py", line 422, in run_asgi
    result = await app(  # type: ignore[func-returns-value]
             ^^^^^^^^^^^^^^^^^^^^^^^^^^^^^^^^^^^^^^^^^^^^^^
  File "/Users/lazytrot/work/uvicorn-rs/.venv/lib/python3.12/site-packages/uvicorn/middleware/proxy_headers.py", line 63, in __call__
    return await self.app(scope, receive, send)
           ^^^^^^^^^^^^^^^^^^^^^^^^^^^^^^^^^^^^
  File "/Users/lazytrot/work/uvicorn-rs/tests/parity/app.py", line 604, in _app_impl
    await send({"type": "http.response.body", "body": "not-bytes", "more_body": False})
  File "/Users/lazytrot/work/uvicorn-rs/.venv/lib/python3.12/site-packages/uvicorn/protocols/http/httptools_impl.py", line 544, in send
    self.transport.write(b"".join(content))
                         ^^^^^^^^^^^^^^^^^
TypeError: sequence item 1: expected a bytes-like object, str found
ERROR:    Exception in ASGI application
Traceback (most recent call last):
  File "/Users/lazytrot/work/uvicorn-rs/.venv/lib/python3.12/site-packages/uvicorn/protocols/http/httptools_impl.py", line 422, in run_asgi
    result = await app(  # type: ignore[func-returns-value]
             ^^^^^^^^^^^^^^^^^^^^^^^^^^^^^^^^^^^^^^^^^^^^^^
  File "/Users/lazytrot/work/uvicorn-rs/.venv/lib/python3.12/site-packages/uvicorn/middleware/proxy_headers.py", line 63, in __call__
    return await self.app(scope, receive, send)
           ^^^^^^^^^^^^^^^^^^^^^^^^^^^^^^^^^^^^
  File "/Users/lazytrot/work/uvicorn-rs/tests/parity/app.py", line 590, in _app_impl
    await send({"type": "http.response.start", "status": 201, "headers": []})
  File "/Users/lazytrot/work/uvicorn-rs/.venv/lib/python3.12/site-packages/uvicorn/protocols/http/httptools_impl.py", line 529, in send
    raise RuntimeError(f"Expected ASGI message 'http.response.body', but got '{message['type']}'.")
RuntimeError: Expected ASGI message 'http.response.body', but got 'http.response.start'.
ERROR:    Exception in ASGI application
Traceback (most recent call last):
  File "/Users/lazytrot/work/uvicorn-rs/.venv/lib/python3.12/site-packages/uvicorn/protocols/http/httptools_impl.py", line 422, in run_asgi
    result = await app(  # type: ignore[func-returns-value]
             ^^^^^^^^^^^^^^^^^^^^^^^^^^^^^^^^^^^^^^^^^^^^^^
  File "/Users/lazytrot/work/uvicorn-rs/.venv/lib/python3.12/site-packages/uvicorn/middleware/proxy_headers.py", line 63, in __call__
    return await self.app(scope, receive, send)
           ^^^^^^^^^^^^^^^^^^^^^^^^^^^^^^^^^^^^
  File "/Users/lazytrot/work/uvicorn-rs/tests/parity/app.py", line 595, in _app_impl
    raise RuntimeError("parity response-start exception sentinel")
RuntimeError: parity response-start exception sentinel
ERROR:    ASGI callable returned without completing response.
ERROR:    Exception in ASGI application
Traceback (most recent call last):
  File "/Users/lazytrot/work/uvicorn-rs/.venv/lib/python3.12/site-packages/uvicorn/protocols/http/httptools_impl.py", line 422, in run_asgi
    result = await app(  # type: ignore[func-returns-value]
             ^^^^^^^^^^^^^^^^^^^^^^^^^^^^^^^^^^^^^^^^^^^^^^
  File "/Users/lazytrot/work/uvicorn-rs/.venv/lib/python3.12/site-packages/uvicorn/middleware/proxy_headers.py", line 63, in __call__
    return await self.app(scope, receive, send)
           ^^^^^^^^^^^^^^^^^^^^^^^^^^^^^^^^^^^^
  File "/Users/lazytrot/work/uvicorn-rs/tests/parity/app.py", line 610, in _app_impl
    raise RuntimeError("parity final-body exception sentinel")
RuntimeError: parity final-body exception sentinel
ERROR:    Exception in ASGI application
Traceback (most recent call last):
  File "/Users/lazytrot/work/uvicorn-rs/.venv/lib/python3.12/site-packages/uvicorn/protocols/http/httptools_impl.py", line 422, in run_asgi
    result = await app(  # type: ignore[func-returns-value]
             ^^^^^^^^^^^^^^^^^^^^^^^^^^^^^^^^^^^^^^^^^^^^^^
  File "/Users/lazytrot/work/uvicorn-rs/.venv/lib/python3.12/site-packages/uvicorn/middleware/proxy_headers.py", line 63, in __call__
    return await self.app(scope, receive, send)
           ^^^^^^^^^^^^^^^^^^^^^^^^^^^^^^^^^^^^
  File "/Users/lazytrot/work/uvicorn-rs/tests/parity/app.py", line 573, in _app_impl
    await send({"type": wrong_context_events[event_name]})
  File "/Users/lazytrot/work/uvicorn-rs/.venv/lib/python3.12/site-packages/uvicorn/protocols/http/httptools_impl.py", line 473, in send
    raise RuntimeError(f"Expected ASGI message 'http.response.start', but got '{message['type']}'.")
RuntimeError: Expected ASGI message 'http.response.start', but got 'websocket.accept'.
ERROR:    Exception in ASGI application
Traceback (most recent call last):
  File "/Users/lazytrot/work/uvicorn-rs/.venv/lib/python3.12/site-packages/uvicorn/protocols/http/httptools_impl.py", line 422, in run_asgi
    result = await app(  # type: ignore[func-returns-value]
             ^^^^^^^^^^^^^^^^^^^^^^^^^^^^^^^^^^^^^^^^^^^^^^
  File "/Users/lazytrot/work/uvicorn-rs/.venv/lib/python3.12/site-packages/uvicorn/middleware/proxy_headers.py", line 63, in __call__
    return await self.app(scope, receive, send)
           ^^^^^^^^^^^^^^^^^^^^^^^^^^^^^^^^^^^^
  File "/Users/lazytrot/work/uvicorn-rs/tests/parity/app.py", line 573, in _app_impl
    await send({"type": wrong_context_events[event_name]})
  File "/Users/lazytrot/work/uvicorn-rs/.venv/lib/python3.12/site-packages/uvicorn/protocols/http/httptools_impl.py", line 473, in send
    raise RuntimeError(f"Expected ASGI message 'http.response.start', but got '{message['type']}'.")
RuntimeError: Expected ASGI message 'http.response.start', but got 'websocket.close'.
ERROR:    Exception in ASGI application
Traceback (most recent call last):
  File "/Users/lazytrot/work/uvicorn-rs/.venv/lib/python3.12/site-packages/uvicorn/protocols/http/httptools_impl.py", line 422, in run_asgi
    result = await app(  # type: ignore[func-returns-value]
             ^^^^^^^^^^^^^^^^^^^^^^^^^^^^^^^^^^^^^^^^^^^^^^
  File "/Users/lazytrot/work/uvicorn-rs/.venv/lib/python3.12/site-packages/uvicorn/middleware/proxy_headers.py", line 63, in __call__
    return await self.app(scope, receive, send)
           ^^^^^^^^^^^^^^^^^^^^^^^^^^^^^^^^^^^^
  File "/Users/lazytrot/work/uvicorn-rs/tests/parity/app.py", line 573, in _app_impl
    await send({"type": wrong_context_events[event_name]})
  File "/Users/lazytrot/work/uvicorn-rs/.venv/lib/python3.12/site-packages/uvicorn/protocols/http/httptools_impl.py", line 473, in send
    raise RuntimeError(f"Expected ASGI message 'http.response.start', but got '{message['type']}'.")
RuntimeError: Expected ASGI message 'http.response.start', but got 'websocket.send'.
ERROR:    Exception in ASGI application
Traceback (most recent call last):
  File "/Users/lazytrot/work/uvicorn-rs/.venv/lib/python3.12/site-packages/uvicorn/protocols/http/httptools_impl.py", line 422, in run_asgi
    result = await app(  # type: ignore[func-returns-value]
             ^^^^^^^^^^^^^^^^^^^^^^^^^^^^^^^^^^^^^^^^^^^^^^
  File "/Users/lazytrot/work/uvicorn-rs/.venv/lib/python3.12/site-packages/uvicorn/middleware/proxy_headers.py", line 63, in __call__
    return await self.app(scope, receive, send)
           ^^^^^^^^^^^^^^^^^^^^^^^^^^^^^^^^^^^^
  File "/Users/lazytrot/work/uvicorn-rs/tests/parity/app.py", line 573, in _app_impl
    await send({"type": wrong_context_events[event_name]})
  File "/Users/lazytrot/work/uvicorn-rs/.venv/lib/python3.12/site-packages/uvicorn/protocols/http/httptools_impl.py", line 473, in send
    raise RuntimeError(f"Expected ASGI message 'http.response.start', but got '{message['type']}'.")
RuntimeError: Expected ASGI message 'http.response.start', but got 'lifespan.startup.complete'.
ERROR:    Exception in ASGI application
Traceback (most recent call last):
  File "/Users/lazytrot/work/uvicorn-rs/.venv/lib/python3.12/site-packages/uvicorn/protocols/http/httptools_impl.py", line 422, in run_asgi
    result = await app(  # type: ignore[func-returns-value]
             ^^^^^^^^^^^^^^^^^^^^^^^^^^^^^^^^^^^^^^^^^^^^^^
  File "/Users/lazytrot/work/uvicorn-rs/.venv/lib/python3.12/site-packages/uvicorn/middleware/proxy_headers.py", line 63, in __call__
    return await self.app(scope, receive, send)
           ^^^^^^^^^^^^^^^^^^^^^^^^^^^^^^^^^^^^
  File "/Users/lazytrot/work/uvicorn-rs/tests/parity/app.py", line 573, in _app_impl
    await send({"type": wrong_context_events[event_name]})
  File "/Users/lazytrot/work/uvicorn-rs/.venv/lib/python3.12/site-packages/uvicorn/protocols/http/httptools_impl.py", line 473, in send
    raise RuntimeError(f"Expected ASGI message 'http.response.start', but got '{message['type']}'.")
RuntimeError: Expected ASGI message 'http.response.start', but got 'lifespan.startup.failed'.
ERROR:    Exception in ASGI application
Traceback (most recent call last):
  File "/Users/lazytrot/work/uvicorn-rs/.venv/lib/python3.12/site-packages/uvicorn/protocols/http/httptools_impl.py", line 422, in run_asgi
    result = await app(  # type: ignore[func-returns-value]
             ^^^^^^^^^^^^^^^^^^^^^^^^^^^^^^^^^^^^^^^^^^^^^^
  File "/Users/lazytrot/work/uvicorn-rs/.venv/lib/python3.12/site-packages/uvicorn/middleware/proxy_headers.py", line 63, in __call__
    return await self.app(scope, receive, send)
           ^^^^^^^^^^^^^^^^^^^^^^^^^^^^^^^^^^^^
  File "/Users/lazytrot/work/uvicorn-rs/tests/parity/app.py", line 573, in _app_impl
    await send({"type": wrong_context_events[event_name]})
  File "/Users/lazytrot/work/uvicorn-rs/.venv/lib/python3.12/site-packages/uvicorn/protocols/http/httptools_impl.py", line 473, in send
    raise RuntimeError(f"Expected ASGI message 'http.response.start', but got '{message['type']}'.")
RuntimeError: Expected ASGI message 'http.response.start', but got 'lifespan.shutdown.complete'.
ERROR:    Exception in ASGI application
Traceback (most recent call last):
  File "/Users/lazytrot/work/uvicorn-rs/.venv/lib/python3.12/site-packages/uvicorn/protocols/http/httptools_impl.py", line 422, in run_asgi
    result = await app(  # type: ignore[func-returns-value]
             ^^^^^^^^^^^^^^^^^^^^^^^^^^^^^^^^^^^^^^^^^^^^^^
  File "/Users/lazytrot/work/uvicorn-rs/.venv/lib/python3.12/site-packages/uvicorn/middleware/proxy_headers.py", line 63, in __call__
    return await self.app(scope, receive, send)
           ^^^^^^^^^^^^^^^^^^^^^^^^^^^^^^^^^^^^
  File "/Users/lazytrot/work/uvicorn-rs/tests/parity/app.py", line 573, in _app_impl
    await send({"type": wrong_context_events[event_name]})
  File "/Users/lazytrot/work/uvicorn-rs/.venv/lib/python3.12/site-packages/uvicorn/protocols/http/httptools_impl.py", line 473, in send
    raise RuntimeError(f"Expected ASGI message 'http.response.start', but got '{message['type']}'.")
RuntimeError: Expected ASGI message 'http.response.start', but got 'lifespan.shutdown.failed'.
ERROR:    ASGI callable returned without starting response.
ERROR:    Exception in ASGI application
Traceback (most recent call last):
  File "/Users/lazytrot/work/uvicorn-rs/.venv/lib/python3.12/site-packages/uvicorn/protocols/http/httptools_impl.py", line 422, in run_asgi
    result = await app(  # type: ignore[func-returns-value]
             ^^^^^^^^^^^^^^^^^^^^^^^^^^^^^^^^^^^^^^^^^^^^^^
  File "/Users/lazytrot/work/uvicorn-rs/.venv/lib/python3.12/site-packages/uvicorn/middleware/proxy_headers.py", line 63, in __call__
    return await self.app(scope, receive, send)
           ^^^^^^^^^^^^^^^^^^^^^^^^^^^^^^^^^^^^
  File "/Users/lazytrot/work/uvicorn-rs/tests/parity/app.py", line 1046, in _app_impl
    await asyncio.Event().wait()
  File "/Users/lazytrot/.local/share/uv/python/cpython-3.12.13-macos-aarch64-none/lib/python3.12/asyncio/locks.py", line 212, in wait
    await fut
asyncio.exceptions.CancelledError
ERROR:    Cancel 1 running task(s), timeout graceful shutdown exceeded
ERROR:    Exception in ASGI application
Traceback (most recent call last):
  File "/Users/lazytrot/work/uvicorn-rs/.venv/lib/python3.12/site-packages/uvicorn/protocols/http/httptools_impl.py", line 422, in run_asgi
    result = await app(  # type: ignore[func-returns-value]
             ^^^^^^^^^^^^^^^^^^^^^^^^^^^^^^^^^^^^^^^^^^^^^^
  File "/Users/lazytrot/work/uvicorn-rs/.venv/lib/python3.12/site-packages/uvicorn/middleware/proxy_headers.py", line 63, in __call__
    return await self.app(scope, receive, send)
           ^^^^^^^^^^^^^^^^^^^^^^^^^^^^^^^^^^^^
  File "/Users/lazytrot/work/uvicorn-rs/tests/parity/app.py", line 869, in _app_impl
    await asyncio.Event().wait()
  File "/Users/lazytrot/.local/share/uv/python/cpython-3.12.13-macos-aarch64-none/lib/python3.12/asyncio/locks.py", line 212, in wait
    await fut
asyncio.exceptions.CancelledError: Task cancelled, timeout graceful shutdown exceeded

--- uvicorn-rs server log ---
uvicorn-rs: connection task failed: connection error
uvicorn-rs: connection task failed: connection error
Traceback (most recent call last):
  File "/Users/lazytrot/work/uvicorn-rs/.venv/lib/python3.12/site-packages/uvicorn_rs/_bridge.py", line 16, in invoke
    await app(scope, receive, send)
  File "/Users/lazytrot/work/uvicorn-rs/tests/parity/app.py", line 875, in _app_impl
    raise RuntimeError("parity exception sentinel")
RuntimeError: parity exception sentinel
Traceback (most recent call last):
  File "/Users/lazytrot/work/uvicorn-rs/.venv/lib/python3.12/site-packages/uvicorn_rs/_bridge.py", line 16, in invoke
    await app(scope, receive, send)
          ^^^^^^^^^^^^^^^^^^^^^^^^^
  File "/Users/lazytrot/work/uvicorn-rs/tests/parity/app.py", line 1116, in app
    raise RuntimeError("parity synchronous HTTP callable sentinel")
RuntimeError: parity synchronous HTTP callable sentinel
Traceback (most recent call last):
  File "/Users/lazytrot/work/uvicorn-rs/.venv/lib/python3.12/site-packages/uvicorn_rs/_bridge.py", line 16, in invoke
    await app(scope, receive, send)
  File "/Users/lazytrot/work/uvicorn-rs/tests/parity/app.py", line 878, in _app_impl
    await receive(None)
          ^^^^^^^^^^^^^
TypeError: invoke.<locals>.receive() takes 0 positional arguments but 1 was given
uvicorn-rs: ASGI app completed without response.start
uvicorn-rs: connection task failed: error from user's Service
uvicorn-rs: connection task failed: error from user's Body stream
Traceback (most recent call last):
  File "/Users/lazytrot/work/uvicorn-rs/.venv/lib/python3.12/site-packages/uvicorn_rs/_bridge.py", line 16, in invoke
    await app(scope, receive, send)
  File "/Users/lazytrot/work/uvicorn-rs/tests/parity/app.py", line 521, in _app_impl
    await send({"status": 200})
  File "/Users/lazytrot/work/uvicorn-rs/.venv/lib/python3.12/site-packages/uvicorn_rs/_bridge.py", line 12, in send
    pending = io.send(message)
              ^^^^^^^^^^^^^^^^
ValueError: ASGI message is missing 'type'
Traceback (most recent call last):
  File "/Users/lazytrot/work/uvicorn-rs/.venv/lib/python3.12/site-packages/uvicorn_rs/_bridge.py", line 16, in invoke
    await app(scope, receive, send)
  File "/Users/lazytrot/work/uvicorn-rs/tests/parity/app.py", line 525, in _app_impl
    await send({"type": "http.response.trailers"})
  File "/Users/lazytrot/work/uvicorn-rs/.venv/lib/python3.12/site-packages/uvicorn_rs/_bridge.py", line 12, in send
    pending = io.send(message)
              ^^^^^^^^^^^^^^^^
ValueError: unsupported ASGI HTTP event: http.response.trailers
Traceback (most recent call last):
  File "/Users/lazytrot/work/uvicorn-rs/.venv/lib/python3.12/site-packages/uvicorn_rs/_bridge.py", line 16, in invoke
    await app(scope, receive, send)
  File "/Users/lazytrot/work/uvicorn-rs/tests/parity/app.py", line 617, in _app_impl
    await send({"type": "http.response.body", "body": b"before-start"})
  File "/Users/lazytrot/work/uvicorn-rs/.venv/lib/python3.12/site-packages/uvicorn_rs/_bridge.py", line 12, in send
    pending = io.send(message)
              ^^^^^^^^^^^^^^^^
ValueError: ASGI app sent response.body before response.start
Traceback (most recent call last):
  File "/Users/lazytrot/work/uvicorn-rs/.venv/lib/python3.12/site-packages/uvicorn_rs/_bridge.py", line 16, in invoke
    await app(scope, receive, send)
  File "/Users/lazytrot/work/uvicorn-rs/tests/parity/app.py", line 631, in _app_impl
    await send(
  File "/Users/lazytrot/work/uvicorn-rs/.venv/lib/python3.12/site-packages/uvicorn_rs/_bridge.py", line 12, in send
    pending = io.send(message)
              ^^^^^^^^^^^^^^^^
RuntimeError: Invalid HTTP header name.
uvicorn-rs: connection task failed: error from user's Service
Traceback (most recent call last):
  File "/Users/lazytrot/work/uvicorn-rs/.venv/lib/python3.12/site-packages/uvicorn_rs/_bridge.py", line 16, in invoke
    await app(scope, receive, send)
  File "/Users/lazytrot/work/uvicorn-rs/tests/parity/app.py", line 642, in _app_impl
    await send(
  File "/Users/lazytrot/work/uvicorn-rs/.venv/lib/python3.12/site-packages/uvicorn_rs/_bridge.py", line 12, in send
    pending = io.send(message)
              ^^^^^^^^^^^^^^^^
RuntimeError: Invalid HTTP header value.
uvicorn-rs: connection task failed: error from user's Service
Traceback (most recent call last):
  File "/Users/lazytrot/work/uvicorn-rs/.venv/lib/python3.12/site-packages/uvicorn_rs/_bridge.py", line 16, in invoke
    await app(scope, receive, send)
  File "/Users/lazytrot/work/uvicorn-rs/tests/parity/app.py", line 559, in _app_impl
    await send({"type": 42})
  File "/Users/lazytrot/work/uvicorn-rs/.venv/lib/python3.12/site-packages/uvicorn_rs/_bridge.py", line 12, in send
    pending = io.send(message)
              ^^^^^^^^^^^^^^^^
TypeError: 'int' object is not an instance of 'str'
Traceback (most recent call last):
  File "/Users/lazytrot/work/uvicorn-rs/.venv/lib/python3.12/site-packages/uvicorn_rs/_bridge.py", line 16, in invoke
    await app(scope, receive, send)
  File "/Users/lazytrot/work/uvicorn-rs/tests/parity/app.py", line 613, in _app_impl
    await send({"type": "http.response.start", "headers": []})
  File "/Users/lazytrot/work/uvicorn-rs/.venv/lib/python3.12/site-packages/uvicorn_rs/_bridge.py", line 12, in send
    pending = io.send(message)
              ^^^^^^^^^^^^^^^^
ValueError: response.start is missing 'status'
uvicorn-rs: connection task failed: error from user's Service
Traceback (most recent call last):
  File "/Users/lazytrot/work/uvicorn-rs/.venv/lib/python3.12/site-packages/uvicorn_rs/_bridge.py", line 16, in invoke
    await app(scope, receive, send)
  File "/Users/lazytrot/work/uvicorn-rs/tests/parity/app.py", line 577, in _app_impl
    await send({"type": "http.response.start", "status": 99, "headers": []})
  File "/Users/lazytrot/work/uvicorn-rs/.venv/lib/python3.12/site-packages/uvicorn_rs/_bridge.py", line 12, in send
    pending = io.send(message)
              ^^^^^^^^^^^^^^^^
RuntimeError: Invalid HTTP response status code.
uvicorn-rs: connection task failed: error from user's Service
Traceback (most recent call last):
  File "/Users/lazytrot/work/uvicorn-rs/.venv/lib/python3.12/site-packages/uvicorn_rs/_bridge.py", line 16, in invoke
    await app(scope, receive, send)
  File "/Users/lazytrot/work/uvicorn-rs/tests/parity/app.py", line 581, in _app_impl
    await send({"type": "http.response.start", "status": "200", "headers": []})
  File "/Users/lazytrot/work/uvicorn-rs/.venv/lib/python3.12/site-packages/uvicorn_rs/_bridge.py", line 12, in send
    pending = io.send(message)
              ^^^^^^^^^^^^^^^^
TypeError: 'str' object cannot be interpreted as an integer
uvicorn-rs: connection task failed: error from user's Service
Traceback (most recent call last):
  File "/Users/lazytrot/work/uvicorn-rs/.venv/lib/python3.12/site-packages/uvicorn_rs/_bridge.py", line 16, in invoke
    await app(scope, receive, send)
  File "/Users/lazytrot/work/uvicorn-rs/tests/parity/app.py", line 585, in _app_impl
    await send({"type": "http.response.start", "status": 200, "headers": 42})
  File "/Users/lazytrot/work/uvicorn-rs/.venv/lib/python3.12/site-packages/uvicorn_rs/_bridge.py", line 12, in send
    pending = io.send(message)
              ^^^^^^^^^^^^^^^^
TypeError: 'int' object is not an instance of 'Sequence'
uvicorn-rs: connection task failed: error from user's Service
Traceback (most recent call last):
  File "/Users/lazytrot/work/uvicorn-rs/.venv/lib/python3.12/site-packages/uvicorn_rs/_bridge.py", line 16, in invoke
    await app(scope, receive, send)
  File "/Users/lazytrot/work/uvicorn-rs/tests/parity/app.py", line 604, in _app_impl
    await send({"type": "http.response.body", "body": "not-bytes", "more_body": False})
  File "/Users/lazytrot/work/uvicorn-rs/.venv/lib/python3.12/site-packages/uvicorn_rs/_bridge.py", line 12, in send
    pending = io.send(message)
              ^^^^^^^^^^^^^^^^
TypeError: 'str' object is not an instance of 'bytes | bytearray'
uvicorn-rs: connection task failed: error from user's Body stream
Traceback (most recent call last):
  File "/Users/lazytrot/work/uvicorn-rs/.venv/lib/python3.12/site-packages/uvicorn_rs/_bridge.py", line 16, in invoke
    await app(scope, receive, send)
  File "/Users/lazytrot/work/uvicorn-rs/tests/parity/app.py", line 590, in _app_impl
    await send({"type": "http.response.start", "status": 201, "headers": []})
  File "/Users/lazytrot/work/uvicorn-rs/.venv/lib/python3.12/site-packages/uvicorn_rs/_bridge.py", line 12, in send
    pending = io.send(message)
              ^^^^^^^^^^^^^^^^
RuntimeError: ASGI app sent response.start more than once
uvicorn-rs: connection task failed: error from user's Body stream
Traceback (most recent call last):
  File "/Users/lazytrot/work/uvicorn-rs/.venv/lib/python3.12/site-packages/uvicorn_rs/_bridge.py", line 16, in invoke
    await app(scope, receive, send)
  File "/Users/lazytrot/work/uvicorn-rs/tests/parity/app.py", line 595, in _app_impl
    raise RuntimeError("parity response-start exception sentinel")
RuntimeError: parity response-start exception sentinel
uvicorn-rs: connection task failed: error from user's Body stream
uvicorn-rs: connection task failed: error from user's Body stream
Traceback (most recent call last):
  File "/Users/lazytrot/work/uvicorn-rs/.venv/lib/python3.12/site-packages/uvicorn_rs/_bridge.py", line 16, in invoke
    await app(scope, receive, send)
  File "/Users/lazytrot/work/uvicorn-rs/tests/parity/app.py", line 610, in _app_impl
    raise RuntimeError("parity final-body exception sentinel")
RuntimeError: parity final-body exception sentinel
uvicorn-rs: ASGI app completed without response.start
uvicorn-rs: ASGI app completed without response.start
uvicorn-rs: connection task failed: error writing a body to connection
Traceback (most recent call last):
  File "/Users/lazytrot/work/uvicorn-rs/.venv/lib/python3.12/site-packages/uvicorn_rs/_bridge.py", line 16, in invoke
    await app(scope, receive, send)
  File "/Users/lazytrot/work/uvicorn-rs/tests/parity/app.py", line 573, in _app_impl
    await send({"type": wrong_context_events[event_name]})
  File "/Users/lazytrot/work/uvicorn-rs/.venv/lib/python3.12/site-packages/uvicorn_rs/_bridge.py", line 12, in send
    pending = io.send(message)
              ^^^^^^^^^^^^^^^^
ValueError: unsupported ASGI HTTP event: websocket.accept
Traceback (most recent call last):
  File "/Users/lazytrot/work/uvicorn-rs/.venv/lib/python3.12/site-packages/uvicorn_rs/_bridge.py", line 16, in invoke
    await app(scope, receive, send)
  File "/Users/lazytrot/work/uvicorn-rs/tests/parity/app.py", line 573, in _app_impl
    await send({"type": wrong_context_events[event_name]})
  File "/Users/lazytrot/work/uvicorn-rs/.venv/lib/python3.12/site-packages/uvicorn_rs/_bridge.py", line 12, in send
    pending = io.send(message)
              ^^^^^^^^^^^^^^^^
ValueError: unsupported ASGI HTTP event: websocket.close
Traceback (most recent call last):
  File "/Users/lazytrot/work/uvicorn-rs/.venv/lib/python3.12/site-packages/uvicorn_rs/_bridge.py", line 16, in invoke
    await app(scope, receive, send)
  File "/Users/lazytrot/work/uvicorn-rs/tests/parity/app.py", line 573, in _app_impl
    await send({"type": wrong_context_events[event_name]})
  File "/Users/lazytrot/work/uvicorn-rs/.venv/lib/python3.12/site-packages/uvicorn_rs/_bridge.py", line 12, in send
    pending = io.send(message)
              ^^^^^^^^^^^^^^^^
ValueError: unsupported ASGI HTTP event: websocket.send
Traceback (most recent call last):
  File "/Users/lazytrot/work/uvicorn-rs/.venv/lib/python3.12/site-packages/uvicorn_rs/_bridge.py", line 16, in invoke
    await app(scope, receive, send)
  File "/Users/lazytrot/work/uvicorn-rs/tests/parity/app.py", line 573, in _app_impl
    await send({"type": wrong_context_events[event_name]})
  File "/Users/lazytrot/work/uvicorn-rs/.venv/lib/python3.12/site-packages/uvicorn_rs/_bridge.py", line 12, in send
    pending = io.send(message)
              ^^^^^^^^^^^^^^^^
ValueError: unsupported ASGI HTTP event: lifespan.startup.complete
Traceback (most recent call last):
  File "/Users/lazytrot/work/uvicorn-rs/.venv/lib/python3.12/site-packages/uvicorn_rs/_bridge.py", line 16, in invoke
    await app(scope, receive, send)
  File "/Users/lazytrot/work/uvicorn-rs/tests/parity/app.py", line 573, in _app_impl
    await send({"type": wrong_context_events[event_name]})
  File "/Users/lazytrot/work/uvicorn-rs/.venv/lib/python3.12/site-packages/uvicorn_rs/_bridge.py", line 12, in send
    pending = io.send(message)
              ^^^^^^^^^^^^^^^^
ValueError: unsupported ASGI HTTP event: lifespan.startup.failed
Traceback (most recent call last):
  File "/Users/lazytrot/work/uvicorn-rs/.venv/lib/python3.12/site-packages/uvicorn_rs/_bridge.py", line 16, in invoke
    await app(scope, receive, send)
  File "/Users/lazytrot/work/uvicorn-rs/tests/parity/app.py", line 573, in _app_impl
    await send({"type": wrong_context_events[event_name]})
  File "/Users/lazytrot/work/uvicorn-rs/.venv/lib/python3.12/site-packages/uvicorn_rs/_bridge.py", line 12, in send
    pending = io.send(message)
              ^^^^^^^^^^^^^^^^
ValueError: unsupported ASGI HTTP event: lifespan.shutdown.complete
Traceback (most recent call last):
  File "/Users/lazytrot/work/uvicorn-rs/.venv/lib/python3.12/site-packages/uvicorn_rs/_bridge.py", line 16, in invoke
    await app(scope, receive, send)
  File "/Users/lazytrot/work/uvicorn-rs/tests/parity/app.py", line 573, in _app_impl
    await send({"type": wrong_context_events[event_name]})
  File "/Users/lazytrot/work/uvicorn-rs/.venv/lib/python3.12/site-packages/uvicorn_rs/_bridge.py", line 12, in send
    pending = io.send(message)
              ^^^^^^^^^^^^^^^^
ValueError: unsupported ASGI HTTP event: lifespan.shutdown.failed
uvicorn-rs: ASGI app completed without response.start
uvicorn-rs: ASGI app completed without response.start
uvicorn-rs: ASGI app completed without response.start
uvicorn-rs: connection task failed: error writing a body to connection
uvicorn-rs: ASGI app completed without response.start
uvicorn-rs: ASGI app completed without response.start
uvicorn-rs: ASGI app completed without response.start
Traceback (most recent call last):
  File "/Users/lazytrot/work/uvicorn-rs/.venv/lib/python3.12/site-packages/uvicorn_rs/_bridge.py", line 16, in invoke
    await app(scope, receive, send)
  File "/Users/lazytrot/work/uvicorn-rs/tests/parity/app.py", line 1046, in _app_impl
    await asyncio.Event().wait()
  File "/Users/lazytrot/.local/share/uv/python/cpython-3.12.13-macos-aarch64-none/lib/python3.12/asyncio/locks.py", line 212, in wait
    await fut
asyncio.exceptions.CancelledError

PASS http1-tls: http1-tls.scope-reports-https
PASS http1-tls: http1-tls.response-body-incomplete
--- uvicorn server log ---
/Users/lazytrot/work/uvicorn-rs/.venv/lib/python3.12/site-packages/uvicorn/protocols/websockets/websockets_impl.py:41: UvicornDeprecationWarning: The `websockets` implementation is deprecated, and `--ws websockets` will point at the `websockets-sansio` implementation in a future release. Use `--ws websockets-sansio` or `--ws auto` to switch now.
  warnings.warn(
ERROR:    ASGI callable returned without completing response.

--- uvicorn-rs server log ---
uvicorn-rs: connection task failed: tls handshake eof
uvicorn-rs: connection task failed: error from user's Body stream

PASS http2: http2.scope-query-header-and-body
PASS http2: http2.response-stream-order
PASS http2: http2.response-first-chunk-before-app-completion
PASS http2: http2.response-stream-reset-cancels-app
PASS http2: http2.request-upload-stream
PASS http2: http2.empty-final-data-frame-is-ignored
PASS http2: http2.request-streaming-progress-before-upload-complete
PASS http2: http2.request-trailers-after-streamed-upload
PASS http2: http2.asgi-event-type-string-subclass
PASS http2: http2.response-burst-backpressure
PASS http2: http2.invalid-asgi-event-type-is-not-string
PASS http2: http2.invalid-asgi-response-start-missing-status
PASS http2: http2.application-error-before-response-start
PASS http2: http2.scope-preserves-duplicate-headers
PASS http2: http2.scope-host-fallback-without-authority
PASS http2: http2.app-returns-before-response-start
PASS http2: http2.upload-abandoned-by-early-app-return
PASS http2: http2.no-content-status-with-empty-body
PASS http2: http2.concurrent-streams-complete-independently
PASS http2: http2.final-response-completes-before-app-return
PASS http2: http2.reset-incomplete-upload-keeps-sibling-stream-healthy
PASS http2: http2.reset-after-empty-request-keeps-sibling-stream-healthy
PASS http2: http2.reset-after-complete-upload-keeps-sibling-stream-healthy
--- uvicorn-rs server log ---
uvicorn-rs: connection task failed: tls handshake eof
Traceback (most recent call last):
  File "/Users/lazytrot/work/uvicorn-rs/.venv/lib/python3.12/site-packages/uvicorn_rs/_bridge.py", line 16, in invoke
    await app(scope, receive, send)
  File "/Users/lazytrot/work/uvicorn-rs/tests/parity/app.py", line 559, in _app_impl
    await send({"type": 42})
  File "/Users/lazytrot/work/uvicorn-rs/.venv/lib/python3.12/site-packages/uvicorn_rs/_bridge.py", line 12, in send
    pending = io.send(message)
              ^^^^^^^^^^^^^^^^
TypeError: 'int' object is not an instance of 'str'
Traceback (most recent call last):
  File "/Users/lazytrot/work/uvicorn-rs/.venv/lib/python3.12/site-packages/uvicorn_rs/_bridge.py", line 16, in invoke
    await app(scope, receive, send)
  File "/Users/lazytrot/work/uvicorn-rs/tests/parity/app.py", line 613, in _app_impl
    await send({"type": "http.response.start", "headers": []})
  File "/Users/lazytrot/work/uvicorn-rs/.venv/lib/python3.12/site-packages/uvicorn_rs/_bridge.py", line 12, in send
    pending = io.send(message)
              ^^^^^^^^^^^^^^^^
ValueError: response.start is missing 'status'
Traceback (most recent call last):
  File "/Users/lazytrot/work/uvicorn-rs/.venv/lib/python3.12/site-packages/uvicorn_rs/_bridge.py", line 16, in invoke
    await app(scope, receive, send)
  File "/Users/lazytrot/work/uvicorn-rs/tests/parity/app.py", line 875, in _app_impl
    raise RuntimeError("parity exception sentinel")
RuntimeError: parity exception sentinel
uvicorn-rs: ASGI app completed without response.start
uvicorn-rs: ASGI app completed without response.start

PASS http3: http3.sequential-responses-one-connection
PASS http3: http3.scope-query-header-and-body
PASS http3: http3.response-stream-order
PASS http3: http3.asgi-event-type-string-subclass
PASS http3: http3.response-burst-backpressure
PASS http3: http3.client-cancels-large-response-after-headers
PASS http3: http3.post-first-upload-response
PASS http3: http3.post-empty-data-frame-before-body
PASS http3: http3.application-error-before-response-start
PASS http3: http3.response-body-fields-default-empty
PASS http3: http3.scope-preserves-duplicate-headers
PASS http3: http3.app-returns-before-response-start
PASS http3: http3.upload-abandoned-by-early-app-return
PASS http3: http3.early-response-with-open-upload
PASS http3: http3.no-content-status-with-empty-body
PASS http3: http3.upload-body-shorter-than-content-length
PASS http3: http3.invalid-asgi-event-type-is-not-string
PASS http3: http3.invalid-asgi-response-start-missing-status
PASS http3: http3.invalid-alpn-handshake-recovers
PASS http3: http3.peer-close-h3-no-error
PASS http3: http3.peer-close-unknown-zero
PASS http3: http3.peer-close-registered-h3-datagram
PASS http3: http3.peer-close-registered-h3-general-protocol-error
PASS http3: http3.peer-close-registered-qpack-decompression-failed
PASS http3: http3.peer-close-reserved-grease
PASS http3: http3.peer-close-unknown-above-base-range
PASS http3: http3.peer-close-unknown-maximum-u62
PASS http3: http3.graceful-shutdown-drains-open-connection
PASS http3: http3.graceful-shutdown-aborts-held-response
--- hypercorn server log ---
[2026-10-06 23:47:21 +0530] [49572] [ERROR] Error in ASGI Framework
Traceback (most recent call last):
  File "/Users/lazytrot/work/uvicorn-rs/.venv/lib/python3.12/site-packages/hypercorn/asyncio/task_group.py", line 28, in _handle
    await app(scope, receive, send, sync_spawn, call_soon)
  File "/Users/lazytrot/work/uvicorn-rs/.venv/lib/python3.12/site-packages/hypercorn/app_wrappers.py", line 34, in __call__
    await self.app(scope, receive, send)
  File "/Users/lazytrot/work/uvicorn-rs/tests/parity/app.py", line 674, in _app_impl
    await send({"type": "http.response.body", "body": bytes([index]) * 4096, "more_body": True})
  File "/Users/lazytrot/work/uvicorn-rs/.venv/lib/python3.12/site-packages/hypercorn/protocol/http_stream.py", line 192, in app_send
    await self.send(
  File "/Users/lazytrot/work/uvicorn-rs/.venv/lib/python3.12/site-packages/hypercorn/protocol/h3.py", line 80, in stream_send
    self.connection.send_data(event.stream_id, event.data, False)
  File "/Users/lazytrot/work/uvicorn-rs/.venv/lib/python3.12/site-packages/aioquic/h3/connection.py", line 557, in send_data
    self._quic.send_stream_data(
  File "/Users/lazytrot/work/uvicorn-rs/.venv/lib/python3.12/site-packages/aioquic/quic/connection.py", line 1139, in send_stream_data
    stream.sender.write(data, end_stream=end_stream)
  File "/Users/lazytrot/work/uvicorn-rs/.venv/lib/python3.12/site-packages/aioquic/quic/stream.py", line 334, in write
    assert self._reset_error_code is None, "cannot call write() after reset()"
           ^^^^^^^^^^^^^^^^^^^^^^^^^^^^^^
AssertionError: cannot call write() after reset()
[2026-10-06 23:47:22 +0530] [49572] [ERROR] Error in ASGI Framework
Traceback (most recent call last):
  File "/Users/lazytrot/work/uvicorn-rs/.venv/lib/python3.12/site-packages/hypercorn/asyncio/task_group.py", line 28, in _handle
    await app(scope, receive, send, sync_spawn, call_soon)
  File "/Users/lazytrot/work/uvicorn-rs/.venv/lib/python3.12/site-packages/hypercorn/app_wrappers.py", line 34, in __call__
    await self.app(scope, receive, send)
  File "/Users/lazytrot/work/uvicorn-rs/tests/parity/app.py", line 875, in _app_impl
    raise RuntimeError("parity exception sentinel")
RuntimeError: parity exception sentinel
[2026-10-06 23:47:24 +0530] [49572] [ERROR] Error in ASGI Framework
Traceback (most recent call last):
  File "/Users/lazytrot/work/uvicorn-rs/.venv/lib/python3.12/site-packages/hypercorn/asyncio/task_group.py", line 28, in _handle
    await app(scope, receive, send, sync_spawn, call_soon)
  File "/Users/lazytrot/work/uvicorn-rs/.venv/lib/python3.12/site-packages/hypercorn/app_wrappers.py", line 34, in __call__
    await self.app(scope, receive, send)
  File "/Users/lazytrot/work/uvicorn-rs/tests/parity/app.py", line 559, in _app_impl
    await send({"type": 42})
  File "/Users/lazytrot/work/uvicorn-rs/.venv/lib/python3.12/site-packages/hypercorn/protocol/http_stream.py", line 241, in app_send
    raise UnexpectedMessageError(self.state, message["type"])
hypercorn.utils.UnexpectedMessageError: Unexpected message type, 42 given the state ASGIHTTPState.REQUEST
[2026-10-06 23:47:24 +0530] [49572] [ERROR] Error in ASGI Framework
Traceback (most recent call last):
  File "/Users/lazytrot/work/uvicorn-rs/.venv/lib/python3.12/site-packages/hypercorn/asyncio/task_group.py", line 28, in _handle
    await app(scope, receive, send, sync_spawn, call_soon)
  File "/Users/lazytrot/work/uvicorn-rs/.venv/lib/python3.12/site-packages/hypercorn/app_wrappers.py", line 34, in __call__
    await self.app(scope, receive, send)
  File "/Users/lazytrot/work/uvicorn-rs/tests/parity/app.py", line 613, in _app_impl
    await send({"type": "http.response.start", "headers": []})
  File "/Users/lazytrot/work/uvicorn-rs/.venv/lib/python3.12/site-packages/hypercorn/protocol/http_stream.py", line 149, in app_send
    status_code=int(self.response["status"]),
                    ~~~~~~~~~~~~~^^^^^^^^^^
KeyError: 'status'
[da2e578ea11ba68a6792e3258558400ead45aca2] Error: 296, reason: No common ALPN protocols, frame_type: 6

--- uvicorn-rs server log ---
uvicorn-rs: HTTP/3 request from 127.0.0.1:55982 failed: Remote reset: H3_REQUEST_CANCELLED
Traceback (most recent call last):
  File "/Users/lazytrot/work/uvicorn-rs/.venv/lib/python3.12/site-packages/uvicorn_rs/_bridge.py", line 16, in invoke
    await app(scope, receive, send)
  File "/Users/lazytrot/work/uvicorn-rs/tests/parity/app.py", line 875, in _app_impl
    raise RuntimeError("parity exception sentinel")
RuntimeError: parity exception sentinel
uvicorn-rs: ASGI app completed without response.start
uvicorn-rs: ASGI app completed without response.start
Traceback (most recent call last):
  File "/Users/lazytrot/work/uvicorn-rs/.venv/lib/python3.12/site-packages/uvicorn_rs/_bridge.py", line 16, in invoke
    await app(scope, receive, send)
  File "/Users/lazytrot/work/uvicorn-rs/tests/parity/app.py", line 559, in _app_impl
    await send({"type": 42})
  File "/Users/lazytrot/work/uvicorn-rs/.venv/lib/python3.12/site-packages/uvicorn_rs/_bridge.py", line 12, in send
    pending = io.send(message)
              ^^^^^^^^^^^^^^^^
TypeError: 'int' object is not an instance of 'str'
Traceback (most recent call last):
  File "/Users/lazytrot/work/uvicorn-rs/.venv/lib/python3.12/site-packages/uvicorn_rs/_bridge.py", line 16, in invoke
    await app(scope, receive, send)
  File "/Users/lazytrot/work/uvicorn-rs/tests/parity/app.py", line 613, in _app_impl
    await send({"type": "http.response.start", "headers": []})
  File "/Users/lazytrot/work/uvicorn-rs/.venv/lib/python3.12/site-packages/uvicorn_rs/_bridge.py", line 12, in send
    pending = io.send(message)
              ^^^^^^^^^^^^^^^^
ValueError: response.start is missing 'status'
uvicorn-rs: HTTP/3 ASGI request failed: ASGI response.start was attempted but not accepted
uvicorn-rs: HTTP/3 handshake failed: the cryptographic handshake failed: error 120: peer doesn't support any known protocol

--- uvicorn-rs server log ---
uvicorn-rs: HTTP/3 connection from 127.0.0.1:56129 failed: Remote error: ApplicationClose: H3_DATAGRAM_ERROR
uvicorn-rs: HTTP/3 connection from 127.0.0.1:63318 failed: Remote error: ApplicationClose: H3_DATAGRAM_ERROR

--- uvicorn-rs server log ---
uvicorn-rs: HTTP/3 connection from 127.0.0.1:60791 failed: Remote error: ApplicationClose: H3_GENERAL_PROTOCOL_ERROR
uvicorn-rs: HTTP/3 connection from 127.0.0.1:61114 failed: Remote error: ApplicationClose: H3_GENERAL_PROTOCOL_ERROR

--- uvicorn-rs server log ---
uvicorn-rs: HTTP/3 connection from 127.0.0.1:56294 failed: Remote error: ApplicationClose: QPACK_DECOMPRESSION_FAILED
uvicorn-rs: HTTP/3 connection from 127.0.0.1:52949 failed: Remote error: ApplicationClose: QPACK_DECOMPRESSION_FAILED

--- uvicorn-rs server log ---
uvicorn-rs: connection task failed: tls handshake eof

--- uvicorn-rs server log ---
uvicorn-rs: connection task failed: tls handshake eof
uvicorn-rs: HTTP/3 shutdown exceeded grace period: deadline has elapsed
uvicorn-rs: HTTP/3 connection tasks exceeded grace period; aborting remaining tasks

PASS websocket: websocket.client-drop-during-pending-upgrade
PASS websocket: websocket.text-and-binary-round-trip
PASS websocket: websocket.pre-accept-denial
PASS websocket: websocket.pre-accept-default-close
PASS websocket: websocket.missing-event-type
PASS websocket: websocket.unsupported-event-type
PASS websocket: websocket.server-initiated-close
PASS websocket: websocket.app-returns-before-handshake
PASS websocket: websocket.app-error-before-handshake
PASS websocket: websocket.synchronous-callable-error-before-awaitable
PASS websocket: websocket.send-before-accept
PASS websocket: websocket.duplicate-accept
PASS websocket: websocket.invalid-send-payload-after-accept
PASS websocket: websocket.server-app-completion-close
PASS websocket: websocket.immediate-send-and-return
PASS websocket: websocket.subclass-event-types
PASS websocket: websocket.outbound-backpressure-burst
PASS websocket: websocket.client-close-code-and-reason
PASS websocket: websocket.application-error-after-accept
PASS websocket: websocket.receive-call-rejects-positional-argument
PASS websocket: websocket.send-requires-exactly-one-payload
PASS websocket: websocket.wrong-context-http-response-start-event
PASS websocket: websocket.wrong-context-http-response-body-event
PASS websocket: websocket.empty-text-and-binary-payloads
PASS websocket: websocket.accept-with-custom-asgi-header
PASS websocket: websocket.invalid-accept-header-rejected
PASS websocket: websocket.accepted-default-close
PASS websocket: websocket.close-twice-after-accept
PASS websocket: websocket.send-after-client-disconnect
PASS websocket: websocket.receive-after-client-disconnect
PASS websocket: websocket.control-ping-pong
PASS websocket: websocket.abrupt-client-disconnect
PASS websocket: websocket.invalid-accept-header-container
PASS websocket: websocket.invalid-subprotocol-type
PASS websocket: websocket.invalid-pre-accept-close-code-type
PASS websocket: websocket.invalid-accept-header-value-rejected
PASS websocket: websocket.reserved-accept-header-rejected
PASS websocket: websocket.invalid-subprotocol-value-rejected
PASS websocket: websocket.server-shutdown-during-pending-upgrade
PASS websocket: websocket.server-shutdown-cancels-held-session
--- uvicorn server log ---
/Users/lazytrot/work/uvicorn-rs/.venv/lib/python3.12/site-packages/uvicorn/protocols/websockets/websockets_impl.py:41: UvicornDeprecationWarning: The `websockets` implementation is deprecated, and `--ws websockets` will point at the `websockets-sansio` implementation in a future release. Use `--ws websockets-sansio` or `--ws auto` to switch now.
  warnings.warn(
ERROR:    Exception in ASGI application
Traceback (most recent call last):
  File "/Users/lazytrot/work/uvicorn-rs/.venv/lib/python3.12/site-packages/uvicorn/protocols/websockets/websockets_impl.py", line 257, in run_asgi
    result = await self.app(self.scope, self.asgi_receive, self.asgi_send)  # type: ignore[func-returns-value]
             ^^^^^^^^^^^^^^^^^^^^^^^^^^^^^^^^^^^^^^^^^^^^^^^^^^^^^^^^^^^^^
  File "/Users/lazytrot/work/uvicorn-rs/.venv/lib/python3.12/site-packages/uvicorn/middleware/proxy_headers.py", line 63, in __call__
    return await self.app(scope, receive, send)
           ^^^^^^^^^^^^^^^^^^^^^^^^^^^^^^^^^^^^
  File "/Users/lazytrot/work/uvicorn-rs/tests/parity/app.py", line 278, in _app_impl
    await send({"text": "missing event type"})
  File "/Users/lazytrot/work/uvicorn-rs/.venv/lib/python3.12/site-packages/uvicorn/protocols/websockets/websockets_impl.py", line 279, in asgi_send
    if message["type"] == "websocket.accept":
       ~~~~~~~^^^^^^^^
KeyError: 'type'
ERROR:    Exception in ASGI application
Traceback (most recent call last):
  File "/Users/lazytrot/work/uvicorn-rs/.venv/lib/python3.12/site-packages/uvicorn/protocols/websockets/websockets_impl.py", line 257, in run_asgi
    result = await self.app(self.scope, self.asgi_receive, self.asgi_send)  # type: ignore[func-returns-value]
             ^^^^^^^^^^^^^^^^^^^^^^^^^^^^^^^^^^^^^^^^^^^^^^^^^^^^^^^^^^^^^
  File "/Users/lazytrot/work/uvicorn-rs/.venv/lib/python3.12/site-packages/uvicorn/middleware/proxy_headers.py", line 63, in __call__
    return await self.app(scope, receive, send)
           ^^^^^^^^^^^^^^^^^^^^^^^^^^^^^^^^^^^^
  File "/Users/lazytrot/work/uvicorn-rs/tests/parity/app.py", line 281, in _app_impl
    await send({"type": "websocket.ping"})
  File "/Users/lazytrot/work/uvicorn-rs/.venv/lib/python3.12/site-packages/uvicorn/protocols/websockets/websockets_impl.py", line 322, in asgi_send
    raise RuntimeError(
RuntimeError: Expected ASGI message 'websocket.accept', 'websocket.close', or 'websocket.http.response.start' but got 'websocket.ping'.
ERROR:    ASGI callable returned without sending handshake.
ERROR:    Exception in ASGI application
Traceback (most recent call last):
  File "/Users/lazytrot/work/uvicorn-rs/.venv/lib/python3.12/site-packages/uvicorn/protocols/websockets/websockets_impl.py", line 257, in run_asgi
    result = await self.app(self.scope, self.asgi_receive, self.asgi_send)  # type: ignore[func-returns-value]
             ^^^^^^^^^^^^^^^^^^^^^^^^^^^^^^^^^^^^^^^^^^^^^^^^^^^^^^^^^^^^^
  File "/Users/lazytrot/work/uvicorn-rs/.venv/lib/python3.12/site-packages/uvicorn/middleware/proxy_headers.py", line 63, in __call__
    return await self.app(scope, receive, send)
           ^^^^^^^^^^^^^^^^^^^^^^^^^^^^^^^^^^^^
  File "/Users/lazytrot/work/uvicorn-rs/tests/parity/app.py", line 286, in _app_impl
    raise RuntimeError("WebSocket pre-handshake sentinel")
RuntimeError: WebSocket pre-handshake sentinel
ERROR:    Exception in ASGI application
Traceback (most recent call last):
  File "/Users/lazytrot/work/uvicorn-rs/.venv/lib/python3.12/site-packages/uvicorn/protocols/websockets/websockets_impl.py", line 257, in run_asgi
    result = await self.app(self.scope, self.asgi_receive, self.asgi_send)  # type: ignore[func-returns-value]
             ^^^^^^^^^^^^^^^^^^^^^^^^^^^^^^^^^^^^^^^^^^^^^^^^^^^^^^^^^^^^^
  File "/Users/lazytrot/work/uvicorn-rs/.venv/lib/python3.12/site-packages/uvicorn/middleware/proxy_headers.py", line 63, in __call__
    return await self.app(scope, receive, send)
                 ^^^^^^^^^^^^^^^^^^^^^^^^^^^^^^
  File "/Users/lazytrot/work/uvicorn-rs/tests/parity/app.py", line 1118, in app
    raise RuntimeError("parity synchronous WebSocket callable sentinel")
RuntimeError: parity synchronous WebSocket callable sentinel
ERROR:    Exception in ASGI application
Traceback (most recent call last):
  File "/Users/lazytrot/work/uvicorn-rs/.venv/lib/python3.12/site-packages/uvicorn/protocols/websockets/websockets_impl.py", line 257, in run_asgi
    result = await self.app(self.scope, self.asgi_receive, self.asgi_send)  # type: ignore[func-returns-value]
             ^^^^^^^^^^^^^^^^^^^^^^^^^^^^^^^^^^^^^^^^^^^^^^^^^^^^^^^^^^^^^
  File "/Users/lazytrot/work/uvicorn-rs/.venv/lib/python3.12/site-packages/uvicorn/middleware/proxy_headers.py", line 63, in __call__
    return await self.app(scope, receive, send)
           ^^^^^^^^^^^^^^^^^^^^^^^^^^^^^^^^^^^^
  File "/Users/lazytrot/work/uvicorn-rs/tests/parity/app.py", line 288, in _app_impl
    await send({"type": "websocket.send", "text": "too early"})
  File "/Users/lazytrot/work/uvicorn-rs/.venv/lib/python3.12/site-packages/uvicorn/protocols/websockets/websockets_impl.py", line 322, in asgi_send
    raise RuntimeError(
RuntimeError: Expected ASGI message 'websocket.accept', 'websocket.close', or 'websocket.http.response.start' but got 'websocket.send'.
ERROR:    Exception in ASGI application
Traceback (most recent call last):
  File "/Users/lazytrot/work/uvicorn-rs/.venv/lib/python3.12/site-packages/uvicorn/protocols/websockets/websockets_impl.py", line 257, in run_asgi
    result = await self.app(self.scope, self.asgi_receive, self.asgi_send)  # type: ignore[func-returns-value]
             ^^^^^^^^^^^^^^^^^^^^^^^^^^^^^^^^^^^^^^^^^^^^^^^^^^^^^^^^^^^^^
  File "/Users/lazytrot/work/uvicorn-rs/.venv/lib/python3.12/site-packages/uvicorn/middleware/proxy_headers.py", line 63, in __call__
    return await self.app(scope, receive, send)
           ^^^^^^^^^^^^^^^^^^^^^^^^^^^^^^^^^^^^
  File "/Users/lazytrot/work/uvicorn-rs/tests/parity/app.py", line 400, in _app_impl
    await send({"type": "websocket.accept"})
  File "/Users/lazytrot/work/uvicorn-rs/.venv/lib/python3.12/site-packages/uvicorn/protocols/websockets/websockets_impl.py", line 344, in asgi_send
    raise RuntimeError(
RuntimeError: Expected ASGI message 'websocket.send' or 'websocket.close', but got 'websocket.accept'.
ERROR:    Exception in ASGI application
Traceback (most recent call last):
  File "/Users/lazytrot/work/uvicorn-rs/.venv/lib/python3.12/site-packages/uvicorn/protocols/websockets/websockets_impl.py", line 257, in run_asgi
    result = await self.app(self.scope, self.asgi_receive, self.asgi_send)  # type: ignore[func-returns-value]
             ^^^^^^^^^^^^^^^^^^^^^^^^^^^^^^^^^^^^^^^^^^^^^^^^^^^^^^^^^^^^^
  File "/Users/lazytrot/work/uvicorn-rs/.venv/lib/python3.12/site-packages/uvicorn/middleware/proxy_headers.py", line 63, in __call__
    return await self.app(scope, receive, send)
           ^^^^^^^^^^^^^^^^^^^^^^^^^^^^^^^^^^^^
  File "/Users/lazytrot/work/uvicorn-rs/tests/parity/app.py", line 403, in _app_impl
    await send({"type": "websocket.send"})
  File "/Users/lazytrot/work/uvicorn-rs/.venv/lib/python3.12/site-packages/uvicorn/protocols/websockets/websockets_impl.py", line 335, in asgi_send
    await self.send(data)  # type: ignore[arg-type]
    ^^^^^^^^^^^^^^^^^^^^^
  File "/Users/lazytrot/work/uvicorn-rs/.venv/lib/python3.12/site-packages/websockets/legacy/protocol.py", line 720, in send
    raise TypeError("data must be str, bytes-like, or iterable")
TypeError: data must be str, bytes-like, or iterable
ERROR:    Exception in ASGI application
Traceback (most recent call last):
  File "/Users/lazytrot/work/uvicorn-rs/.venv/lib/python3.12/site-packages/uvicorn/protocols/websockets/websockets_impl.py", line 257, in run_asgi
    result = await self.app(self.scope, self.asgi_receive, self.asgi_send)  # type: ignore[func-returns-value]
             ^^^^^^^^^^^^^^^^^^^^^^^^^^^^^^^^^^^^^^^^^^^^^^^^^^^^^^^^^^^^^
  File "/Users/lazytrot/work/uvicorn-rs/.venv/lib/python3.12/site-packages/uvicorn/middleware/proxy_headers.py", line 63, in __call__
    return await self.app(scope, receive, send)
           ^^^^^^^^^^^^^^^^^^^^^^^^^^^^^^^^^^^^
  File "/Users/lazytrot/work/uvicorn-rs/tests/parity/app.py", line 292, in _app_impl
    raise RuntimeError("WebSocket post-accept sentinel")
RuntimeError: WebSocket post-accept sentinel
ERROR:    Exception in ASGI application
Traceback (most recent call last):
  File "/Users/lazytrot/work/uvicorn-rs/.venv/lib/python3.12/site-packages/uvicorn/protocols/websockets/websockets_impl.py", line 257, in run_asgi
    result = await self.app(self.scope, self.asgi_receive, self.asgi_send)  # type: ignore[func-returns-value]
             ^^^^^^^^^^^^^^^^^^^^^^^^^^^^^^^^^^^^^^^^^^^^^^^^^^^^^^^^^^^^^
  File "/Users/lazytrot/work/uvicorn-rs/.venv/lib/python3.12/site-packages/uvicorn/middleware/proxy_headers.py", line 63, in __call__
    return await self.app(scope, receive, send)
           ^^^^^^^^^^^^^^^^^^^^^^^^^^^^^^^^^^^^
  File "/Users/lazytrot/work/uvicorn-rs/tests/parity/app.py", line 262, in _app_impl
    await receive(None)
          ^^^^^^^^^^^^^
TypeError: WebSocketProtocol.asgi_receive() takes 1 positional argument but 2 were given
ERROR:    Exception in ASGI application
Traceback (most recent call last):
  File "/Users/lazytrot/work/uvicorn-rs/.venv/lib/python3.12/site-packages/uvicorn/protocols/websockets/websockets_impl.py", line 257, in run_asgi
    result = await self.app(self.scope, self.asgi_receive, self.asgi_send)  # type: ignore[func-returns-value]
             ^^^^^^^^^^^^^^^^^^^^^^^^^^^^^^^^^^^^^^^^^^^^^^^^^^^^^^^^^^^^^
  File "/Users/lazytrot/work/uvicorn-rs/.venv/lib/python3.12/site-packages/uvicorn/middleware/proxy_headers.py", line 63, in __call__
    return await self.app(scope, receive, send)
           ^^^^^^^^^^^^^^^^^^^^^^^^^^^^^^^^^^^^
  File "/Users/lazytrot/work/uvicorn-rs/tests/parity/app.py", line 258, in _app_impl
    await send({"type": event_type})
  File "/Users/lazytrot/work/uvicorn-rs/.venv/lib/python3.12/site-packages/uvicorn/protocols/websockets/websockets_impl.py", line 322, in asgi_send
    raise RuntimeError(
RuntimeError: Expected ASGI message 'websocket.accept', 'websocket.close', or 'websocket.http.response.start' but got 'http.response.start'.
ERROR:    Exception in ASGI application
Traceback (most recent call last):
  File "/Users/lazytrot/work/uvicorn-rs/.venv/lib/python3.12/site-packages/uvicorn/protocols/websockets/websockets_impl.py", line 257, in run_asgi
    result = await self.app(self.scope, self.asgi_receive, self.asgi_send)  # type: ignore[func-returns-value]
             ^^^^^^^^^^^^^^^^^^^^^^^^^^^^^^^^^^^^^^^^^^^^^^^^^^^^^^^^^^^^^
  File "/Users/lazytrot/work/uvicorn-rs/.venv/lib/python3.12/site-packages/uvicorn/middleware/proxy_headers.py", line 63, in __call__
    return await self.app(scope, receive, send)
           ^^^^^^^^^^^^^^^^^^^^^^^^^^^^^^^^^^^^
  File "/Users/lazytrot/work/uvicorn-rs/tests/parity/app.py", line 258, in _app_impl
    await send({"type": event_type})
  File "/Users/lazytrot/work/uvicorn-rs/.venv/lib/python3.12/site-packages/uvicorn/protocols/websockets/websockets_impl.py", line 322, in asgi_send
    raise RuntimeError(
RuntimeError: Expected ASGI message 'websocket.accept', 'websocket.close', or 'websocket.http.response.start' but got 'http.response.body'.
ERROR:    Exception in ASGI application
Traceback (most recent call last):
  File "/Users/lazytrot/work/uvicorn-rs/.venv/lib/python3.12/site-packages/uvicorn/protocols/websockets/websockets_impl.py", line 257, in run_asgi
    result = await self.app(self.scope, self.asgi_receive, self.asgi_send)  # type: ignore[func-returns-value]
             ^^^^^^^^^^^^^^^^^^^^^^^^^^^^^^^^^^^^^^^^^^^^^^^^^^^^^^^^^^^^^
  File "/Users/lazytrot/work/uvicorn-rs/.venv/lib/python3.12/site-packages/uvicorn/middleware/proxy_headers.py", line 63, in __call__
    return await self.app(scope, receive, send)
           ^^^^^^^^^^^^^^^^^^^^^^^^^^^^^^^^^^^^
  File "/Users/lazytrot/work/uvicorn-rs/tests/parity/app.py", line 360, in _app_impl
    await send({"type": "websocket.close", "code": 1001})
  File "/Users/lazytrot/work/uvicorn-rs/.venv/lib/python3.12/site-packages/uvicorn/protocols/websockets/websockets_impl.py", line 360, in asgi_send
    raise RuntimeError(
RuntimeError: Unexpected ASGI message 'websocket.close', after sending 'websocket.close' or response already completed.
ERROR:    Exception in ASGI application
Traceback (most recent call last):
  File "/Users/lazytrot/work/uvicorn-rs/.venv/lib/python3.12/site-packages/uvicorn/protocols/websockets/websockets_impl.py", line 257, in run_asgi
    result = await self.app(self.scope, self.asgi_receive, self.asgi_send)  # type: ignore[func-returns-value]
             ^^^^^^^^^^^^^^^^^^^^^^^^^^^^^^^^^^^^^^^^^^^^^^^^^^^^^^^^^^^^^
  File "/Users/lazytrot/work/uvicorn-rs/.venv/lib/python3.12/site-packages/uvicorn/middleware/proxy_headers.py", line 63, in __call__
    return await self.app(scope, receive, send)
           ^^^^^^^^^^^^^^^^^^^^^^^^^^^^^^^^^^^^
  File "/Users/lazytrot/work/uvicorn-rs/tests/parity/app.py", line 298, in _app_impl
    await send({"type": "websocket.send", "text": "too late"})
  File "/Users/lazytrot/work/uvicorn-rs/.venv/lib/python3.12/site-packages/uvicorn/protocols/websockets/websockets_impl.py", line 360, in asgi_send
    raise RuntimeError(
RuntimeError: Unexpected ASGI message 'websocket.send', after sending 'websocket.close' or response already completed.
ERROR:    Exception in ASGI application
Traceback (most recent call last):
  File "/Users/lazytrot/work/uvicorn-rs/.venv/lib/python3.12/site-packages/uvicorn/protocols/websockets/websockets_impl.py", line 257, in run_asgi
    result = await self.app(self.scope, self.asgi_receive, self.asgi_send)  # type: ignore[func-returns-value]
             ^^^^^^^^^^^^^^^^^^^^^^^^^^^^^^^^^^^^^^^^^^^^^^^^^^^^^^^^^^^^^
  File "/Users/lazytrot/work/uvicorn-rs/.venv/lib/python3.12/site-packages/uvicorn/middleware/proxy_headers.py", line 63, in __call__
    return await self.app(scope, receive, send)
           ^^^^^^^^^^^^^^^^^^^^^^^^^^^^^^^^^^^^
  File "/Users/lazytrot/work/uvicorn-rs/tests/parity/app.py", line 344, in _app_impl
    await send({"type": "websocket.accept", "headers": 42})
  File "/Users/lazytrot/work/uvicorn-rs/.venv/lib/python3.12/site-packages/uvicorn/protocols/websockets/websockets_impl.py", line 292, in asgi_send
    for name, value in message["headers"]
                       ~~~~~~~^^^^^^^^^^^
TypeError: 'int' object is not iterable
ERROR:    Exception in ASGI application
Traceback (most recent call last):
  File "/Users/lazytrot/work/uvicorn-rs/.venv/lib/python3.12/site-packages/uvicorn/protocols/websockets/websockets_impl.py", line 257, in run_asgi
    result = await self.app(self.scope, self.asgi_receive, self.asgi_send)  # type: ignore[func-returns-value]
             ^^^^^^^^^^^^^^^^^^^^^^^^^^^^^^^^^^^^^^^^^^^^^^^^^^^^^^^^^^^^^
  File "/Users/lazytrot/work/uvicorn-rs/.venv/lib/python3.12/site-packages/uvicorn/middleware/proxy_headers.py", line 63, in __call__
    return await self.app(scope, receive, send)
           ^^^^^^^^^^^^^^^^^^^^^^^^^^^^^^^^^^^^
  File "/Users/lazytrot/work/uvicorn-rs/tests/parity/app.py", line 267, in _app_impl
    await send({"type": "websocket.accept"})
  File "/Users/lazytrot/work/uvicorn-rs/.venv/lib/python3.12/site-packages/uvicorn/protocols/websockets/websockets_impl.py", line 344, in asgi_send
    raise RuntimeError(
RuntimeError: Expected ASGI message 'websocket.send' or 'websocket.close', but got 'websocket.accept'.

--- uvicorn-rs server log ---
uvicorn-rs: connection task failed: error writing a body to connection
uvicorn-rs: WebSocket upgrade failed: operation was canceled
Traceback (most recent call last):
  File "/Users/lazytrot/work/uvicorn-rs/.venv/lib/python3.12/site-packages/uvicorn_rs/_bridge.py", line 16, in invoke
    await app(scope, receive, send)
  File "/Users/lazytrot/work/uvicorn-rs/tests/parity/app.py", line 278, in _app_impl
    await send({"text": "missing event type"})
  File "/Users/lazytrot/work/uvicorn-rs/.venv/lib/python3.12/site-packages/uvicorn_rs/_bridge.py", line 12, in send
    pending = io.send(message)
              ^^^^^^^^^^^^^^^^
ValueError: ASGI message is missing 'type'
Traceback (most recent call last):
  File "/Users/lazytrot/work/uvicorn-rs/.venv/lib/python3.12/site-packages/uvicorn_rs/_bridge.py", line 16, in invoke
    await app(scope, receive, send)
  File "/Users/lazytrot/work/uvicorn-rs/tests/parity/app.py", line 281, in _app_impl
    await send({"type": "websocket.ping"})
  File "/Users/lazytrot/work/uvicorn-rs/.venv/lib/python3.12/site-packages/uvicorn_rs/_bridge.py", line 12, in send
    pending = io.send(message)
              ^^^^^^^^^^^^^^^^
ValueError: unsupported ASGI WebSocket event: websocket.ping
uvicorn-rs: WebSocket request failed: ASGI app returned before accepting or closing the WebSocket
Traceback (most recent call last):
  File "/Users/lazytrot/work/uvicorn-rs/.venv/lib/python3.12/site-packages/uvicorn_rs/_bridge.py", line 16, in invoke
    await app(scope, receive, send)
  File "/Users/lazytrot/work/uvicorn-rs/tests/parity/app.py", line 286, in _app_impl
    raise RuntimeError("WebSocket pre-handshake sentinel")
RuntimeError: WebSocket pre-handshake sentinel
Traceback (most recent call last):
  File "/Users/lazytrot/work/uvicorn-rs/.venv/lib/python3.12/site-packages/uvicorn_rs/_bridge.py", line 16, in invoke
    await app(scope, receive, send)
          ^^^^^^^^^^^^^^^^^^^^^^^^^
  File "/Users/lazytrot/work/uvicorn-rs/tests/parity/app.py", line 1118, in app
    raise RuntimeError("parity synchronous WebSocket callable sentinel")
RuntimeError: parity synchronous WebSocket callable sentinel
Traceback (most recent call last):
  File "/Users/lazytrot/work/uvicorn-rs/.venv/lib/python3.12/site-packages/uvicorn_rs/_bridge.py", line 16, in invoke
    await app(scope, receive, send)
  File "/Users/lazytrot/work/uvicorn-rs/tests/parity/app.py", line 288, in _app_impl
    await send({"type": "websocket.send", "text": "too early"})
  File "/Users/lazytrot/work/uvicorn-rs/.venv/lib/python3.12/site-packages/uvicorn_rs/_bridge.py", line 12, in send
    pending = io.send(message)
              ^^^^^^^^^^^^^^^^
ValueError: websocket.send requires an accepted WebSocket
Traceback (most recent call last):
  File "/Users/lazytrot/work/uvicorn-rs/.venv/lib/python3.12/site-packages/uvicorn_rs/_bridge.py", line 16, in invoke
    await app(scope, receive, send)
  File "/Users/lazytrot/work/uvicorn-rs/tests/parity/app.py", line 400, in _app_impl
    await send({"type": "websocket.accept"})
  File "/Users/lazytrot/work/uvicorn-rs/.venv/lib/python3.12/site-packages/uvicorn_rs/_bridge.py", line 12, in send
    pending = io.send(message)
              ^^^^^^^^^^^^^^^^
ValueError: websocket.accept must be the first WebSocket response
Traceback (most recent call last):
  File "/Users/lazytrot/work/uvicorn-rs/.venv/lib/python3.12/site-packages/uvicorn_rs/_bridge.py", line 16, in invoke
    await app(scope, receive, send)
  File "/Users/lazytrot/work/uvicorn-rs/tests/parity/app.py", line 403, in _app_impl
    await send({"type": "websocket.send"})
  File "/Users/lazytrot/work/uvicorn-rs/.venv/lib/python3.12/site-packages/uvicorn_rs/_bridge.py", line 12, in send
    pending = io.send(message)
              ^^^^^^^^^^^^^^^^
ValueError: websocket.send must contain exactly one of 'text' or 'bytes'
Traceback (most recent call last):
  File "/Users/lazytrot/work/uvicorn-rs/.venv/lib/python3.12/site-packages/uvicorn_rs/_bridge.py", line 16, in invoke
    await app(scope, receive, send)
  File "/Users/lazytrot/work/uvicorn-rs/tests/parity/app.py", line 292, in _app_impl
    raise RuntimeError("WebSocket post-accept sentinel")
RuntimeError: WebSocket post-accept sentinel
Traceback (most recent call last):
  File "/Users/lazytrot/work/uvicorn-rs/.venv/lib/python3.12/site-packages/uvicorn_rs/_bridge.py", line 16, in invoke
    await app(scope, receive, send)
  File "/Users/lazytrot/work/uvicorn-rs/tests/parity/app.py", line 262, in _app_impl
    await receive(None)
          ^^^^^^^^^^^^^
TypeError: invoke.<locals>.receive() takes 0 positional arguments but 1 was given
Traceback (most recent call last):
  File "/Users/lazytrot/work/uvicorn-rs/.venv/lib/python3.12/site-packages/uvicorn_rs/_bridge.py", line 16, in invoke
    await app(scope, receive, send)
  File "/Users/lazytrot/work/uvicorn-rs/tests/parity/app.py", line 406, in _app_impl
    await send({"type": "websocket.send", "text": "text", "bytes": b"bytes"})
  File "/Users/lazytrot/work/uvicorn-rs/.venv/lib/python3.12/site-packages/uvicorn_rs/_bridge.py", line 12, in send
    pending = io.send(message)
              ^^^^^^^^^^^^^^^^
ValueError: websocket.send must contain exactly one of 'text' or 'bytes'
Traceback (most recent call last):
  File "/Users/lazytrot/work/uvicorn-rs/.venv/lib/python3.12/site-packages/uvicorn_rs/_bridge.py", line 16, in invoke
    await app(scope, receive, send)
  File "/Users/lazytrot/work/uvicorn-rs/tests/parity/app.py", line 258, in _app_impl
    await send({"type": event_type})
  File "/Users/lazytrot/work/uvicorn-rs/.venv/lib/python3.12/site-packages/uvicorn_rs/_bridge.py", line 12, in send
    pending = io.send(message)
              ^^^^^^^^^^^^^^^^
ValueError: unsupported ASGI WebSocket event: http.response.start
Traceback (most recent call last):
  File "/Users/lazytrot/work/uvicorn-rs/.venv/lib/python3.12/site-packages/uvicorn_rs/_bridge.py", line 16, in invoke
    await app(scope, receive, send)
  File "/Users/lazytrot/work/uvicorn-rs/tests/parity/app.py", line 258, in _app_impl
    await send({"type": event_type})
  File "/Users/lazytrot/work/uvicorn-rs/.venv/lib/python3.12/site-packages/uvicorn_rs/_bridge.py", line 12, in send
    pending = io.send(message)
              ^^^^^^^^^^^^^^^^
ValueError: unsupported ASGI WebSocket event: http.response.body
uvicorn-rs: WebSocket request failed: invalid HTTP header name
Traceback (most recent call last):
  File "/Users/lazytrot/work/uvicorn-rs/.venv/lib/python3.12/site-packages/uvicorn_rs/_bridge.py", line 16, in invoke
    await app(scope, receive, send)
  File "/Users/lazytrot/work/uvicorn-rs/tests/parity/app.py", line 360, in _app_impl
    await send({"type": "websocket.close", "code": 1001})
  File "/Users/lazytrot/work/uvicorn-rs/.venv/lib/python3.12/site-packages/uvicorn_rs/_bridge.py", line 12, in send
    pending = io.send(message)
              ^^^^^^^^^^^^^^^^
OSError: WebSocket connection is closed
Traceback (most recent call last):
  File "/Users/lazytrot/work/uvicorn-rs/.venv/lib/python3.12/site-packages/uvicorn_rs/_bridge.py", line 16, in invoke
    await app(scope, receive, send)
  File "/Users/lazytrot/work/uvicorn-rs/tests/parity/app.py", line 344, in _app_impl
    await send({"type": "websocket.accept", "headers": 42})
  File "/Users/lazytrot/work/uvicorn-rs/.venv/lib/python3.12/site-packages/uvicorn_rs/_bridge.py", line 12, in send
    pending = io.send(message)
              ^^^^^^^^^^^^^^^^
TypeError: 'int' object is not an instance of 'Sequence'
Traceback (most recent call last):
  File "/Users/lazytrot/work/uvicorn-rs/.venv/lib/python3.12/site-packages/uvicorn_rs/_bridge.py", line 16, in invoke
    await app(scope, receive, send)
  File "/Users/lazytrot/work/uvicorn-rs/tests/parity/app.py", line 347, in _app_impl
    await send({"type": "websocket.accept", "subprotocol": 42})
  File "/Users/lazytrot/work/uvicorn-rs/.venv/lib/python3.12/site-packages/uvicorn_rs/_bridge.py", line 12, in send
    pending = io.send(message)
              ^^^^^^^^^^^^^^^^
TypeError: 'int' object is not an instance of 'str'
Traceback (most recent call last):
  File "/Users/lazytrot/work/uvicorn-rs/.venv/lib/python3.12/site-packages/uvicorn_rs/_bridge.py", line 16, in invoke
    await app(scope, receive, send)
  File "/Users/lazytrot/work/uvicorn-rs/tests/parity/app.py", line 350, in _app_impl
    await send({"type": "websocket.close", "code": "1000"})
  File "/Users/lazytrot/work/uvicorn-rs/.venv/lib/python3.12/site-packages/uvicorn_rs/_bridge.py", line 12, in send
    pending = io.send(message)
              ^^^^^^^^^^^^^^^^
TypeError: 'str' object cannot be interpreted as an integer
uvicorn-rs: WebSocket request failed: failed to parse header value
uvicorn-rs: WebSocket request failed: ASGI websocket.accept headers cannot override handshake headers
uvicorn-rs: WebSocket request failed: failed to parse header value

--- uvicorn server log ---
/Users/lazytrot/work/uvicorn-rs/.venv/lib/python3.12/site-packages/uvicorn/protocols/websockets/websockets_impl.py:41: UvicornDeprecationWarning: The `websockets` implementation is deprecated, and `--ws websockets` will point at the `websockets-sansio` implementation in a future release. Use `--ws websockets-sansio` or `--ws auto` to switch now.
  warnings.warn(

PASS websocket-tls: websocket-tls.text-round-trip-with-query-and-subprotocol
--- uvicorn server log ---
/Users/lazytrot/work/uvicorn-rs/.venv/lib/python3.12/site-packages/uvicorn/protocols/websockets/websockets_impl.py:41: UvicornDeprecationWarning: The `websockets` implementation is deprecated, and `--ws websockets` will point at the `websockets-sansio` implementation in a future release. Use `--ws websockets-sansio` or `--ws auto` to switch now.
  warnings.warn(

PASS startup-partial-tls-api: startup-partial-tls-api.partial-tls-startup-error
--- uvicorn server log ---
ASGI_PARITY_SERVER_STARTUP_FAILURE
Traceback (most recent call last):
  File "/Users/lazytrot/work/uvicorn-rs/tests/parity/startup_probe.py", line 107, in <module>
    main()
  File "/Users/lazytrot/work/uvicorn-rs/tests/parity/startup_probe.py", line 94, in main
    asyncio.run(uvicorn.Server(config).serve())
  File "/Users/lazytrot/.local/share/uv/python/cpython-3.12.13-macos-aarch64-none/lib/python3.12/asyncio/runners.py", line 195, in run
    return runner.run(main)
           ^^^^^^^^^^^^^^^^
  File "/Users/lazytrot/.local/share/uv/python/cpython-3.12.13-macos-aarch64-none/lib/python3.12/asyncio/runners.py", line 118, in run
    return self._loop.run_until_complete(task)
           ^^^^^^^^^^^^^^^^^^^^^^^^^^^^^^^^^^^
  File "/Users/lazytrot/.local/share/uv/python/cpython-3.12.13-macos-aarch64-none/lib/python3.12/asyncio/base_events.py", line 691, in run_until_complete
    return future.result()
           ^^^^^^^^^^^^^^^
  File "/Users/lazytrot/work/uvicorn-rs/.venv/lib/python3.12/site-packages/uvicorn/server.py", line 90, in serve
    await self._serve(sockets)
  File "/Users/lazytrot/work/uvicorn-rs/.venv/lib/python3.12/site-packages/uvicorn/server.py", line 97, in _serve
    config.load()
  File "/Users/lazytrot/work/uvicorn-rs/.venv/lib/python3.12/site-packages/uvicorn/config.py", line 483, in load
    self.ssl = create_ssl_context(
               ^^^^^^^^^^^^^^^^^^^
  File "/Users/lazytrot/work/uvicorn-rs/.venv/lib/python3.12/site-packages/uvicorn/config.py", line 131, in create_ssl_context
    ctx.load_cert_chain(certfile, keyfile, get_password)
FileNotFoundError: [Errno 2] No such file or directory

--- uvicorn-rs server log ---
ASGI_PARITY_SERVER_STARTUP_FAILURE
Traceback (most recent call last):
  File "/Users/lazytrot/work/uvicorn-rs/tests/parity/startup_probe.py", line 107, in <module>
    main()
  File "/Users/lazytrot/work/uvicorn-rs/tests/parity/startup_probe.py", line 80, in main
    asyncio.run(server.serve())
  File "/Users/lazytrot/.local/share/uv/python/cpython-3.12.13-macos-aarch64-none/lib/python3.12/asyncio/runners.py", line 195, in run
    return runner.run(main)
           ^^^^^^^^^^^^^^^^
  File "/Users/lazytrot/.local/share/uv/python/cpython-3.12.13-macos-aarch64-none/lib/python3.12/asyncio/runners.py", line 118, in run
    return self._loop.run_until_complete(task)
           ^^^^^^^^^^^^^^^^^^^^^^^^^^^^^^^^^^^
  File "/Users/lazytrot/.local/share/uv/python/cpython-3.12.13-macos-aarch64-none/lib/python3.12/asyncio/base_events.py", line 691, in run_until_complete
    return future.result()
           ^^^^^^^^^^^^^^^
  File "/Users/lazytrot/work/uvicorn-rs/.venv/lib/python3.12/site-packages/uvicorn_rs/server.py", line 54, in serve
    _native.serve(
ValueError: --certfile and --keyfile must be provided together

PASS startup-missing-certificate: startup-missing-certificate.missing-certificate-startup-error
--- uvicorn server log ---
ASGI_PARITY_SERVER_STARTUP_FAILURE
Traceback (most recent call last):
  File "/Users/lazytrot/work/uvicorn-rs/tests/parity/startup_probe.py", line 107, in <module>
    main()
  File "/Users/lazytrot/work/uvicorn-rs/tests/parity/startup_probe.py", line 94, in main
    asyncio.run(uvicorn.Server(config).serve())
  File "/Users/lazytrot/.local/share/uv/python/cpython-3.12.13-macos-aarch64-none/lib/python3.12/asyncio/runners.py", line 195, in run
    return runner.run(main)
           ^^^^^^^^^^^^^^^^
  File "/Users/lazytrot/.local/share/uv/python/cpython-3.12.13-macos-aarch64-none/lib/python3.12/asyncio/runners.py", line 118, in run
    return self._loop.run_until_complete(task)
           ^^^^^^^^^^^^^^^^^^^^^^^^^^^^^^^^^^^
  File "/Users/lazytrot/.local/share/uv/python/cpython-3.12.13-macos-aarch64-none/lib/python3.12/asyncio/base_events.py", line 691, in run_until_complete
    return future.result()
           ^^^^^^^^^^^^^^^
  File "/Users/lazytrot/work/uvicorn-rs/.venv/lib/python3.12/site-packages/uvicorn/server.py", line 90, in serve
    await self._serve(sockets)
  File "/Users/lazytrot/work/uvicorn-rs/.venv/lib/python3.12/site-packages/uvicorn/server.py", line 97, in _serve
    config.load()
  File "/Users/lazytrot/work/uvicorn-rs/.venv/lib/python3.12/site-packages/uvicorn/config.py", line 483, in load
    self.ssl = create_ssl_context(
               ^^^^^^^^^^^^^^^^^^^
  File "/Users/lazytrot/work/uvicorn-rs/.venv/lib/python3.12/site-packages/uvicorn/config.py", line 131, in create_ssl_context
    ctx.load_cert_chain(certfile, keyfile, get_password)
FileNotFoundError: [Errno 2] No such file or directory

--- uvicorn-rs server log ---
ASGI_PARITY_SERVER_STARTUP_FAILURE
Traceback (most recent call last):
  File "/Users/lazytrot/work/uvicorn-rs/tests/parity/startup_probe.py", line 107, in <module>
    main()
  File "/Users/lazytrot/work/uvicorn-rs/tests/parity/startup_probe.py", line 80, in main
    asyncio.run(server.serve())
  File "/Users/lazytrot/.local/share/uv/python/cpython-3.12.13-macos-aarch64-none/lib/python3.12/asyncio/runners.py", line 195, in run
    return runner.run(main)
           ^^^^^^^^^^^^^^^^
  File "/Users/lazytrot/.local/share/uv/python/cpython-3.12.13-macos-aarch64-none/lib/python3.12/asyncio/runners.py", line 118, in run
    return self._loop.run_until_complete(task)
           ^^^^^^^^^^^^^^^^^^^^^^^^^^^^^^^^^^^
  File "/Users/lazytrot/.local/share/uv/python/cpython-3.12.13-macos-aarch64-none/lib/python3.12/asyncio/base_events.py", line 691, in run_until_complete
    return future.result()
           ^^^^^^^^^^^^^^^
  File "/Users/lazytrot/work/uvicorn-rs/.venv/lib/python3.12/site-packages/uvicorn_rs/server.py", line 54, in serve
    _native.serve(
OSError: could not read certificate /var/folders/ht/wsllq4_d55x89lcbwb5yvqpc0000gn/T/uvicorn-rs-startup-parity-76uokjs1/missing.pem: No such file or directory (os error 2)

PASS startup-invalid-host: startup-invalid-host.invalid-host-startup-error
--- uvicorn server log ---
INFO:     Started server process [49758]
INFO:     Waiting for application startup.
INFO:     ASGI 'lifespan' protocol appears unsupported.
INFO:     Application startup complete.
ERROR:    [Errno 8] nodename nor servname provided, or not known
ASGI_PARITY_SERVER_STARTUP_FAILURE

--- uvicorn-rs server log ---
ASGI_PARITY_SERVER_STARTUP_FAILURE
Traceback (most recent call last):
  File "/Users/lazytrot/work/uvicorn-rs/tests/parity/startup_probe.py", line 107, in <module>
    main()
  File "/Users/lazytrot/work/uvicorn-rs/tests/parity/startup_probe.py", line 80, in main
    asyncio.run(server.serve())
  File "/Users/lazytrot/.local/share/uv/python/cpython-3.12.13-macos-aarch64-none/lib/python3.12/asyncio/runners.py", line 195, in run
    return runner.run(main)
           ^^^^^^^^^^^^^^^^
  File "/Users/lazytrot/.local/share/uv/python/cpython-3.12.13-macos-aarch64-none/lib/python3.12/asyncio/runners.py", line 118, in run
    return self._loop.run_until_complete(task)
           ^^^^^^^^^^^^^^^^^^^^^^^^^^^^^^^^^^^
  File "/Users/lazytrot/.local/share/uv/python/cpython-3.12.13-macos-aarch64-none/lib/python3.12/asyncio/base_events.py", line 691, in run_until_complete
    return future.result()
           ^^^^^^^^^^^^^^^
  File "/Users/lazytrot/work/uvicorn-rs/.venv/lib/python3.12/site-packages/uvicorn_rs/server.py", line 66, in serve
    await asyncio.shield(native_task)
OSError: could not bind does-not-exist.invalid:0: failed to lookup address information: nodename nor servname provided, or not known

PASS startup-empty-certificate: startup-empty-certificate.empty-certificate-startup-error
--- uvicorn server log ---
ASGI_PARITY_SERVER_STARTUP_FAILURE
Traceback (most recent call last):
  File "/Users/lazytrot/work/uvicorn-rs/tests/parity/startup_probe.py", line 107, in <module>
    main()
  File "/Users/lazytrot/work/uvicorn-rs/tests/parity/startup_probe.py", line 94, in main
    asyncio.run(uvicorn.Server(config).serve())
  File "/Users/lazytrot/.local/share/uv/python/cpython-3.12.13-macos-aarch64-none/lib/python3.12/asyncio/runners.py", line 195, in run
    return runner.run(main)
           ^^^^^^^^^^^^^^^^
  File "/Users/lazytrot/.local/share/uv/python/cpython-3.12.13-macos-aarch64-none/lib/python3.12/asyncio/runners.py", line 118, in run
    return self._loop.run_until_complete(task)
           ^^^^^^^^^^^^^^^^^^^^^^^^^^^^^^^^^^^
  File "/Users/lazytrot/.local/share/uv/python/cpython-3.12.13-macos-aarch64-none/lib/python3.12/asyncio/base_events.py", line 691, in run_until_complete
    return future.result()
           ^^^^^^^^^^^^^^^
  File "/Users/lazytrot/work/uvicorn-rs/.venv/lib/python3.12/site-packages/uvicorn/server.py", line 90, in serve
    await self._serve(sockets)
  File "/Users/lazytrot/work/uvicorn-rs/.venv/lib/python3.12/site-packages/uvicorn/server.py", line 97, in _serve
    config.load()
  File "/Users/lazytrot/work/uvicorn-rs/.venv/lib/python3.12/site-packages/uvicorn/config.py", line 483, in load
    self.ssl = create_ssl_context(
               ^^^^^^^^^^^^^^^^^^^
  File "/Users/lazytrot/work/uvicorn-rs/.venv/lib/python3.12/site-packages/uvicorn/config.py", line 131, in create_ssl_context
    ctx.load_cert_chain(certfile, keyfile, get_password)
ssl.SSLError: [SSL] PEM lib (_ssl.c:3855)

--- uvicorn-rs server log ---
ASGI_PARITY_SERVER_STARTUP_FAILURE
Traceback (most recent call last):
  File "/Users/lazytrot/work/uvicorn-rs/tests/parity/startup_probe.py", line 107, in <module>
    main()
  File "/Users/lazytrot/work/uvicorn-rs/tests/parity/startup_probe.py", line 80, in main
    asyncio.run(server.serve())
  File "/Users/lazytrot/.local/share/uv/python/cpython-3.12.13-macos-aarch64-none/lib/python3.12/asyncio/runners.py", line 195, in run
    return runner.run(main)
           ^^^^^^^^^^^^^^^^
  File "/Users/lazytrot/.local/share/uv/python/cpython-3.12.13-macos-aarch64-none/lib/python3.12/asyncio/runners.py", line 118, in run
    return self._loop.run_until_complete(task)
           ^^^^^^^^^^^^^^^^^^^^^^^^^^^^^^^^^^^
  File "/Users/lazytrot/.local/share/uv/python/cpython-3.12.13-macos-aarch64-none/lib/python3.12/asyncio/base_events.py", line 691, in run_until_complete
    return future.result()
           ^^^^^^^^^^^^^^^
  File "/Users/lazytrot/work/uvicorn-rs/.venv/lib/python3.12/site-packages/uvicorn_rs/server.py", line 54, in serve
    _native.serve(
ValueError: certificate file contains no certificates

PASS startup-invalid-certificate-pem: startup-invalid-certificate-pem.invalid-certificate-pem-startup-error
--- uvicorn server log ---
ASGI_PARITY_SERVER_STARTUP_FAILURE
Traceback (most recent call last):
  File "/Users/lazytrot/work/uvicorn-rs/tests/parity/startup_probe.py", line 107, in <module>
    main()
  File "/Users/lazytrot/work/uvicorn-rs/tests/parity/startup_probe.py", line 94, in main
    asyncio.run(uvicorn.Server(config).serve())
  File "/Users/lazytrot/.local/share/uv/python/cpython-3.12.13-macos-aarch64-none/lib/python3.12/asyncio/runners.py", line 195, in run
    return runner.run(main)
           ^^^^^^^^^^^^^^^^
  File "/Users/lazytrot/.local/share/uv/python/cpython-3.12.13-macos-aarch64-none/lib/python3.12/asyncio/runners.py", line 118, in run
    return self._loop.run_until_complete(task)
           ^^^^^^^^^^^^^^^^^^^^^^^^^^^^^^^^^^^
  File "/Users/lazytrot/.local/share/uv/python/cpython-3.12.13-macos-aarch64-none/lib/python3.12/asyncio/base_events.py", line 691, in run_until_complete
    return future.result()
           ^^^^^^^^^^^^^^^
  File "/Users/lazytrot/work/uvicorn-rs/.venv/lib/python3.12/site-packages/uvicorn/server.py", line 90, in serve
    await self._serve(sockets)
  File "/Users/lazytrot/work/uvicorn-rs/.venv/lib/python3.12/site-packages/uvicorn/server.py", line 97, in _serve
    config.load()
  File "/Users/lazytrot/work/uvicorn-rs/.venv/lib/python3.12/site-packages/uvicorn/config.py", line 483, in load
    self.ssl = create_ssl_context(
               ^^^^^^^^^^^^^^^^^^^
  File "/Users/lazytrot/work/uvicorn-rs/.venv/lib/python3.12/site-packages/uvicorn/config.py", line 131, in create_ssl_context
    ctx.load_cert_chain(certfile, keyfile, get_password)
ssl.SSLError: [SSL] PEM lib (_ssl.c:3855)

--- uvicorn-rs server log ---
ASGI_PARITY_SERVER_STARTUP_FAILURE
Traceback (most recent call last):
  File "/Users/lazytrot/work/uvicorn-rs/tests/parity/startup_probe.py", line 107, in <module>
    main()
  File "/Users/lazytrot/work/uvicorn-rs/tests/parity/startup_probe.py", line 80, in main
    asyncio.run(server.serve())
  File "/Users/lazytrot/.local/share/uv/python/cpython-3.12.13-macos-aarch64-none/lib/python3.12/asyncio/runners.py", line 195, in run
    return runner.run(main)
           ^^^^^^^^^^^^^^^^
  File "/Users/lazytrot/.local/share/uv/python/cpython-3.12.13-macos-aarch64-none/lib/python3.12/asyncio/runners.py", line 118, in run
    return self._loop.run_until_complete(task)
           ^^^^^^^^^^^^^^^^^^^^^^^^^^^^^^^^^^^
  File "/Users/lazytrot/.local/share/uv/python/cpython-3.12.13-macos-aarch64-none/lib/python3.12/asyncio/base_events.py", line 691, in run_until_complete
    return future.result()
           ^^^^^^^^^^^^^^^
  File "/Users/lazytrot/work/uvicorn-rs/.venv/lib/python3.12/site-packages/uvicorn_rs/server.py", line 54, in serve
    _native.serve(
ValueError: invalid certificate PEM: InvalidCharacter(33)

PASS startup-missing-private-key: startup-missing-private-key.missing-private-key-startup-error
--- uvicorn server log ---
ASGI_PARITY_SERVER_STARTUP_FAILURE
Traceback (most recent call last):
  File "/Users/lazytrot/work/uvicorn-rs/tests/parity/startup_probe.py", line 107, in <module>
    main()
  File "/Users/lazytrot/work/uvicorn-rs/tests/parity/startup_probe.py", line 94, in main
    asyncio.run(uvicorn.Server(config).serve())
  File "/Users/lazytrot/.local/share/uv/python/cpython-3.12.13-macos-aarch64-none/lib/python3.12/asyncio/runners.py", line 195, in run
    return runner.run(main)
           ^^^^^^^^^^^^^^^^
  File "/Users/lazytrot/.local/share/uv/python/cpython-3.12.13-macos-aarch64-none/lib/python3.12/asyncio/runners.py", line 118, in run
    return self._loop.run_until_complete(task)
           ^^^^^^^^^^^^^^^^^^^^^^^^^^^^^^^^^^^
  File "/Users/lazytrot/.local/share/uv/python/cpython-3.12.13-macos-aarch64-none/lib/python3.12/asyncio/base_events.py", line 691, in run_until_complete
    return future.result()
           ^^^^^^^^^^^^^^^
  File "/Users/lazytrot/work/uvicorn-rs/.venv/lib/python3.12/site-packages/uvicorn/server.py", line 90, in serve
    await self._serve(sockets)
  File "/Users/lazytrot/work/uvicorn-rs/.venv/lib/python3.12/site-packages/uvicorn/server.py", line 97, in _serve
    config.load()
  File "/Users/lazytrot/work/uvicorn-rs/.venv/lib/python3.12/site-packages/uvicorn/config.py", line 483, in load
    self.ssl = create_ssl_context(
               ^^^^^^^^^^^^^^^^^^^
  File "/Users/lazytrot/work/uvicorn-rs/.venv/lib/python3.12/site-packages/uvicorn/config.py", line 131, in create_ssl_context
    ctx.load_cert_chain(certfile, keyfile, get_password)
FileNotFoundError: [Errno 2] No such file or directory

--- uvicorn-rs server log ---
ASGI_PARITY_SERVER_STARTUP_FAILURE
Traceback (most recent call last):
  File "/Users/lazytrot/work/uvicorn-rs/tests/parity/startup_probe.py", line 107, in <module>
    main()
  File "/Users/lazytrot/work/uvicorn-rs/tests/parity/startup_probe.py", line 80, in main
    asyncio.run(server.serve())
  File "/Users/lazytrot/.local/share/uv/python/cpython-3.12.13-macos-aarch64-none/lib/python3.12/asyncio/runners.py", line 195, in run
    return runner.run(main)
           ^^^^^^^^^^^^^^^^
  File "/Users/lazytrot/.local/share/uv/python/cpython-3.12.13-macos-aarch64-none/lib/python3.12/asyncio/runners.py", line 118, in run
    return self._loop.run_until_complete(task)
           ^^^^^^^^^^^^^^^^^^^^^^^^^^^^^^^^^^^
  File "/Users/lazytrot/.local/share/uv/python/cpython-3.12.13-macos-aarch64-none/lib/python3.12/asyncio/base_events.py", line 691, in run_until_complete
    return future.result()
           ^^^^^^^^^^^^^^^
  File "/Users/lazytrot/work/uvicorn-rs/.venv/lib/python3.12/site-packages/uvicorn_rs/server.py", line 54, in serve
    _native.serve(
OSError: could not read private key /var/folders/ht/wsllq4_d55x89lcbwb5yvqpc0000gn/T/uvicorn-rs-startup-parity-d6lo5e3n/missing-key.pem: No such file or directory (os error 2)

PASS startup-empty-private-key: startup-empty-private-key.empty-private-key-startup-error
--- uvicorn server log ---
ASGI_PARITY_SERVER_STARTUP_FAILURE
Traceback (most recent call last):
  File "/Users/lazytrot/work/uvicorn-rs/tests/parity/startup_probe.py", line 107, in <module>
    main()
  File "/Users/lazytrot/work/uvicorn-rs/tests/parity/startup_probe.py", line 94, in main
    asyncio.run(uvicorn.Server(config).serve())
  File "/Users/lazytrot/.local/share/uv/python/cpython-3.12.13-macos-aarch64-none/lib/python3.12/asyncio/runners.py", line 195, in run
    return runner.run(main)
           ^^^^^^^^^^^^^^^^
  File "/Users/lazytrot/.local/share/uv/python/cpython-3.12.13-macos-aarch64-none/lib/python3.12/asyncio/runners.py", line 118, in run
    return self._loop.run_until_complete(task)
           ^^^^^^^^^^^^^^^^^^^^^^^^^^^^^^^^^^^
  File "/Users/lazytrot/.local/share/uv/python/cpython-3.12.13-macos-aarch64-none/lib/python3.12/asyncio/base_events.py", line 691, in run_until_complete
    return future.result()
           ^^^^^^^^^^^^^^^
  File "/Users/lazytrot/work/uvicorn-rs/.venv/lib/python3.12/site-packages/uvicorn/server.py", line 90, in serve
    await self._serve(sockets)
  File "/Users/lazytrot/work/uvicorn-rs/.venv/lib/python3.12/site-packages/uvicorn/server.py", line 97, in _serve
    config.load()
  File "/Users/lazytrot/work/uvicorn-rs/.venv/lib/python3.12/site-packages/uvicorn/config.py", line 483, in load
    self.ssl = create_ssl_context(
               ^^^^^^^^^^^^^^^^^^^
  File "/Users/lazytrot/work/uvicorn-rs/.venv/lib/python3.12/site-packages/uvicorn/config.py", line 131, in create_ssl_context
    ctx.load_cert_chain(certfile, keyfile, get_password)
ssl.SSLError: [SSL] PEM lib (_ssl.c:3876)

--- uvicorn-rs server log ---
ASGI_PARITY_SERVER_STARTUP_FAILURE
Traceback (most recent call last):
  File "/Users/lazytrot/work/uvicorn-rs/tests/parity/startup_probe.py", line 107, in <module>
    main()
  File "/Users/lazytrot/work/uvicorn-rs/tests/parity/startup_probe.py", line 80, in main
    asyncio.run(server.serve())
  File "/Users/lazytrot/.local/share/uv/python/cpython-3.12.13-macos-aarch64-none/lib/python3.12/asyncio/runners.py", line 195, in run
    return runner.run(main)
           ^^^^^^^^^^^^^^^^
  File "/Users/lazytrot/.local/share/uv/python/cpython-3.12.13-macos-aarch64-none/lib/python3.12/asyncio/runners.py", line 118, in run
    return self._loop.run_until_complete(task)
           ^^^^^^^^^^^^^^^^^^^^^^^^^^^^^^^^^^^
  File "/Users/lazytrot/.local/share/uv/python/cpython-3.12.13-macos-aarch64-none/lib/python3.12/asyncio/base_events.py", line 691, in run_until_complete
    return future.result()
           ^^^^^^^^^^^^^^^
  File "/Users/lazytrot/work/uvicorn-rs/.venv/lib/python3.12/site-packages/uvicorn_rs/server.py", line 54, in serve
    _native.serve(
ValueError: private-key file contains no supported key

PASS startup-invalid-private-key-pem: startup-invalid-private-key-pem.invalid-private-key-pem-startup-error
--- uvicorn server log ---
ASGI_PARITY_SERVER_STARTUP_FAILURE
Traceback (most recent call last):
  File "/Users/lazytrot/work/uvicorn-rs/tests/parity/startup_probe.py", line 107, in <module>
    main()
  File "/Users/lazytrot/work/uvicorn-rs/tests/parity/startup_probe.py", line 94, in main
    asyncio.run(uvicorn.Server(config).serve())
  File "/Users/lazytrot/.local/share/uv/python/cpython-3.12.13-macos-aarch64-none/lib/python3.12/asyncio/runners.py", line 195, in run
    return runner.run(main)
           ^^^^^^^^^^^^^^^^
  File "/Users/lazytrot/.local/share/uv/python/cpython-3.12.13-macos-aarch64-none/lib/python3.12/asyncio/runners.py", line 118, in run
    return self._loop.run_until_complete(task)
           ^^^^^^^^^^^^^^^^^^^^^^^^^^^^^^^^^^^
  File "/Users/lazytrot/.local/share/uv/python/cpython-3.12.13-macos-aarch64-none/lib/python3.12/asyncio/base_events.py", line 691, in run_until_complete
    return future.result()
           ^^^^^^^^^^^^^^^
  File "/Users/lazytrot/work/uvicorn-rs/.venv/lib/python3.12/site-packages/uvicorn/server.py", line 90, in serve
    await self._serve(sockets)
  File "/Users/lazytrot/work/uvicorn-rs/.venv/lib/python3.12/site-packages/uvicorn/server.py", line 97, in _serve
    config.load()
  File "/Users/lazytrot/work/uvicorn-rs/.venv/lib/python3.12/site-packages/uvicorn/config.py", line 483, in load
    self.ssl = create_ssl_context(
               ^^^^^^^^^^^^^^^^^^^
  File "/Users/lazytrot/work/uvicorn-rs/.venv/lib/python3.12/site-packages/uvicorn/config.py", line 131, in create_ssl_context
    ctx.load_cert_chain(certfile, keyfile, get_password)
ssl.SSLError: [SSL] PEM lib (_ssl.c:3876)

--- uvicorn-rs server log ---
ASGI_PARITY_SERVER_STARTUP_FAILURE
Traceback (most recent call last):
  File "/Users/lazytrot/work/uvicorn-rs/tests/parity/startup_probe.py", line 107, in <module>
    main()
  File "/Users/lazytrot/work/uvicorn-rs/tests/parity/startup_probe.py", line 80, in main
    asyncio.run(server.serve())
  File "/Users/lazytrot/.local/share/uv/python/cpython-3.12.13-macos-aarch64-none/lib/python3.12/asyncio/runners.py", line 195, in run
    return runner.run(main)
           ^^^^^^^^^^^^^^^^
  File "/Users/lazytrot/.local/share/uv/python/cpython-3.12.13-macos-aarch64-none/lib/python3.12/asyncio/runners.py", line 118, in run
    return self._loop.run_until_complete(task)
           ^^^^^^^^^^^^^^^^^^^^^^^^^^^^^^^^^^^
  File "/Users/lazytrot/.local/share/uv/python/cpython-3.12.13-macos-aarch64-none/lib/python3.12/asyncio/base_events.py", line 691, in run_until_complete
    return future.result()
           ^^^^^^^^^^^^^^^
  File "/Users/lazytrot/work/uvicorn-rs/.venv/lib/python3.12/site-packages/uvicorn_rs/server.py", line 54, in serve
    _native.serve(
ValueError: invalid private-key PEM: InvalidCharacter(33)

PASS startup-mismatched-private-key: startup-mismatched-private-key.mismatched-private-key-startup-error
--- uvicorn server log ---
ASGI_PARITY_SERVER_STARTUP_FAILURE
Traceback (most recent call last):
  File "/Users/lazytrot/work/uvicorn-rs/tests/parity/startup_probe.py", line 107, in <module>
    main()
  File "/Users/lazytrot/work/uvicorn-rs/tests/parity/startup_probe.py", line 94, in main
    asyncio.run(uvicorn.Server(config).serve())
  File "/Users/lazytrot/.local/share/uv/python/cpython-3.12.13-macos-aarch64-none/lib/python3.12/asyncio/runners.py", line 195, in run
    return runner.run(main)
           ^^^^^^^^^^^^^^^^
  File "/Users/lazytrot/.local/share/uv/python/cpython-3.12.13-macos-aarch64-none/lib/python3.12/asyncio/runners.py", line 118, in run
    return self._loop.run_until_complete(task)
           ^^^^^^^^^^^^^^^^^^^^^^^^^^^^^^^^^^^
  File "/Users/lazytrot/.local/share/uv/python/cpython-3.12.13-macos-aarch64-none/lib/python3.12/asyncio/base_events.py", line 691, in run_until_complete
    return future.result()
           ^^^^^^^^^^^^^^^
  File "/Users/lazytrot/work/uvicorn-rs/.venv/lib/python3.12/site-packages/uvicorn/server.py", line 90, in serve
    await self._serve(sockets)
  File "/Users/lazytrot/work/uvicorn-rs/.venv/lib/python3.12/site-packages/uvicorn/server.py", line 97, in _serve
    config.load()
  File "/Users/lazytrot/work/uvicorn-rs/.venv/lib/python3.12/site-packages/uvicorn/config.py", line 483, in load
    self.ssl = create_ssl_context(
               ^^^^^^^^^^^^^^^^^^^
  File "/Users/lazytrot/work/uvicorn-rs/.venv/lib/python3.12/site-packages/uvicorn/config.py", line 131, in create_ssl_context
    ctx.load_cert_chain(certfile, keyfile, get_password)
ssl.SSLError: [X509: KEY_VALUES_MISMATCH] key values mismatch (_ssl.c:3876)

--- uvicorn-rs server log ---
ASGI_PARITY_SERVER_STARTUP_FAILURE
Traceback (most recent call last):
  File "/Users/lazytrot/work/uvicorn-rs/tests/parity/startup_probe.py", line 107, in <module>
    main()
  File "/Users/lazytrot/work/uvicorn-rs/tests/parity/startup_probe.py", line 80, in main
    asyncio.run(server.serve())
  File "/Users/lazytrot/.local/share/uv/python/cpython-3.12.13-macos-aarch64-none/lib/python3.12/asyncio/runners.py", line 195, in run
    return runner.run(main)
           ^^^^^^^^^^^^^^^^
  File "/Users/lazytrot/.local/share/uv/python/cpython-3.12.13-macos-aarch64-none/lib/python3.12/asyncio/runners.py", line 118, in run
    return self._loop.run_until_complete(task)
           ^^^^^^^^^^^^^^^^^^^^^^^^^^^^^^^^^^^
  File "/Users/lazytrot/.local/share/uv/python/cpython-3.12.13-macos-aarch64-none/lib/python3.12/asyncio/base_events.py", line 691, in run_until_complete
    return future.result()
           ^^^^^^^^^^^^^^^
  File "/Users/lazytrot/work/uvicorn-rs/.venv/lib/python3.12/site-packages/uvicorn_rs/server.py", line 54, in serve
    _native.serve(
ValueError: invalid TLS identity: keys may not be consistent: KeyMismatch

PASS lifecycle: lifespan.startup-and-shutdown-cancel
PASS lifecycle: lifespan.idle-keepalive-connection-closes-on-shutdown
PASS lifecycle: lifespan.active-response-stream-drains-on-shutdown
PASS lifecycle: lifespan.active-response-reset-during-shutdown
PASS lifecycle: lifespan.active-large-response-reset-during-shutdown
--- uvicorn server log ---
/Users/lazytrot/work/uvicorn-rs/.venv/lib/python3.12/site-packages/uvicorn/protocols/websockets/websockets_impl.py:41: UvicornDeprecationWarning: The `websockets` implementation is deprecated, and `--ws websockets` will point at the `websockets-sansio` implementation in a future release. Use `--ws websockets-sansio` or `--ws auto` to switch now.
  warnings.warn(
ERROR:    Cancel 1 running task(s), timeout graceful shutdown exceeded
ERROR:    Exception in ASGI application
Traceback (most recent call last):
  File "/Users/lazytrot/work/uvicorn-rs/.venv/lib/python3.12/site-packages/uvicorn/protocols/http/httptools_impl.py", line 422, in run_asgi
    result = await app(  # type: ignore[func-returns-value]
             ^^^^^^^^^^^^^^^^^^^^^^^^^^^^^^^^^^^^^^^^^^^^^^
  File "/Users/lazytrot/work/uvicorn-rs/.venv/lib/python3.12/site-packages/uvicorn/middleware/proxy_headers.py", line 63, in __call__
    return await self.app(scope, receive, send)
           ^^^^^^^^^^^^^^^^^^^^^^^^^^^^^^^^^^^^
  File "/Users/lazytrot/work/uvicorn-rs/tests/parity/app.py", line 1096, in _app_impl
    await asyncio.Event().wait()
  File "/Users/lazytrot/.local/share/uv/python/cpython-3.12.13-macos-aarch64-none/lib/python3.12/asyncio/locks.py", line 212, in wait
    await fut
asyncio.exceptions.CancelledError: Task cancelled, timeout graceful shutdown exceeded

--- uvicorn server log ---
/Users/lazytrot/work/uvicorn-rs/.venv/lib/python3.12/site-packages/uvicorn/protocols/websockets/websockets_impl.py:41: UvicornDeprecationWarning: The `websockets` implementation is deprecated, and `--ws websockets` will point at the `websockets-sansio` implementation in a future release. Use `--ws websockets-sansio` or `--ws auto` to switch now.
  warnings.warn(

--- uvicorn server log ---
/Users/lazytrot/work/uvicorn-rs/.venv/lib/python3.12/site-packages/uvicorn/protocols/websockets/websockets_impl.py:41: UvicornDeprecationWarning: The `websockets` implementation is deprecated, and `--ws websockets` will point at the `websockets-sansio` implementation in a future release. Use `--ws websockets-sansio` or `--ws auto` to switch now.
  warnings.warn(

--- uvicorn server log ---
/Users/lazytrot/work/uvicorn-rs/.venv/lib/python3.12/site-packages/uvicorn/protocols/websockets/websockets_impl.py:41: UvicornDeprecationWarning: The `websockets` implementation is deprecated, and `--ws websockets` will point at the `websockets-sansio` implementation in a future release. Use `--ws websockets-sansio` or `--ws auto` to switch now.
  warnings.warn(

--- uvicorn server log ---
/Users/lazytrot/work/uvicorn-rs/.venv/lib/python3.12/site-packages/uvicorn/protocols/websockets/websockets_impl.py:41: UvicornDeprecationWarning: The `websockets` implementation is deprecated, and `--ws websockets` will point at the `websockets-sansio` implementation in a future release. Use `--ws websockets-sansio` or `--ws auto` to switch now.
  warnings.warn(
ERROR:    Cancel 1 running task(s), timeout graceful shutdown exceeded
ERROR:    Exception in ASGI application
Traceback (most recent call last):
  File "/Users/lazytrot/work/uvicorn-rs/.venv/lib/python3.12/site-packages/uvicorn/protocols/http/httptools_impl.py", line 422, in run_asgi
    result = await app(  # type: ignore[func-returns-value]
             ^^^^^^^^^^^^^^^^^^^^^^^^^^^^^^^^^^^^^^^^^^^^^^
  File "/Users/lazytrot/work/uvicorn-rs/.venv/lib/python3.12/site-packages/uvicorn/middleware/proxy_headers.py", line 63, in __call__
    return await self.app(scope, receive, send)
           ^^^^^^^^^^^^^^^^^^^^^^^^^^^^^^^^^^^^
  File "/Users/lazytrot/work/uvicorn-rs/tests/parity/app.py", line 845, in _app_impl
    await send({"type": "http.response.body", "body": chunk, "more_body": True})
  File "/Users/lazytrot/work/uvicorn-rs/.venv/lib/python3.12/site-packages/uvicorn/protocols/http/httptools_impl.py", line 465, in send
    await self.flow.drain()  # pragma: full coverage
    ^^^^^^^^^^^^^^^^^^^^^^^
  File "/Users/lazytrot/work/uvicorn-rs/.venv/lib/python3.12/site-packages/uvicorn/protocols/http/flow_control.py", line 19, in drain
    await self._is_writable_event.wait()  # pragma: full coverage
    ^^^^^^^^^^^^^^^^^^^^^^^^^^^^^^^^^^^^
  File "/Users/lazytrot/.local/share/uv/python/cpython-3.12.13-macos-aarch64-none/lib/python3.12/asyncio/locks.py", line 212, in wait
    await fut
asyncio.exceptions.CancelledError: Task cancelled, timeout graceful shutdown exceeded

PASS lifecycle-tls: lifespan.tls-shutdown-cancels-held-request
PASS lifecycle-tls: lifespan.active-response-stream-drains-on-tls-shutdown
PASS lifecycle-tls: lifespan.active-response-reset-during-tls-shutdown
PASS lifecycle-tls: lifespan.unfinished-tls-handshake-closes-on-shutdown
--- uvicorn server log ---
/Users/lazytrot/work/uvicorn-rs/.venv/lib/python3.12/site-packages/uvicorn/protocols/websockets/websockets_impl.py:41: UvicornDeprecationWarning: The `websockets` implementation is deprecated, and `--ws websockets` will point at the `websockets-sansio` implementation in a future release. Use `--ws websockets-sansio` or `--ws auto` to switch now.
  warnings.warn(
ERROR:    Cancel 1 running task(s), timeout graceful shutdown exceeded
ERROR:    Exception in ASGI application
Traceback (most recent call last):
  File "/Users/lazytrot/work/uvicorn-rs/.venv/lib/python3.12/site-packages/uvicorn/protocols/http/httptools_impl.py", line 422, in run_asgi
    result = await app(  # type: ignore[func-returns-value]
             ^^^^^^^^^^^^^^^^^^^^^^^^^^^^^^^^^^^^^^^^^^^^^^
  File "/Users/lazytrot/work/uvicorn-rs/.venv/lib/python3.12/site-packages/uvicorn/middleware/proxy_headers.py", line 63, in __call__
    return await self.app(scope, receive, send)
           ^^^^^^^^^^^^^^^^^^^^^^^^^^^^^^^^^^^^
  File "/Users/lazytrot/work/uvicorn-rs/tests/parity/app.py", line 1096, in _app_impl
    await asyncio.Event().wait()
  File "/Users/lazytrot/.local/share/uv/python/cpython-3.12.13-macos-aarch64-none/lib/python3.12/asyncio/locks.py", line 212, in wait
    await fut
asyncio.exceptions.CancelledError: Task cancelled, timeout graceful shutdown exceeded

--- uvicorn server log ---
/Users/lazytrot/work/uvicorn-rs/.venv/lib/python3.12/site-packages/uvicorn/protocols/websockets/websockets_impl.py:41: UvicornDeprecationWarning: The `websockets` implementation is deprecated, and `--ws websockets` will point at the `websockets-sansio` implementation in a future release. Use `--ws websockets-sansio` or `--ws auto` to switch now.
  warnings.warn(
ERROR:    Cancel 0 running task(s), timeout graceful shutdown exceeded

--- uvicorn server log ---
/Users/lazytrot/work/uvicorn-rs/.venv/lib/python3.12/site-packages/uvicorn/protocols/websockets/websockets_impl.py:41: UvicornDeprecationWarning: The `websockets` implementation is deprecated, and `--ws websockets` will point at the `websockets-sansio` implementation in a future release. Use `--ws websockets-sansio` or `--ws auto` to switch now.
  warnings.warn(
ERROR:    Cancel 0 running task(s), timeout graceful shutdown exceeded

--- uvicorn server log ---
/Users/lazytrot/work/uvicorn-rs/.venv/lib/python3.12/site-packages/uvicorn/protocols/websockets/websockets_impl.py:41: UvicornDeprecationWarning: The `websockets` implementation is deprecated, and `--ws websockets` will point at the `websockets-sansio` implementation in a future release. Use `--ws websockets-sansio` or `--ws auto` to switch now.
  warnings.warn(

PASS lifecycle-server-api: lifespan.public-server-api-cancels-and-shuts-down
--- uvicorn server log ---
/Users/lazytrot/work/uvicorn-rs/.venv/lib/python3.12/site-packages/uvicorn/protocols/websockets/websockets_impl.py:41: UvicornDeprecationWarning: The `websockets` implementation is deprecated, and `--ws websockets` will point at the `websockets-sansio` implementation in a future release. Use `--ws websockets-sansio` or `--ws auto` to switch now.
  warnings.warn(
ERROR:    Cancel 1 running task(s), timeout graceful shutdown exceeded
ERROR:    Exception in ASGI application
Traceback (most recent call last):
  File "/Users/lazytrot/work/uvicorn-rs/.venv/lib/python3.12/site-packages/uvicorn/protocols/http/httptools_impl.py", line 422, in run_asgi
    result = await app(  # type: ignore[func-returns-value]
             ^^^^^^^^^^^^^^^^^^^^^^^^^^^^^^^^^^^^^^^^^^^^^^
  File "/Users/lazytrot/work/uvicorn-rs/.venv/lib/python3.12/site-packages/uvicorn/middleware/proxy_headers.py", line 63, in __call__
    return await self.app(scope, receive, send)
           ^^^^^^^^^^^^^^^^^^^^^^^^^^^^^^^^^^^^
  File "/Users/lazytrot/work/uvicorn-rs/tests/parity/app.py", line 1096, in _app_impl
    await asyncio.Event().wait()
  File "/Users/lazytrot/.local/share/uv/python/cpython-3.12.13-macos-aarch64-none/lib/python3.12/asyncio/locks.py", line 212, in wait
    await fut
asyncio.exceptions.CancelledError: Task cancelled, timeout graceful shutdown exceeded

PASS lifecycle-owned-loop: lifespan.post-response-background-task-cancelled-before-server-return
--- uvicorn server log ---
ERROR:    Cancel 1 running task(s), timeout graceful shutdown exceeded
ERROR:    Exception in ASGI application
Traceback (most recent call last):
  File "/Users/lazytrot/work/uvicorn-rs/.venv/lib/python3.12/site-packages/uvicorn/protocols/http/httptools_impl.py", line 422, in run_asgi
    result = await app(  # type: ignore[func-returns-value]
             ^^^^^^^^^^^^^^^^^^^^^^^^^^^^^^^^^^^^^^^^^^^^^^
  File "/Users/lazytrot/work/uvicorn-rs/.venv/lib/python3.12/site-packages/uvicorn/middleware/proxy_headers.py", line 63, in __call__
    return await self.app(scope, receive, send)
           ^^^^^^^^^^^^^^^^^^^^^^^^^^^^^^^^^^^^
  File "/Users/lazytrot/work/uvicorn-rs/tests/parity/server_api_probe.py", line 45, in observed_app
    await app(scope, receive, observed_send)
  File "/Users/lazytrot/work/uvicorn-rs/tests/parity/app.py", line 1085, in _app_impl
    await asyncio.Event().wait()
  File "/Users/lazytrot/.local/share/uv/python/cpython-3.12.13-macos-aarch64-none/lib/python3.12/asyncio/locks.py", line 212, in wait
    await fut
asyncio.exceptions.CancelledError: Task cancelled, timeout graceful shutdown exceeded

--- uvicorn-rs server log ---
uvicorn-rs: cancelled Python ASGI tasks exceeded the graceful timeout
Traceback (most recent call last):
  File "/Users/lazytrot/work/uvicorn-rs/.venv/lib/python3.12/site-packages/uvicorn_rs/_bridge.py", line 16, in invoke
    await app(scope, receive, send)
  File "/Users/lazytrot/work/uvicorn-rs/tests/parity/server_api_probe.py", line 45, in observed_app
    await app(scope, receive, observed_send)
  File "/Users/lazytrot/work/uvicorn-rs/tests/parity/app.py", line 1085, in _app_impl
    await asyncio.Event().wait()
  File "/Users/lazytrot/.local/share/uv/python/cpython-3.12.13-macos-aarch64-none/lib/python3.12/asyncio/locks.py", line 212, in wait
    await fut
asyncio.exceptions.CancelledError

PASS lifespan-no-support: lifespan.auto-app-does-not-support-lifespan
--- uvicorn server log ---
/Users/lazytrot/work/uvicorn-rs/.venv/lib/python3.12/site-packages/uvicorn/protocols/websockets/websockets_impl.py:41: UvicornDeprecationWarning: The `websockets` implementation is deprecated, and `--ws websockets` will point at the `websockets-sansio` implementation in a future release. Use `--ws websockets-sansio` or `--ws auto` to switch now.
  warnings.warn(

--- uvicorn-rs server log ---
uvicorn-rs: ASGI app does not support lifespan

PASS lifespan-retained-send: lifespan.app-returns-while-send-is-retained
--- uvicorn server log ---
/Users/lazytrot/work/uvicorn-rs/.venv/lib/python3.12/site-packages/uvicorn/protocols/websockets/websockets_impl.py:41: UvicornDeprecationWarning: The `websockets` implementation is deprecated, and `--ws websockets` will point at the `websockets-sansio` implementation in a future release. Use `--ws websockets-sansio` or `--ws auto` to switch now.
  warnings.warn(

--- uvicorn-rs server log ---
uvicorn-rs: ASGI app does not support lifespan

PASS lifespan-subclass-event-types: lifespan-subclass-event-types.complete-events
--- uvicorn server log ---
/Users/lazytrot/work/uvicorn-rs/.venv/lib/python3.12/site-packages/uvicorn/protocols/websockets/websockets_impl.py:41: UvicornDeprecationWarning: The `websockets` implementation is deprecated, and `--ws websockets` will point at the `websockets-sansio` implementation in a future release. Use `--ws websockets-sansio` or `--ws auto` to switch now.
  warnings.warn(

PASS lifespan-no-support-error: lifespan.auto-app-raises-before-startup
--- uvicorn server log ---
/Users/lazytrot/work/uvicorn-rs/.venv/lib/python3.12/site-packages/uvicorn/protocols/websockets/websockets_impl.py:41: UvicornDeprecationWarning: The `websockets` implementation is deprecated, and `--ws websockets` will point at the `websockets-sansio` implementation in a future release. Use `--ws websockets-sansio` or `--ws auto` to switch now.
  warnings.warn(

--- uvicorn-rs server log ---
Traceback (most recent call last):
  File "/Users/lazytrot/work/uvicorn-rs/.venv/lib/python3.12/site-packages/uvicorn_rs/_bridge.py", line 16, in invoke
    await app(scope, receive, send)
  File "/Users/lazytrot/work/uvicorn-rs/tests/parity/app.py", line 137, in _app_impl
    raise RuntimeError("parity lifespan unsupported sentinel")
RuntimeError: parity lifespan unsupported sentinel
uvicorn-rs: ASGI app does not support lifespan

PASS lifespan-no-support-error-retained: lifespan.auto-app-raises-after-retaining-send
--- uvicorn server log ---
/Users/lazytrot/work/uvicorn-rs/.venv/lib/python3.12/site-packages/uvicorn/protocols/websockets/websockets_impl.py:41: UvicornDeprecationWarning: The `websockets` implementation is deprecated, and `--ws websockets` will point at the `websockets-sansio` implementation in a future release. Use `--ws websockets-sansio` or `--ws auto` to switch now.
  warnings.warn(

--- uvicorn-rs server log ---
Traceback (most recent call last):
  File "/Users/lazytrot/work/uvicorn-rs/.venv/lib/python3.12/site-packages/uvicorn_rs/_bridge.py", line 16, in invoke
    await app(scope, receive, send)
  File "/Users/lazytrot/work/uvicorn-rs/tests/parity/app.py", line 135, in _app_impl
    raise RuntimeError("parity lifespan unsupported sentinel")
RuntimeError: parity lifespan unsupported sentinel
uvicorn-rs: ASGI app does not support lifespan

PASS lifespan-receive-wrong-signature: lifespan.receive-call-rejects-positional-argument
--- uvicorn server log ---
/Users/lazytrot/work/uvicorn-rs/.venv/lib/python3.12/site-packages/uvicorn/protocols/websockets/websockets_impl.py:41: UvicornDeprecationWarning: The `websockets` implementation is deprecated, and `--ws websockets` will point at the `websockets-sansio` implementation in a future release. Use `--ws websockets-sansio` or `--ws auto` to switch now.
  warnings.warn(

--- uvicorn-rs server log ---
Traceback (most recent call last):
  File "/Users/lazytrot/work/uvicorn-rs/.venv/lib/python3.12/site-packages/uvicorn_rs/_bridge.py", line 16, in invoke
    await app(scope, receive, send)
  File "/Users/lazytrot/work/uvicorn-rs/tests/parity/app.py", line 100, in _app_impl
    await receive(None)
          ^^^^^^^^^^^^^
TypeError: invoke.<locals>.receive() takes 0 positional arguments but 1 was given
uvicorn-rs: ASGI app does not support lifespan

PASS lifespan-invalid-startup-event: lifespan-invalid-startup-event.auto-disables-invalid-lifespan
--- uvicorn server log ---
/Users/lazytrot/work/uvicorn-rs/.venv/lib/python3.12/site-packages/uvicorn/protocols/websockets/websockets_impl.py:41: UvicornDeprecationWarning: The `websockets` implementation is deprecated, and `--ws websockets` will point at the `websockets-sansio` implementation in a future release. Use `--ws websockets-sansio` or `--ws auto` to switch now.
  warnings.warn(

--- uvicorn-rs server log ---
Traceback (most recent call last):
  File "/Users/lazytrot/work/uvicorn-rs/.venv/lib/python3.12/site-packages/uvicorn_rs/_bridge.py", line 16, in invoke
    await app(scope, receive, send)
  File "/Users/lazytrot/work/uvicorn-rs/tests/parity/app.py", line 144, in _app_impl
    await send(invalid_startup_events[lifespan_mode])
  File "/Users/lazytrot/work/uvicorn-rs/.venv/lib/python3.12/site-packages/uvicorn_rs/_bridge.py", line 12, in send
    pending = io.send(message)
              ^^^^^^^^^^^^^^^^
ValueError: unsupported ASGI lifespan event: http.response.start
uvicorn-rs: ASGI app does not support lifespan

PASS lifespan-missing-startup-event-type: lifespan-missing-startup-event-type.auto-disables-invalid-lifespan
--- uvicorn server log ---
/Users/lazytrot/work/uvicorn-rs/.venv/lib/python3.12/site-packages/uvicorn/protocols/websockets/websockets_impl.py:41: UvicornDeprecationWarning: The `websockets` implementation is deprecated, and `--ws websockets` will point at the `websockets-sansio` implementation in a future release. Use `--ws websockets-sansio` or `--ws auto` to switch now.
  warnings.warn(

--- uvicorn-rs server log ---
Traceback (most recent call last):
  File "/Users/lazytrot/work/uvicorn-rs/.venv/lib/python3.12/site-packages/uvicorn_rs/_bridge.py", line 16, in invoke
    await app(scope, receive, send)
  File "/Users/lazytrot/work/uvicorn-rs/tests/parity/app.py", line 144, in _app_impl
    await send(invalid_startup_events[lifespan_mode])
  File "/Users/lazytrot/work/uvicorn-rs/.venv/lib/python3.12/site-packages/uvicorn_rs/_bridge.py", line 12, in send
    pending = io.send(message)
              ^^^^^^^^^^^^^^^^
ValueError: ASGI message is missing 'type'
uvicorn-rs: ASGI app does not support lifespan

PASS lifespan-non-string-startup-event-type: lifespan-non-string-startup-event-type.auto-disables-invalid-lifespan
--- uvicorn server log ---
/Users/lazytrot/work/uvicorn-rs/.venv/lib/python3.12/site-packages/uvicorn/protocols/websockets/websockets_impl.py:41: UvicornDeprecationWarning: The `websockets` implementation is deprecated, and `--ws websockets` will point at the `websockets-sansio` implementation in a future release. Use `--ws websockets-sansio` or `--ws auto` to switch now.
  warnings.warn(

--- uvicorn-rs server log ---
Traceback (most recent call last):
  File "/Users/lazytrot/work/uvicorn-rs/.venv/lib/python3.12/site-packages/uvicorn_rs/_bridge.py", line 16, in invoke
    await app(scope, receive, send)
  File "/Users/lazytrot/work/uvicorn-rs/tests/parity/app.py", line 144, in _app_impl
    await send(invalid_startup_events[lifespan_mode])
  File "/Users/lazytrot/work/uvicorn-rs/.venv/lib/python3.12/site-packages/uvicorn_rs/_bridge.py", line 12, in send
    pending = io.send(message)
              ^^^^^^^^^^^^^^^^
TypeError: 'int' object is not an instance of 'str'
uvicorn-rs: ASGI app does not support lifespan

PASS lifespan-startup-failed: lifespan-startup-failed.startup-does-not-complete
--- uvicorn server log ---
/Users/lazytrot/work/uvicorn-rs/.venv/lib/python3.12/site-packages/uvicorn/protocols/websockets/websockets_impl.py:41: UvicornDeprecationWarning: The `websockets` implementation is deprecated, and `--ws websockets` will point at the `websockets-sansio` implementation in a future release. Use `--ws websockets-sansio` or `--ws auto` to switch now.
  warnings.warn(
ERROR:    parity startup failure
ERROR:    Application startup failed. Exiting.

--- uvicorn-rs server log ---
Traceback (most recent call last):
  File "<frozen runpy>", line 198, in _run_module_as_main
  File "<frozen runpy>", line 88, in _run_code
  File "/Users/lazytrot/work/uvicorn-rs/.venv/lib/python3.12/site-packages/uvicorn_rs/__main__.py", line 3, in <module>
    main()
  File "/Users/lazytrot/work/uvicorn-rs/.venv/lib/python3.12/site-packages/uvicorn_rs/cli.py", line 87, in main
    runner.run(run())
  File "/Users/lazytrot/.local/share/uv/python/cpython-3.12.13-macos-aarch64-none/lib/python3.12/asyncio/runners.py", line 118, in run
    return self._loop.run_until_complete(task)
           ^^^^^^^^^^^^^^^^^^^^^^^^^^^^^^^^^^^
  File "uvloop/loop.pyx", line 1515, in uvloop.loop.Loop.run_until_complete
  File "/Users/lazytrot/work/uvicorn-rs/.venv/lib/python3.12/site-packages/uvicorn_rs/cli.py", line 75, in run
    await server_task
  File "/Users/lazytrot/work/uvicorn-rs/.venv/lib/python3.12/site-packages/uvicorn_rs/server.py", line 66, in serve
    await asyncio.shield(native_task)
RuntimeError: parity startup failure

PASS lifespan-startup-failed-subclass: lifespan-startup-failed-subclass.startup-does-not-complete
--- uvicorn server log ---
/Users/lazytrot/work/uvicorn-rs/.venv/lib/python3.12/site-packages/uvicorn/protocols/websockets/websockets_impl.py:41: UvicornDeprecationWarning: The `websockets` implementation is deprecated, and `--ws websockets` will point at the `websockets-sansio` implementation in a future release. Use `--ws websockets-sansio` or `--ws auto` to switch now.
  warnings.warn(
ERROR:    parity startup subclass failure
ERROR:    Application startup failed. Exiting.

--- uvicorn-rs server log ---
Traceback (most recent call last):
  File "<frozen runpy>", line 198, in _run_module_as_main
  File "<frozen runpy>", line 88, in _run_code
  File "/Users/lazytrot/work/uvicorn-rs/.venv/lib/python3.12/site-packages/uvicorn_rs/__main__.py", line 3, in <module>
    main()
  File "/Users/lazytrot/work/uvicorn-rs/.venv/lib/python3.12/site-packages/uvicorn_rs/cli.py", line 87, in main
    runner.run(run())
  File "/Users/lazytrot/.local/share/uv/python/cpython-3.12.13-macos-aarch64-none/lib/python3.12/asyncio/runners.py", line 118, in run
    return self._loop.run_until_complete(task)
           ^^^^^^^^^^^^^^^^^^^^^^^^^^^^^^^^^^^
  File "uvloop/loop.pyx", line 1515, in uvloop.loop.Loop.run_until_complete
  File "/Users/lazytrot/work/uvicorn-rs/.venv/lib/python3.12/site-packages/uvicorn_rs/cli.py", line 75, in run
    await server_task
  File "/Users/lazytrot/work/uvicorn-rs/.venv/lib/python3.12/site-packages/uvicorn_rs/server.py", line 66, in serve
    await asyncio.shield(native_task)
RuntimeError: parity startup subclass failure

PASS lifespan-startup-failed-empty: lifespan-startup-failed-empty.startup-does-not-complete
--- uvicorn server log ---
/Users/lazytrot/work/uvicorn-rs/.venv/lib/python3.12/site-packages/uvicorn/protocols/websockets/websockets_impl.py:41: UvicornDeprecationWarning: The `websockets` implementation is deprecated, and `--ws websockets` will point at the `websockets-sansio` implementation in a future release. Use `--ws websockets-sansio` or `--ws auto` to switch now.
  warnings.warn(
ERROR:    Application startup failed. Exiting.

--- uvicorn-rs server log ---
Traceback (most recent call last):
  File "<frozen runpy>", line 198, in _run_module_as_main
  File "<frozen runpy>", line 88, in _run_code
  File "/Users/lazytrot/work/uvicorn-rs/.venv/lib/python3.12/site-packages/uvicorn_rs/__main__.py", line 3, in <module>
    main()
  File "/Users/lazytrot/work/uvicorn-rs/.venv/lib/python3.12/site-packages/uvicorn_rs/cli.py", line 87, in main
    runner.run(run())
  File "/Users/lazytrot/.local/share/uv/python/cpython-3.12.13-macos-aarch64-none/lib/python3.12/asyncio/runners.py", line 118, in run
    return self._loop.run_until_complete(task)
           ^^^^^^^^^^^^^^^^^^^^^^^^^^^^^^^^^^^
  File "uvloop/loop.pyx", line 1515, in uvloop.loop.Loop.run_until_complete
  File "/Users/lazytrot/work/uvicorn-rs/.venv/lib/python3.12/site-packages/uvicorn_rs/cli.py", line 75, in run
    await server_task
  File "/Users/lazytrot/work/uvicorn-rs/.venv/lib/python3.12/site-packages/uvicorn_rs/server.py", line 66, in serve
    await asyncio.shield(native_task)
RuntimeError: ASGI lifespan startup failed

PASS lifespan-unexpected-startup-event: lifespan-unexpected-startup-event.startup-does-not-complete
--- uvicorn server log ---
/Users/lazytrot/work/uvicorn-rs/.venv/lib/python3.12/site-packages/uvicorn/protocols/websockets/websockets_impl.py:41: UvicornDeprecationWarning: The `websockets` implementation is deprecated, and `--ws websockets` will point at the `websockets-sansio` implementation in a future release. Use `--ws websockets-sansio` or `--ws auto` to switch now.
  warnings.warn(

--- uvicorn-rs server log ---
uvicorn-rs: ASGI app does not support lifespan

PASS lifespan-shutdown-failed: lifespan-shutdown-failed.failure-is-reported-during-shutdown
--- uvicorn server log ---
/Users/lazytrot/work/uvicorn-rs/.venv/lib/python3.12/site-packages/uvicorn/protocols/websockets/websockets_impl.py:41: UvicornDeprecationWarning: The `websockets` implementation is deprecated, and `--ws websockets` will point at the `websockets-sansio` implementation in a future release. Use `--ws websockets-sansio` or `--ws auto` to switch now.
  warnings.warn(
ERROR:    parity shutdown failure
ERROR:    Application shutdown failed. Exiting.

--- uvicorn-rs server log ---
Traceback (most recent call last):
  File "/Users/lazytrot/work/uvicorn-rs/.venv/lib/python3.12/site-packages/uvicorn_rs/server.py", line 66, in serve
    await asyncio.shield(native_task)
asyncio.exceptions.CancelledError

During handling of the above exception, another exception occurred:

Traceback (most recent call last):
  File "<frozen runpy>", line 198, in _run_module_as_main
  File "<frozen runpy>", line 88, in _run_code
  File "/Users/lazytrot/work/uvicorn-rs/.venv/lib/python3.12/site-packages/uvicorn_rs/__main__.py", line 3, in <module>
    main()
  File "/Users/lazytrot/work/uvicorn-rs/.venv/lib/python3.12/site-packages/uvicorn_rs/cli.py", line 87, in main
    runner.run(run())
  File "/Users/lazytrot/.local/share/uv/python/cpython-3.12.13-macos-aarch64-none/lib/python3.12/asyncio/runners.py", line 118, in run
    return self._loop.run_until_complete(task)
           ^^^^^^^^^^^^^^^^^^^^^^^^^^^^^^^^^^^
  File "uvloop/loop.pyx", line 1515, in uvloop.loop.Loop.run_until_complete
  File "/Users/lazytrot/work/uvicorn-rs/.venv/lib/python3.12/site-packages/uvicorn_rs/cli.py", line 75, in run
    await server_task
  File "/Users/lazytrot/work/uvicorn-rs/.venv/lib/python3.12/site-packages/uvicorn_rs/server.py", line 69, in serve
    await asyncio.shield(native_task)
RuntimeError: parity shutdown failure

PASS lifespan-shutdown-failed-subclass: lifespan-shutdown-failed-subclass.failure-is-reported-during-shutdown
--- uvicorn server log ---
/Users/lazytrot/work/uvicorn-rs/.venv/lib/python3.12/site-packages/uvicorn/protocols/websockets/websockets_impl.py:41: UvicornDeprecationWarning: The `websockets` implementation is deprecated, and `--ws websockets` will point at the `websockets-sansio` implementation in a future release. Use `--ws websockets-sansio` or `--ws auto` to switch now.
  warnings.warn(
ERROR:    parity shutdown subclass failure
ERROR:    Application shutdown failed. Exiting.

--- uvicorn-rs server log ---
Traceback (most recent call last):
  File "/Users/lazytrot/work/uvicorn-rs/.venv/lib/python3.12/site-packages/uvicorn_rs/server.py", line 66, in serve
    await asyncio.shield(native_task)
asyncio.exceptions.CancelledError

During handling of the above exception, another exception occurred:

Traceback (most recent call last):
  File "<frozen runpy>", line 198, in _run_module_as_main
  File "<frozen runpy>", line 88, in _run_code
  File "/Users/lazytrot/work/uvicorn-rs/.venv/lib/python3.12/site-packages/uvicorn_rs/__main__.py", line 3, in <module>
    main()
  File "/Users/lazytrot/work/uvicorn-rs/.venv/lib/python3.12/site-packages/uvicorn_rs/cli.py", line 87, in main
    runner.run(run())
  File "/Users/lazytrot/.local/share/uv/python/cpython-3.12.13-macos-aarch64-none/lib/python3.12/asyncio/runners.py", line 118, in run
    return self._loop.run_until_complete(task)
           ^^^^^^^^^^^^^^^^^^^^^^^^^^^^^^^^^^^
  File "uvloop/loop.pyx", line 1515, in uvloop.loop.Loop.run_until_complete
  File "/Users/lazytrot/work/uvicorn-rs/.venv/lib/python3.12/site-packages/uvicorn_rs/cli.py", line 75, in run
    await server_task
  File "/Users/lazytrot/work/uvicorn-rs/.venv/lib/python3.12/site-packages/uvicorn_rs/server.py", line 69, in serve
    await asyncio.shield(native_task)
RuntimeError: parity shutdown subclass failure

PASS lifespan-shutdown-failed-empty: lifespan-shutdown-failed-empty.failure-is-reported-during-shutdown
--- uvicorn server log ---
/Users/lazytrot/work/uvicorn-rs/.venv/lib/python3.12/site-packages/uvicorn/protocols/websockets/websockets_impl.py:41: UvicornDeprecationWarning: The `websockets` implementation is deprecated, and `--ws websockets` will point at the `websockets-sansio` implementation in a future release. Use `--ws websockets-sansio` or `--ws auto` to switch now.
  warnings.warn(
ERROR:    Application shutdown failed. Exiting.

--- uvicorn-rs server log ---
Traceback (most recent call last):
  File "/Users/lazytrot/work/uvicorn-rs/.venv/lib/python3.12/site-packages/uvicorn_rs/server.py", line 66, in serve
    await asyncio.shield(native_task)
asyncio.exceptions.CancelledError

During handling of the above exception, another exception occurred:

Traceback (most recent call last):
  File "<frozen runpy>", line 198, in _run_module_as_main
  File "<frozen runpy>", line 88, in _run_code
  File "/Users/lazytrot/work/uvicorn-rs/.venv/lib/python3.12/site-packages/uvicorn_rs/__main__.py", line 3, in <module>
    main()
  File "/Users/lazytrot/work/uvicorn-rs/.venv/lib/python3.12/site-packages/uvicorn_rs/cli.py", line 87, in main
    runner.run(run())
  File "/Users/lazytrot/.local/share/uv/python/cpython-3.12.13-macos-aarch64-none/lib/python3.12/asyncio/runners.py", line 118, in run
    return self._loop.run_until_complete(task)
           ^^^^^^^^^^^^^^^^^^^^^^^^^^^^^^^^^^^
  File "uvloop/loop.pyx", line 1515, in uvloop.loop.Loop.run_until_complete
  File "/Users/lazytrot/work/uvicorn-rs/.venv/lib/python3.12/site-packages/uvicorn_rs/cli.py", line 75, in run
    await server_task
  File "/Users/lazytrot/work/uvicorn-rs/.venv/lib/python3.12/site-packages/uvicorn_rs/server.py", line 69, in serve
    await asyncio.shield(native_task)
RuntimeError: ASGI lifespan shutdown failed

PASS lifespan-shutdown-returns: lifespan.lifespan-shutdown-returns
--- uvicorn server log ---
/Users/lazytrot/work/uvicorn-rs/.venv/lib/python3.12/site-packages/uvicorn/protocols/websockets/websockets_impl.py:41: UvicornDeprecationWarning: The `websockets` implementation is deprecated, and `--ws websockets` will point at the `websockets-sansio` implementation in a future release. Use `--ws websockets-sansio` or `--ws auto` to switch now.
  warnings.warn(

--- uvicorn-rs server log ---
Traceback (most recent call last):
  File "/Users/lazytrot/work/uvicorn-rs/.venv/lib/python3.12/site-packages/uvicorn_rs/server.py", line 66, in serve
    await asyncio.shield(native_task)
asyncio.exceptions.CancelledError

During handling of the above exception, another exception occurred:

Traceback (most recent call last):
  File "<frozen runpy>", line 198, in _run_module_as_main
  File "<frozen runpy>", line 88, in _run_code
  File "/Users/lazytrot/work/uvicorn-rs/.venv/lib/python3.12/site-packages/uvicorn_rs/__main__.py", line 3, in <module>
    main()
  File "/Users/lazytrot/work/uvicorn-rs/.venv/lib/python3.12/site-packages/uvicorn_rs/cli.py", line 87, in main
    runner.run(run())
  File "/Users/lazytrot/.local/share/uv/python/cpython-3.12.13-macos-aarch64-none/lib/python3.12/asyncio/runners.py", line 118, in run
    return self._loop.run_until_complete(task)
           ^^^^^^^^^^^^^^^^^^^^^^^^^^^^^^^^^^^
  File "uvloop/loop.pyx", line 1515, in uvloop.loop.Loop.run_until_complete
  File "/Users/lazytrot/work/uvicorn-rs/.venv/lib/python3.12/site-packages/uvicorn_rs/cli.py", line 75, in run
    await server_task
  File "/Users/lazytrot/work/uvicorn-rs/.venv/lib/python3.12/site-packages/uvicorn_rs/server.py", line 69, in serve
    await asyncio.shield(native_task)
RuntimeError: ASGI lifespan channel closed during shutdown

PASS lifespan-shutdown-returns-retained: lifespan.lifespan-shutdown-returns-while-send-retained
--- uvicorn server log ---
/Users/lazytrot/work/uvicorn-rs/.venv/lib/python3.12/site-packages/uvicorn/protocols/websockets/websockets_impl.py:41: UvicornDeprecationWarning: The `websockets` implementation is deprecated, and `--ws websockets` will point at the `websockets-sansio` implementation in a future release. Use `--ws websockets-sansio` or `--ws auto` to switch now.
  warnings.warn(

--- uvicorn-rs server log ---
Traceback (most recent call last):
  File "/Users/lazytrot/work/uvicorn-rs/.venv/lib/python3.12/site-packages/uvicorn_rs/server.py", line 66, in serve
    await asyncio.shield(native_task)
asyncio.exceptions.CancelledError

During handling of the above exception, another exception occurred:

Traceback (most recent call last):
  File "<frozen runpy>", line 198, in _run_module_as_main
  File "<frozen runpy>", line 88, in _run_code
  File "/Users/lazytrot/work/uvicorn-rs/.venv/lib/python3.12/site-packages/uvicorn_rs/__main__.py", line 3, in <module>
    main()
  File "/Users/lazytrot/work/uvicorn-rs/.venv/lib/python3.12/site-packages/uvicorn_rs/cli.py", line 87, in main
    runner.run(run())
  File "/Users/lazytrot/.local/share/uv/python/cpython-3.12.13-macos-aarch64-none/lib/python3.12/asyncio/runners.py", line 118, in run
    return self._loop.run_until_complete(task)
           ^^^^^^^^^^^^^^^^^^^^^^^^^^^^^^^^^^^
  File "uvloop/loop.pyx", line 1515, in uvloop.loop.Loop.run_until_complete
  File "/Users/lazytrot/work/uvicorn-rs/.venv/lib/python3.12/site-packages/uvicorn_rs/cli.py", line 75, in run
    await server_task
  File "/Users/lazytrot/work/uvicorn-rs/.venv/lib/python3.12/site-packages/uvicorn_rs/server.py", line 69, in serve
    await asyncio.shield(native_task)
RuntimeError: ASGI app returned before lifespan.shutdown.complete

PASS lifespan-shutdown-raises: lifespan.lifespan-shutdown-raises
--- uvicorn server log ---
/Users/lazytrot/work/uvicorn-rs/.venv/lib/python3.12/site-packages/uvicorn/protocols/websockets/websockets_impl.py:41: UvicornDeprecationWarning: The `websockets` implementation is deprecated, and `--ws websockets` will point at the `websockets-sansio` implementation in a future release. Use `--ws websockets-sansio` or `--ws auto` to switch now.
  warnings.warn(

--- uvicorn-rs server log ---
Traceback (most recent call last):
  File "/Users/lazytrot/work/uvicorn-rs/.venv/lib/python3.12/site-packages/uvicorn_rs/server.py", line 66, in serve
    await asyncio.shield(native_task)
asyncio.exceptions.CancelledError

During handling of the above exception, another exception occurred:

Traceback (most recent call last):
  File "<frozen runpy>", line 198, in _run_module_as_main
  File "<frozen runpy>", line 88, in _run_code
  File "/Users/lazytrot/work/uvicorn-rs/.venv/lib/python3.12/site-packages/uvicorn_rs/__main__.py", line 3, in <module>
    main()
  File "/Users/lazytrot/work/uvicorn-rs/.venv/lib/python3.12/site-packages/uvicorn_rs/cli.py", line 87, in main
    runner.run(run())
  File "/Users/lazytrot/.local/share/uv/python/cpython-3.12.13-macos-aarch64-none/lib/python3.12/asyncio/runners.py", line 118, in run
    return self._loop.run_until_complete(task)
           ^^^^^^^^^^^^^^^^^^^^^^^^^^^^^^^^^^^
  File "uvloop/loop.pyx", line 1515, in uvloop.loop.Loop.run_until_complete
  File "/Users/lazytrot/work/uvicorn-rs/.venv/lib/python3.12/site-packages/uvicorn_rs/cli.py", line 75, in run
    await server_task
  File "/Users/lazytrot/work/uvicorn-rs/.venv/lib/python3.12/site-packages/uvicorn_rs/server.py", line 69, in serve
    await asyncio.shield(native_task)
  File "/Users/lazytrot/work/uvicorn-rs/.venv/lib/python3.12/site-packages/uvicorn_rs/_bridge.py", line 16, in invoke
    await app(scope, receive, send)
  File "/Users/lazytrot/work/uvicorn-rs/tests/parity/app.py", line 211, in _app_impl
    raise RuntimeError("parity lifespan shutdown exception sentinel")
RuntimeError: parity lifespan shutdown exception sentinel

PASS lifespan-shutdown-unexpected-event: lifespan.lifespan-shutdown-unexpected-event
--- uvicorn server log ---
/Users/lazytrot/work/uvicorn-rs/.venv/lib/python3.12/site-packages/uvicorn/protocols/websockets/websockets_impl.py:41: UvicornDeprecationWarning: The `websockets` implementation is deprecated, and `--ws websockets` will point at the `websockets-sansio` implementation in a future release. Use `--ws websockets-sansio` or `--ws auto` to switch now.
  warnings.warn(

--- uvicorn-rs server log ---
Traceback (most recent call last):
  File "/Users/lazytrot/work/uvicorn-rs/.venv/lib/python3.12/site-packages/uvicorn_rs/server.py", line 66, in serve
    await asyncio.shield(native_task)
asyncio.exceptions.CancelledError

During handling of the above exception, another exception occurred:

Traceback (most recent call last):
  File "<frozen runpy>", line 198, in _run_module_as_main
  File "<frozen runpy>", line 88, in _run_code
  File "/Users/lazytrot/work/uvicorn-rs/.venv/lib/python3.12/site-packages/uvicorn_rs/__main__.py", line 3, in <module>
    main()
  File "/Users/lazytrot/work/uvicorn-rs/.venv/lib/python3.12/site-packages/uvicorn_rs/cli.py", line 87, in main
    runner.run(run())
  File "/Users/lazytrot/.local/share/uv/python/cpython-3.12.13-macos-aarch64-none/lib/python3.12/asyncio/runners.py", line 118, in run
    return self._loop.run_until_complete(task)
           ^^^^^^^^^^^^^^^^^^^^^^^^^^^^^^^^^^^
  File "uvloop/loop.pyx", line 1515, in uvloop.loop.Loop.run_until_complete
  File "/Users/lazytrot/work/uvicorn-rs/.venv/lib/python3.12/site-packages/uvicorn_rs/cli.py", line 75, in run
    await server_task
  File "/Users/lazytrot/work/uvicorn-rs/.venv/lib/python3.12/site-packages/uvicorn_rs/server.py", line 69, in serve
    await asyncio.shield(native_task)
RuntimeError: unexpected ASGI lifespan event during shutdown

PASS lifespan-startup-complete-then-returns: lifespan.lifespan-startup-complete-then-returns
--- uvicorn server log ---
/Users/lazytrot/work/uvicorn-rs/.venv/lib/python3.12/site-packages/uvicorn/protocols/websockets/websockets_impl.py:41: UvicornDeprecationWarning: The `websockets` implementation is deprecated, and `--ws websockets` will point at the `websockets-sansio` implementation in a future release. Use `--ws websockets-sansio` or `--ws auto` to switch now.
  warnings.warn(

--- uvicorn-rs server log ---
Traceback (most recent call last):
  File "/Users/lazytrot/work/uvicorn-rs/.venv/lib/python3.12/site-packages/uvicorn_rs/server.py", line 66, in serve
    await asyncio.shield(native_task)
asyncio.exceptions.CancelledError

During handling of the above exception, another exception occurred:

Traceback (most recent call last):
  File "<frozen runpy>", line 198, in _run_module_as_main
  File "<frozen runpy>", line 88, in _run_code
  File "/Users/lazytrot/work/uvicorn-rs/.venv/lib/python3.12/site-packages/uvicorn_rs/__main__.py", line 3, in <module>
    main()
  File "/Users/lazytrot/work/uvicorn-rs/.venv/lib/python3.12/site-packages/uvicorn_rs/cli.py", line 87, in main
    runner.run(run())
  File "/Users/lazytrot/.local/share/uv/python/cpython-3.12.13-macos-aarch64-none/lib/python3.12/asyncio/runners.py", line 118, in run
    return self._loop.run_until_complete(task)
           ^^^^^^^^^^^^^^^^^^^^^^^^^^^^^^^^^^^
  File "uvloop/loop.pyx", line 1515, in uvloop.loop.Loop.run_until_complete
  File "/Users/lazytrot/work/uvicorn-rs/.venv/lib/python3.12/site-packages/uvicorn_rs/cli.py", line 75, in run
    await server_task
  File "/Users/lazytrot/work/uvicorn-rs/.venv/lib/python3.12/site-packages/uvicorn_rs/server.py", line 69, in serve
    await asyncio.shield(native_task)
RuntimeError: could not send ASGI lifespan shutdown

PASS lifespan-shutdown-complete-then-raises: lifespan.shutdown-complete-then-raises
--- uvicorn server log ---
/Users/lazytrot/work/uvicorn-rs/.venv/lib/python3.12/site-packages/uvicorn/protocols/websockets/websockets_impl.py:41: UvicornDeprecationWarning: The `websockets` implementation is deprecated, and `--ws websockets` will point at the `websockets-sansio` implementation in a future release. Use `--ws websockets-sansio` or `--ws auto` to switch now.
  warnings.warn(

--- uvicorn-rs server log ---
Traceback (most recent call last):
  File "/Users/lazytrot/work/uvicorn-rs/.venv/lib/python3.12/site-packages/uvicorn_rs/server.py", line 66, in serve
    await asyncio.shield(native_task)
asyncio.exceptions.CancelledError

During handling of the above exception, another exception occurred:

Traceback (most recent call last):
  File "<frozen runpy>", line 198, in _run_module_as_main
  File "<frozen runpy>", line 88, in _run_code
  File "/Users/lazytrot/work/uvicorn-rs/.venv/lib/python3.12/site-packages/uvicorn_rs/__main__.py", line 3, in <module>
    main()
  File "/Users/lazytrot/work/uvicorn-rs/.venv/lib/python3.12/site-packages/uvicorn_rs/cli.py", line 87, in main
    runner.run(run())
  File "/Users/lazytrot/.local/share/uv/python/cpython-3.12.13-macos-aarch64-none/lib/python3.12/asyncio/runners.py", line 118, in run
    return self._loop.run_until_complete(task)
           ^^^^^^^^^^^^^^^^^^^^^^^^^^^^^^^^^^^
  File "uvloop/loop.pyx", line 1515, in uvloop.loop.Loop.run_until_complete
  File "/Users/lazytrot/work/uvicorn-rs/.venv/lib/python3.12/site-packages/uvicorn_rs/cli.py", line 75, in run
    await server_task
  File "/Users/lazytrot/work/uvicorn-rs/.venv/lib/python3.12/site-packages/uvicorn_rs/server.py", line 69, in serve
    await asyncio.shield(native_task)
  File "/Users/lazytrot/work/uvicorn-rs/.venv/lib/python3.12/site-packages/uvicorn_rs/_bridge.py", line 16, in invoke
    await app(scope, receive, send)
  File "/Users/lazytrot/work/uvicorn-rs/tests/parity/app.py", line 225, in _app_impl
    raise RuntimeError("parity exception after shutdown.complete sentinel")
RuntimeError: parity exception after shutdown.complete sentinel

PASS lifespan-state-copy-rehash: lifespan.state-shallow-copy-does-not-rehash-keys
--- uvicorn server log ---
/Users/lazytrot/work/uvicorn-rs/.venv/lib/python3.12/site-packages/uvicorn/protocols/websockets/websockets_impl.py:41: UvicornDeprecationWarning: The `websockets` implementation is deprecated, and `--ws websockets` will point at the `websockets-sansio` implementation in a future release. Use `--ws websockets-sansio` or `--ws auto` to switch now.
  warnings.warn(

{
  "status": "completed",
  "summary": {
    "selected": 225,
    "executed": 225,
    "passed": 225,
    "failed": 0,
    "not_run": 0,
    "infrastructure_failed": 0
  },
  "result": "target/asgi-parity/result.json"
}
